<?xml version="1.0"?>
<!DOCTYPE beans PUBLIC "-//SPRING//DTD BEAN//EN" "http://www.springframework.org/dtd/spring-beans.dtd">
<beans>
	<bean id="simpleUrlMapping"
		class="org.springframework.web.servlet.handler.SimpleUrlHandlerMapping">
		<property name="mappings">
			<props>
				<prop key="/swf.BDOFactor">LogOnFormController</prop>
				<prop key="/GateWay.BDOFactor">BDOFactorController</prop>
				<prop key="/login.BDOFactor">LogOnFormController</prop>
				<prop key="/dishonoredChecks.BDOFactor">LogOnFormController</prop>
				<prop key="/collections.BDOFactor">LogOnFormController</prop>
				<prop key="/creditNotes.BDOFactor">LogOnFormController</prop>
				<prop key="/pdc.BDOFactor">LogOnFormController</prop>
				<prop key="/accountOfficer.BDOFactor">LogOnFormController</prop>
				<prop key="/serviceOfficer.BDOFactor">LogOnFormController</prop>
				<prop key="/bank.BDOFactor">LogOnFormController</prop>
				<prop key="/checkType.BDOFactor">LogOnFormController</prop>
				<prop key="/cnType.BDOFactor">LogOnFormController</prop>
				<prop key="/currency.BDOFactor">LogOnFormController</prop>
				<prop key="/group.BDOFactor">LogOnFormController</prop>
				<prop key="/industry.BDOFactor">LogOnFormController</prop>
				<prop key="/holiday.BDOFactor">LogOnFormController</prop>
				<prop key="/adjustment-type.BDOFactor">LogOnFormController</prop>
				<prop key="/invoiceProcess.BDOFactor">LogOnFormController</prop>
				<prop key="/branch.BDOFactor">LogOnFormController</prop>
				<prop key="/audit.BDOFactor">LogOnFormController</prop>
				<prop key="/initialize.BDOFactor">LogOnFormController</prop>
				<prop key="/systemSettings.BDOFactor">LogOnFormController</prop>
				<prop key="/changePass.BDOFactor">LogOnFormController</prop>
				<prop key="/advances.BDOFactor">LogOnFormController</prop>
				<prop key="/reportView.BDOFactor">reportController</prop>
				<prop key="/reportPDF.BDOFactor">reportController</prop>
				<prop key="/auditReport.BDOFactor">reportController</prop>
				<prop key="/report.BDOFactor">reportController</prop>
				<!-- <prop key="/main.BDOFactor">reportController</prop> -->
				<prop key="/invoice.BDOFactor">reportController</prop>
				<prop key="/adjustment.BDOFactor">LogOnFormController</prop>
				<prop key="/docStamp.BDOFactor">LogOnFormController</prop>

				<prop key="/custStmtOfAcct.BDOFactor">reportController</prop>
				<prop key="/monthlyCharges.BDOFactor">reportController</prop>
				<prop key="/exportXLS.BDOFactor">reportController</prop>
				<prop key="/exportPDF.BDOFactor">reportController</prop>
				<!-- added by: m.gonzalez start -->
				<prop key="/clientmaster.BDOFactor">LogOnFormController</prop>
				<prop key="/discount-charge.BDOFactor">LogOnFormController</prop>
				<prop key="/schedule-receipt.BDOFactor">LogOnFormController</prop>
				<prop key="/schedule-invoice.BDOFactor">LogOnFormController</prop>
				<prop key="/schedule-creditnote.BDOFactor">LogOnFormController</prop>
				<prop key="/client-listing.BDOFactor">LogOnFormController</prop>
				<prop key="/customer-listing.BDOFactor">LogOnFormController</prop>
				<prop key="/client-customer-listing.BDOFactor">LogOnFormController</prop>
				<prop key="/client-ac-status.BDOFactor">LogOnFormController</prop>
				<prop key="/blr-inquiry.BDOFactor">LogOnFormController</prop>
				<prop key="/customer.BDOFactor">LogOnFormController</prop>
				<prop key="/clientmaster-main.BDOFactor">LogOnFormController</prop>
				<!-- added by: m.gonzalez end -->

				<!-- add by jeffpogi and jeffguwapo -->
				<prop key="/main.BDOFactor">LogOnFormController</prop>
				<prop key="/monthEnd.BDOFactor">LogOnFormController</prop>
				<prop key="/refund.BDOFactor">LogOnFormController</prop>
				<prop key="/dayEnd.BDOFactor">LogOnFormController</prop>
				<prop key="/repTable.BDOFactor">LogOnFormController</prop>
				<prop key="/yearEnd.BDOFactor">LogOnFormController</prop>
				<prop key="/notAllowed.BDOFactor">LogOnFormController</prop>
				<prop key="/classReference.BDOFactor">LogOnFormController</prop>
				<prop key="/moduleReference.BDOFactor">LogOnFormController</prop>
				<prop key="/receiptsMain.BDOFactor">LogOnFormController</prop>
				<prop key="/roleModuleDefinition2.BDOFactor">LogOnFormController</prop>
				<prop key="/moduleClassesDefinition.BDOFactor">LogOnFormController</prop>
				<prop key="/roleReference.BDOFactor">LogOnFormController</prop>
				<prop key="/popReport.BDOFactor">reportController</prop>
				<prop key="/parameterSettings.BDOFactor">LogOnFormController</prop>
				<prop key="/activateAccount.BDOFactor">LogOnFormController</prop>
				<prop key="/pdo.BDOFactor">LogOnFormController</prop>

				<!-- ADDED FOR ACCOUNTING MODULE -->
				<prop key="/acctgAdj.BDOFactor">LogOnFormController</prop>
				<prop key="/acctgDis.BDOFactor">LogOnFormController</prop>
				<prop key="/accPayments.BDOFactor">LogOnFormController</prop>
				<prop key="/accEntries.BDOFactor">LogOnFormController</prop>
				<prop key="/accReports.BDOFactor">LogOnFormController</prop>
				<prop key="/postAdv.BDOFactor">LogOnFormController</prop>
				<prop key="/postRef.BDOFactor">LogOnFormController</prop>
				<prop key="/postRec.BDOFactor">LogOnFormController</prop>
				<prop key="/postRec.BDOFactor">LogOnFormController</prop>
				<prop key="/icbsUpload.BDOFactor">LogOnFormController</prop>
				<prop key="/chartAccount.BDOFactor">LogOnFormController</prop>
				<prop key="/penChg.BDOFactor">LogOnFormController</prop>
				<prop key="/CCenter.BDOFactor">LogOnFormController</prop>

				<!-- added by Cherrie -->
				<prop key="/password.BDOFactor">LogOnFormController</prop>
				<!-- end -->
				<prop key="/testPage.BDOFactor">LogOnFormController</prop>
				<prop key="/pStatus.BDOFactor">reportController</prop>

				<!-- ##add here: Accounting Module Reports PDF-SWF jgt February 10, 2012 -->
				<!--Subledger Module Report (Daily Balances) jgt -->
				<prop key="/subledgerReportView.BDOFactor">AcctgReportController</prop>
				<prop key="/subledgerReport.BDOFactor">AcctgReportController</prop>
				<prop key="/AccountingSubledgerReport.BDOFactor">AcctgReportController</prop>
				<!--Daily Balances Module Report (Daily Balances) jgt -->
				<prop key="/dailyBal.BDOFactor">AcctgReportController</prop>
				<prop key="/dailyBalReport.BDOFactor">AcctgReportController</prop>
				<prop key="/AccountingDailyBalanceReport.BDOFactor">AcctgReportController</prop>
				<prop key="/accountingGetDailyBalanceReport.BDOFactor">AcctgReportController</prop>
				<!--Disbursement Module Report (Daily Balances) jgt -->
				<prop key="/disbursement.BDOFactor">AcctgReportController</prop>
				<prop key="/disbursementReportViewHandler.BDOFactor">AcctgReportController</prop>
				<prop key="/disbursementGetReportHandler.BDOFactor">AcctgReportController</prop>
				<!--Payment Module Report (Daily Balances) jgt -->
				<prop key="/payment.BDOFactor">AcctgReportController</prop>
				<prop key="/accountingPaymentReportHandler.BDOFactor">AcctgReportController</prop>
				<prop key="/accountingGetPaymentReport.BDOFactor">AcctgReportController</prop>
				<!--Transaction INterface Report Module Report (Daily Balances) jgt -->
				<prop key="/transactionInterfaceReport.BDOFactor">AcctgReportController</prop>
				<prop key="/accountingGettransactionInterfaceReport.BDOFactor">AcctgReportController</prop>
				<!--ICBS GL Upload Module Report (Daily Balances) jgt -->
				<prop key="/icbsUpload.BDOFactor">AcctgReportController</prop>
				<prop key="/accountingICBSGLCodeExporter.BDOFactor">AcctgReportController</prop>
				<!--Adjustment Module Report (Daily Balances) jgt -->
				<prop key="/repadjustment.BDOFactor">AcctgReportController</prop>
				<prop key="/accountingGetAdjustmentReport.BDOFactor">AcctgReportController</prop>
				<!--Penalty Charges Module Report (Daily Balances) jgt -->
				<prop key="/repPenaltyCharges.BDOFactor">AcctgReportController</prop>
				<prop key="/accountingGetPenaltyChargesReport.BDOFactor">AcctgReportController</prop>
				<prop key="/accountingGetPenaltyChargesReportHandler.BDOFactor">AcctgReportController</prop>
				<!--Adjustment Per Detail Interface Module Report (Daily Balances) jgt -->
				<prop key="/accountingGetAdjustmentPerDetailInINterfaceReport.BDOFactor">AcctgReportController</prop>
				<!--Disbursement Module Report (Daily Balances) jgt -->
				<prop
					key="/accountingGetDisbursementPerDetailInInterfaceReport.BDOFactor">AcctgReportController</prop>
				<!--Payment Per Detail Interface Module Report (Daily Balances) jgt -->
				<prop key="/accountingGetPaymentPerDetailInInterfaceReport.BDOFactor">AcctgReportController</prop>
				<!--FAMS CHART OF ACCOUNTS Report jgt -->
				<prop key="/accountingGetFAMSReport.BDOFactor">AcctgReportController</prop>

				<!-- ##end here: Accounting Module jgt -->
				<!-- ## end add here -->

			</props>
		</property>
	</bean>

	<bean id="BDOFactorController" class="com.bdo.factor.controller.BDOFactorController"
		init-method="init" />

	<bean id="LogOnFormController" class="com.bdo.factor.controller.LogOnFormController">
		<property name="methodNameResolver" ref="logOnFormControllerResolver" />
	</bean>

	<bean id="logOnFormControllerResolver"
		class="org.springframework.web.servlet.mvc.multiaction.PropertiesMethodNameResolver">
		<property name="mappings">
			<props>
				<prop key="/dishonoredChecks.BDOFactor">dishonoredChecksHandler</prop>
				<prop key="/collections.BDOFactor">collectionsHandler</prop>
				<prop key="/creditNotes.BDOFactor">creditNotesHandler</prop>
				<prop key="/pdc.BDOFactor">pdcHandler</prop>
				<prop key="/accountOfficer.BDOFactor">accountOfficerHandler</prop>
				<prop key="/serviceOfficer.BDOFactor">serviceOfficerHandler</prop>
				<prop key="/bank.BDOFactor">bankHandler</prop>
				<prop key="/checkType.BDOFactor">checkTypeHandler</prop>
				<prop key="/cnType.BDOFactor">cnTypeHandler</prop>
				<prop key="/currency.BDOFactor">currencyHandler</prop>
				<prop key="/group.BDOFactor">groupHandler</prop>
				<prop key="/industry.BDOFactor">industryHandler</prop>
				<prop key="/invoiceProcess.BDOFactor">invoiceProcessHandler</prop>
				<prop key="/holiday.BDOFactor">holidayHandler</prop>
				<prop key="/login.BDOFactor">logInHandler</prop>
				<prop key="/adjustment-type.BDOFactor">adjustmentTypeHandler</prop>
				<prop key="/branch.BDOFactor">branchHandler</prop>
				<prop key="/initialize.BDOFactor">initializeHandler</prop>
				<prop key="/systemSettings.BDOFactor">settingsHandler</prop>
				<prop key="/changePass.BDOFactor">settingsHandler</prop>
				<prop key="/advances.BDOFactor">advancesHandler</prop>
				<prop key="/main.BDOFactor">mainHandler</prop>
				<prop key="/adjustment.BDOFactor">adjustmentHandler</prop>
				<prop key="/docStamp.BDOFactor">docStampHandler</prop>

				<!-- added by: m.gonzalez start -->
				<prop key="/clientmaster.BDOFactor">clientMasterHandler</prop>
				<prop key="/schedule-receipt.BDOFactor">scheduleReceiptHandler</prop>
				<prop key="/schedule-invoice.BDOFactor">scheduleInvoiceHandler</prop>
				<prop key="/schedule-creditnote.BDOFactor">scheduleCreditNoteHandler</prop>
				<prop key="/discount-charge.BDOFactor">discountChargeHandler</prop>
				<prop key="/client-listing.BDOFactor">clientListingHandler</prop>
				<prop key="/customer-listing.BDOFactor">customerListingHandler</prop>
				<prop key="/client-customer-listing.BDOFactor">clientCustomerListingHandler</prop>
				<prop key="/client-ac-status.BDOFactor">clientACStatusHandler</prop>
				<prop key="/blr-inquiry.BDOFactor">blrInquiryHandler</prop>
				<prop key="/customer.BDOFactor">customerHandler</prop>
				<prop key="/clientmaster-main.BDOFactor">clientMasterMainHandler</prop>
				<!-- added by: m.gonzalez end -->

				<prop key="/monthEnd.BDOFactor">monthEndHandler</prop>
				<prop key="/refund.BDOFactor">refundHandler</prop>
				<prop key="/dayEnd.BDOFactor">dayEndHandler</prop>
				<prop key="/repTable.BDOFactor">repTableHandler</prop>
				<prop key="/yearEnd.BDOFactor">yearEndHandler</prop>
				<prop key="/notAllowed.BDOFactor">notAllowedHandler</prop>
				<prop key="/classReference.BDOFactor">settingsHandler</prop>
				<prop key="/moduleReference.BDOFactor">settingsHandler</prop>
				<prop key="/receiptsMain.BDOFactor">collectionsHandler</prop>
				<prop key="/roleModuleDefinition2.BDOFactor">settingsHandler</prop>
				<prop key="/moduleClassesDefinition.BDOFactor">settingsHandler</prop>
				<prop key="/roleReference.BDOFactor">settingsHandler</prop>
				<prop key="/audit.BDOFactor">auditHandler</prop>
				<prop key="/parameterSettings.BDOFactor">settingsHandler</prop>
				<prop key="/activateAccount.BDOFactor">activateAccountHandler</prop>

				<prop key="/pdo.BDOFactor">pdoHandler</prop>

				<!-- ADDED FOR ACCOUNTING MODULE -->
				<prop key="/acctgAdj.BDOFactor">AccountingAdjusmentHandler</prop>
				<prop key="/acctgDis.BDOFactor">AccountingDisbursementHandler</prop>
				<prop key="/accPayments.BDOFactor">AccountingPaymentHandler</prop>
				<prop key="/accEntries.BDOFactor">AccountingEntriesHandler</prop>
				<prop key="/accReports.BDOFactor">AccountingReportsHandler</prop>
				<prop key="/postAdv.BDOFactor">PostAdvancesHandler</prop>
				<prop key="/postRef.BDOFactor">PostRefundHandler</prop>
				<prop key="/postRec.BDOFactor">PostReceiptHandler</prop>

				<prop key="/penChg.BDOFactor">PenChargeHandler</prop>
				<prop key="/chartAccount.BDOFactor">chartAccountHandler</prop>
				<prop key="/CCenter.BDOFactor">CostCenterHandler</prop>

				<prop key="/icbsUpload.BDOFactor">ICBSUploadHandler</prop>

				<prop key="/swf.BDOFactor">reportPageHandler</prop>

				<prop key="/testPage.BDOFactor">testPageHandler</prop>
			</props>
		</property>
	</bean>

	<!-- Added by: Roldan Somontina -Used for BDOFactor Reporting -Date added: 
		May 12, 2009 -->
	<bean id="reportController" class="com.bdo.factor.controller.ReportController">
		<property name="methodNameResolver" ref="reportControllerResolver" />
	</bean>

	<bean id="reportControllerResolver"
		class="org.springframework.web.servlet.mvc.multiaction.PropertiesMethodNameResolver">
		<property name="mappings">
			<props>
				<prop key="/reportPDF.BDOFactor">reportPDF</prop>
				<prop key="/reportView.BDOFactor">reportViewHandler</prop>
				<prop key="/auditReport.BDOFactor">auditHandler</prop>
				<prop key="/report.BDOFactor">reportHandler</prop>
				<prop key="/invoice.BDOFactor">invoiceHandler</prop>
				<prop key="/popReport.BDOFactor">reportViewHandler</prop>
				<prop key="/exportXLS.BDOFactor">exportXLSHandler</prop>
				<prop key="/exportPDF.BDOFactor">exportHTMLHandler</prop>
				<prop key="/exportPDF2.BDOFactor">exportPDFHandler</prop>
				<prop key="/pStatus.BDOFactor">getStatus</prop>
			</props>
		</property>
	</bean>

	<!-- ##add here : jgt, February 10, 2012 Accounting Report -->
	<bean id="AcctgReportController" class="com.bdo.factor.controller.AcctgReportController">
		<property name="methodNameResolver" ref="acctgReportControllerResolver" />
	</bean>

	<bean id="acctgReportControllerResolver"
		class="org.springframework.web.servlet.mvc.multiaction.PropertiesMethodNameResolver">
		<property name="mappings">
			<props>
				<!-- ACCOUNTING MODULE HANDLER -->
				<!--SUBLEDGER -->
				<prop key="/subledgerReportView.BDOFactor">subledgerReportViewHandler</prop>
				<prop key="/subledgerReport.BDOFactor">subLedgerReportMV</prop>
				<prop key="/AccountingSubledgerReport.BDOFactor">accountingSubledgerReportHandler</prop>
				<!--DAILY BALANCE -->
				<prop key="/dailyBal.BDOFactor">dailyBalanceReportViewHandler</prop>
				<prop key="/dailyBalReport.BDOFactor">dailyBalanceReport</prop>
				<prop key="/accountingGetDailyBalanceReport.BDOFactor">accountingDailyBalanceReportHandler</prop>
				<!--DISBURSEMENT -->
				<prop key="/disbursement.BDOFactor">disbursementReportViewHandler</prop>
				<prop key="/disbursementReportViewHandler.BDOFactor">disbursementReport</prop>
				<prop key="/disbursementGetReportHandler.BDOFactor">accountingDisbursementReportHandler</prop>
				<!--PAYMENT -->
				<prop key="/payment.BDOFactor">paymentReportViewHandler</prop>
				<prop key="/accountingPaymentReportHandler.BDOFactor">paymentReport</prop>
				<prop key="/accountingGetPaymentReport.BDOFactor">accountingPaymentReportHandler</prop>
				<!--TRANSACTION INTERFACE REPORT -->
				<prop key="/transactionInterfaceReport.BDOFactor">transactionInterfaceReportViewHandler</prop>
				<prop key="/accountingGettransactionInterfaceReport.BDOFactor">accountingtransactionInterfaceReportHandler</prop>
				<!--ICBS GL UPLOAD -->
				<prop key="/icbsUpload.BDOFactor">icbsGLUploadReportViewHandler</prop>
				<prop key="/accountingICBSGLCodeExporter.BDOFactor">accountingtransactionICBSGLUploadHandler</prop>
				<!--ADJUSTMENT -->
				<prop key="/repadjustment.BDOFactor">adjustmentReportViewHandler</prop>
				<prop key="/accountingGetAdjustmentReport.BDOFactor">accountingAdjustmentReportHandler</prop>
				<!--PENALTY CHARGES -->
				<prop key="/repPenaltyCharges.BDOFactor">penaltyChargesReportViewHandler</prop>
				<prop key="/accountingGetPenaltyChargesReport.BDOFactor">accountingGetPenaltyChargesReportHandler</prop>
				<!-- ADJUSTMENT PER DETAIL IN INTERFACE REPORT -->
				<prop key="/accountingGetAdjustmentPerDetailInINterfaceReport.BDOFactor">accountingGetAdjustmentPerDetailInInterfaceHandler</prop>
				<!-- DISBURSEMENT PER DETAIL IN INTERFACE REPORT -->
				<prop
					key="/accountingGetDisbursementPerDetailInInterfaceReport.BDOFactor">accountingGetDisbursementPerDetailInInterfaceHandler</prop>
				<!-- PAYMENT PER DETAIL IN INTERFACE REPORT -->
				<prop key="/accountingGetPaymentPerDetailInInterfaceReport.BDOFactor">accountingGetPaymentPerDetailInInterfaceHandler</prop>
				<!--FAMS CHART OF ACCOUNTS Report March 23, 2012 -->
				<prop key="/accountingGetFAMSReport.BDOFactor">famsChartOfAccountsHandler</prop>
			</props>
		</property>
	</bean>

	<!-- ##end of bean reporting -->

	<bean id="viewResolver"
		class="org.springframework.web.servlet.view.InternalResourceViewResolver">
		<property name="prefix" value="/WEB-INF/jsp/" />
		<property name="suffix" value=".jsp" />
	</bean>
</beans>
   