<?xml version="1.0" encoding="ISO-8859-1" ?>
<!DOCTYPE tiles-definitions PUBLIC
"-//Apache Software Foundation//DTD Tiles Configuration 1.1//EN"
"http://jakarta.apache.org/struts/dtds/tiles-config_1_1.dtd">
<tiles-definitions>
	<definition name="mainLayout" path="/jqGrid/layout1.jsp">
		<put name="title" type="string" value="Sample Page" />
		<put name="header" value="/jqGrid/header.jsp" />
		<put name="menu" value="/jqGrid/menu.jsp" />
		<put name="body" value="" />
		<put name="footer" value="/jqGrid/footer.jsp" />
	</definition>

	<definition name="group.page" extends=".mainLayout">
		<put name="title" type="string" value="Group Maintenance" />
		<put name="body" value="/jqGrid/group.html" />
	</definition>

	<definition name="checkType.page" extends=".mainLayout">
		<put name="title" type="string" value="Check Type Maintenance" />
		<put name="body" value="/jqGrid/checkType.html" />
	</definition>

</tiles-definitions>