<?xml version="1.0" encoding="UTF-8" ?>
<!DOCTYPE sqlMap PUBLIC "-//ibatis.apache.org//DTD SQL Map 2.0//EN"	"http://ibatis.apache.org/dtd/sql-map-2.dtd">

<sqlMap namespace="AccountingMaintenance">

	<!-- CHART OF ACCOUNT -->
	<select id="countChartOfAccount" resultClass="java.lang.String">
		SELECT count(*)
		FROM ChartOfAccounts
	</select>

	<select id="getChartOfAccount" resultClass="java.util.HashMap">
		SELECT [C_ICBSGLCode]
		,[C_AccountName]
		,[C_Description]
		,[N_CostCenter]
		,[C_BranchCode]
		,CASE
		WHEN C_NBalance='81' THEN 'Debit'
		ELSE 'Credit' END
		AS [C_NBalance]
		FROM
		[ChartOfAccounts]
		ORDER BY c_icbsglcode
	</select>


	<select id="getChart" resultClass="java.util.HashMap">
		SELECT * FROM ChartOfAccounts
		WHERE C_ICBSGLCode = #N_ID#
	</select>

	<insert id="addChartOfAccount">
		INSERT INTO chartOfAccounts
		(C_AccountName
		,C_ICBSGLCode
		,C_Description
		,N_CostCenter
		,C_BranchCode
		,C_NBalance)
		VALUES(
		#GLName#
		,#GLCode#
		,#Description#
		,#CostCenter#
		,#C_BranchCode#
		,#NBalance#)

	</insert>

	<update id="editChartOfAccount">
		UPDATE chartOfAccounts SET C_AccountName=#GLName#,
		C_Description=#Description#,
		N_CostCenter=#CostCenter#,C_NBalance=#NBalance# WHERE C_ICBSGLCode =
		#GLCode#
	</update>

	<delete id="deleteChartOfAccount">
		DELETE chartOfAccounts WHERE C_ICBSGLCode = #GLCode#
	</delete>

	<select id="getChartList" resultClass="java.util.HashMap">
		SELECT
		c_icbsglcode,c_accountname FROM chartOfAccounts
	</select>

	<select id="getGLList" resultClass="java.lang.String">
		SELECT c_icbsglcode FROM
		chartofaccounts
	</select>

	<select id="getAmount" resultClass="java.lang.Double">
		<!-- SELECT ISNULL(ISNULL(sum(N_DEBIT),0)-ISNULL(sum(n_credit),0),0) FROM 
			subledger WHERE c_glcode=#GLCode# -->
		SELECT ISNULL(SUM(ISNULL(n_debit,0))-SUM(ISNULL(n_credit,0)),0)
		FROM
		subheader sh INNER JOIN subledger sl
		ON
		sh.n_transactionno=sl.n_transactionno WHERE sh.d_cancelleddate IS NULL
		AND sl.c_glcode=#GLCode#
	</select>

	<select id="checkGLDuplicate" resultClass="java.util.List">
		SELECT c_ICBSglcode
		FROM chartOfAccounts WHERE c_ICBSglcode=#glcode#
	</select>

	<!-- COST CENTER -->
	<select id="countCostCenter" resultClass="java.lang.String">
		SELECT count(*) FROM
		costcenter
	</select>

	<select id="getCostCenter" resultClass="java.util.HashMap">
		SELECT * FROM costcenter
	</select>

	<update id="addCostCenter">
		INSERT INTO costcenter
		(N_CODE
		,C_DESCRIPTION)
		VALUES
		(#N_CODE#
		,#C_DESCRIPTION#)
	</update>

	<update id="editCostCenter">
		UPDATE costcenter set C_DESCRIPTION=#C_DESCRIPTION#
		WHERE n_code=#N_CODE#
	</update>

	<delete id="deleteCostCenter">
		DELETE costcenter where n_code=#N_CODE#
	</delete>

	<select id="getCostCenterList" resultClass="java.util.HashMap">
		SELECT n_code FROM
		costcenter
	</select>

	<select id="checkCostCenterDuplicate" resultClass="java.util.List">
		SELECT N_CODE
		FROM costcenter WHERE N_CODE=#N_CODE#
	</select>

	<!-- PENALTY CHARGE -->
	<select id="countPenaltyCharge" resultClass="java.lang.String">
		select count(*) from
		PenaltyRate
	</select>

	<select id="getPenaltyCharge" resultClass="java.util.HashMap">
		select * from
		PenaltyRate
	</select>

	<insert id="addPenalty">
		INSERT INTO PenaltyRate
		(N_RATE
		,D_TRANSACTIONDATE
		,C_USERID
		,C_BRANCHCODE)
		VALUES
		(#N_RATE#
		,(select [currentdate] FROM
		[factorsGetDate]) <!-- before: getDate() -->
		,#C_USERID#
		,#C_BRANCHCODE#)
	</insert>

	<!--ACCOUNTING UTIL -->
	<select id="getClientCode" resultClass="java.lang.Long">
		select c_clntcode from
		dbcif.dbo.client where c_name=#C_NAME#
	</select>

	<update id="saveTransactionRate">

		INSERT INTO TransactionRates
		([D_TransactionDate]
		,[C_ClientCode]
		,[N_RefNo]
		,[C_Type]
		,[N_DiscountCharge]
		,[N_BaseLendingRate]
		,[N_ServiceCharge]
		,[N_PenaltyCharge])
		VALUES
		(#D_TransactionDate#
		,#C_ClientCode#
		,#N_RefNo#
		,#C_Type#
		,#N_DiscountCharge#
		,#N_BaseLendingRate#
		,#N_ServiceCharge#
		,#N_PenaltyCharge#)
	</update>



</sqlMap>