<?xml version="1.0" encoding="UTF-8" ?>
<!DOCTYPE sqlMap PUBLIC "-//ibatis.apache.org//DTD SQL Map 2.0//EN"	"http://ibatis.apache.org/dtd/sql-map-2.dtd">

<sqlMap namespace="Factors">



	<select id="searchAccountOfficer" resultClass="java.util.HashMap">

		SELECT C_BRANCHCODE, C_ACCTOFFICERCODE, C_ACCTOFFICERCODE AS
		C_ACCTOFFICERCODE_ORIG, C_NAME
		FROM (SELECT COUNT(*) AS rn,
		h1.C_BRANCHCODE, h1.C_ACCTOFFICERCODE,
		h1.C_NAME
		FROM
		(SELECT
		C_BRANCHCODE, C_ACCTOFFICERCODE, C_NAME,
		tblkey = (C_BRANCHCODE +
		C_ACCTOFFICERCODE)
		FROM AccountOfficer
		WHERE C_BRANCHCODE =
		#C_BRANCHCODE#
		)h1

		INNER JOIN AccountOfficer h2
		ON h1.tblkey &lt;=
		(h2.C_BRANCHCODE + h2.C_ACCTOFFICERCODE) AND
		h2.C_BRANCHCODE =
		#C_BRANCHCODE#
		GROUP BY h1.C_BRANCHCODE, h1.C_ACCTOFFICERCODE,
		h1.C_NAME

		)DERIVEDTBL

		WHERE
		(rn BETWEEN #start# AND #end#)

		<!-- select *,C_BRANCHCODE as C_BRANCHCODE_ORIG,C_ACCTOFFICERCODE as C_ACCTOFFICERCODE_ORIG 
			from (select *,(select count(*) from AccountOfficer a2 where a2.C_ACCTOFFICERCODE 
			&lt;= a.C_ACCTOFFICERCODE) as rn from AccountOfficer a) DERIVEDTBL -->
		<!-- where rn between #start# and #end# -->
		<!-- and C_BRANCHCODE = #C_BRANCHCODE# -->

	</select>

	<select id="searchAccountOfficerByAOCode" resultClass="java.util.ArrayList">
		SELECT *
		from AccountOfficer
		where C_ACCTOFFICERCODE = #C_ACCTOFFICERCODE#
	</select>

	<select id="searchAccountOfficerByCode" resultClass="java.util.ArrayList">
		SELECT *
		from AccountOfficer
		where C_ACCTOFFICERCODE = #C_ACCTOFFICERCODE#
		and
		C_BRANCHCODE = #C_BRANCHCODE#
	</select>

	<update id="addAccountOfficer" parameterClass="java.util.HashMap">

		insert into
		AccountOfficer (
		C_BRANCHCODE,
		C_ACCTOFFICERCODE,
		C_NAME
		)
		values (
		#C_BRANCHCODE#,
		#C_ACCTOFFICERCODE#,
		#C_NAME#
		)

	</update>


	<update id="updateAccountOfficer" parameterClass="java.util.HashMap">

		update
		AccountOfficer
		set
		C_BRANCHCODE=#C_BRANCHCODE#,
		C_NAME=#C_NAME#

		where
		C_BRANCHCODE = #C_BRANCHCODE#
		and
		C_ACCTOFFICERCODE=#C_ACCTOFFICERCODE_ORIG#

	</update>


	<update id="deleteAccountOfficer" parameterClass="java.util.HashMap">
		delete from
		AccountOfficer where C_BRANCHCODE = #C_BRANCHCODE_ORIG#
		and
		C_ACCTOFFICERCODE=#C_ACCTOFFICERCODE_ORIG#
	</update>

	<select id="getTotalRecordsAccountOfficer" resultClass="java.lang.String">
		select
		count(*) from AccountOfficer
		WHERE C_BRANCHCODE = #C_BRANCHCODE#
	</select>

	<select id="searchAccountOfficerAutoComplete" resultClass="java.util.HashMap">
		select C_NAME from AccountOfficer

		<dynamic prepend="Where">

			<isNotEmpty property="C_BRANCHCODE" prepend="And">
				C_BRANCHCODE =
				#C_BRANCHCODE#
			</isNotEmpty>

			<!-- <isNotEmpty property="q" prepend="And"> C_INDNAME like '$q$%' </isNotEmpty> -->
		</dynamic>

	</select>


	<select id="searchAccountOfficerResolveToCode" resultClass="java.lang.String">
		select C_ACCTOFFICERCODE from AccountOfficer
		where C_NAME =
		#C_ACCTOFFICERCODE#
	</select>

	<select id="searchAccountOfficerResolveToBranchCode"
		resultClass="java.lang.String">
		select C_BRANCHCODE from AccountOfficer
		where C_NAME =
		#C_ACCTOFFICERCODE#
	</select>

	<select id="searchAccountOfficerResolveToDesc" resultClass="java.lang.String">
		select C_NAME from AccountOfficer
		where C_ACCTOFFICERCODE =
		#C_ACCTOFFICERCODE#
	</select>

	<select id="getAccountOfficerByCode" resultClass="com.bdo.factor.beans.AccountOfficer">
		SELECT * from
		AccountOfficer
		where C_ACCTOFFICERCODE = #C_ACCTOFFICERCODE#
	</select>


</sqlMap>