<?xml version="1.0" encoding="UTF-8" ?>
<!DOCTYPE sqlMap PUBLIC "-//ibatis.apache.org//DTD SQL Map 2.0//EN"	"http://ibatis.apache.org/dtd/sql-map-2.dtd">

<sqlMap namespace="Factors">


	<select id="getListActivityLog" parameterClass="java.util.Map"
		resultClass="com.bdo.factor.beans.ReportField">

		<!-- CALL sp_LIST_ACTIVITY_LOG(#whereClause#) -->
		SELECT
		N_LOGID as logId,
		CONVERT(NVARCHAR,D_LOGDATE,101) as
		transactionDate,
		C_LOGTIME as logTime,
		C_USERID as userId,
		C_IP_ADDRESS
		as ipAddress,
		C_DETAIL as details,
		C_BRANCHCODE as branchCode,
		currentDate = (select currentdate from factorsGetDate)
		FROM
		ActivityLog
		WHERE
		CAST(CONVERT(NVARCHAR,ActivityLog.D_LOGDATE,101) AS
		SMALLDATETIME) between #startDate# and #endDate#
		<isEqual prepend="AND" compareProperty="filterField"
			compareValue="2">
			branchcode = #fieldValue#
		</isEqual>
		<isEqual prepend="AND" compareProperty="filterField"
			compareValue="3">
			userid = #fieldValue#
		</isEqual>

	</select>

	<insert id="doInsertActivityLog" parameterClass="java.util.Map">
		INSERT INTO
		ActivityLog
		(D_LOGDATE ,C_LOGTIME,
		C_USERID ,C_IP_ADDRESS,
		C_DETAIL
		,C_BRANCHCODE)
		VALUES
		(CONVERT(NVARCHAR,(select [currentdate] FROM
		factorsGetDate),101), CONVERT(NVARCHAR,(select
		[currentdate] FROM
		[factorsGetDate]),114),
		#userId#, #ipAddress#,
		#details#, #branchCode#)
	</insert>
</sqlMap>