<?xml version="1.0" encoding="UTF-8" ?>
<!DOCTYPE sqlMap PUBLIC "-//ibatis.apache.org//DTD SQL Map 2.0//EN"	"http://ibatis.apache.org/dtd/sql-map-2.dtd">

<sqlMap namespace="AdjustmentType">

	<!--- Inserting data in table insert into AdjustmentType -->
	<update id="addAdjustmentType" parameterClass="java.util.Map">
		insert into
		ADJUSTMENTTYPE (C_ADJCODE, C_ADJDESC, C_ADJREC, C_ADJRES,
		C_ADJFIU,
		C_ADJFIUBAL,B_INCLUDED,C_DEBIT,C_GLCODE)
		values (#C_ADJCODE#,
		#C_ADJDESC#, #C_ADJREC#, #C_ADJRES#, #C_ADJFIU#,
		#C_ADJFIUBAL#,#B_INCLUDED#,#C_DEBIT#,#C_ACCOUNTNAME#)
	</update>

	<update id="addAdjustment" parameterClass="java.util.Map">
		insert into ADJUSTMENT
		(C_BRANCHCODE,D_TRANSACTIONDATE, C_CLNTCODE,
		C_CUSTCODE,C_INVOICENO,
		D_INVOICEDATE, C_ADJCODE, N_AMOUNT, C_MAKER)
		values (#C_BRANCHCODE#,
		#D_TRANSACTIONDATE#, #C_CLNTCODE#,
		#C_CUSTCODE#, #C_INVOICENO#,
		#D_INVOICEDATE#,#C_ADJCODE#,#N_AMOUNT#,#C_MAKER#)
	</update>

	<update id="updateAdjustmentType" parameterClass="java.util.Map">

		update
		ADJUSTMENTTYPE
		set
		C_ADJCODE=#C_ADJCODE_ORIG#,
		C_ADJDESC=#C_ADJDESC#,
		C_ADJREC=#C_ADJREC#,
		C_ADJRES=#C_ADJRES#,
		C_ADJFIU=#C_ADJFIU#,
		C_ADJFIUBAL=#C_ADJFIUBAL#,
		B_INCLUDED=#B_INCLUDED#,
		C_DEBIT=#C_DEBIT#,
		C_GLCODE=#C_ACCOUNTNAME#
		where C_ADJCODE = #C_ADJCODE_ORIG#

	</update>

	<update id="updateAdjustment" parameterClass="java.util.Map">

		update ADJUSTMENT
		set
		D_TRANSACTIONDATE=#D_TRANSACTIONDATE#,
		C_CLNTCODE=#C_CLNTCODE#,
		C_CUSTCODE=#C_CUSTCODE#,
		C_INVOICENO=#C_INVOICENO#,
		D_INVOICEDATE=#D_INVOICEDATE#,
		C_ADJCODE=#C_ADJCODE#,
		N_AMOUNT=#N_AMOUNT#,
		C_MAKER=#C_MAKER#
		where N_REFNO = #N_REFNO#

	</update>

	<update id="updateAdjustmentStatus" parameterClass="java.util.Map">

		update
		ADJUSTMENT set C_STATUS ='2', C_APPROVER=#C_USERID#,
		D_APPROVEDDATE=#D_APPROVEDDATE# where N_REFNO in $N_REFNOS$

	</update>

	<update id="updateAdjustmentToCancel" parameterClass="java.util.Map">

		update
		ADJUSTMENT set C_STATUS ='3',D_CANCELLEDDATE=#D_CANCELLEDDATE# where
		N_REFNO=#N_REFNO#

	</update>

	<delete id="deleteAdjustmentType" parameterClass="java.util.Map">
		delete from
		ADJUSTMENTTYPE
		where C_ADJCODE = #C_ADJCODE_ORIG#
	</delete>

	<select id="searchAdjustmentTypeByCode" resultClass="java.util.HashMap">
		select *
		from [ADJUSTMENTTYPE]
		<dynamic prepend="Where">
			<isNotEmpty property="C_ADJCODE" prepend="And">
				C_ADJCODE =
				#C_ADJCODE#
			</isNotEmpty>

		</dynamic>
	</select>

	<select id="searchAdjustmentType" resultClass="java.util.HashMap">
		<!-- SELECT *,C_ADJCODE as C_ADJCODE_ORIG from -->
		<!-- (SELECT *,(SELECT count(*) from ADJUSTMENTTYPE a2 where a2.C_ADJCODE 
			&lt;= a.C_ADJCODE) as rn from ADJUSTMENTTYPE a) DERIVEDTBL -->
		<!-- where rn between #start# and #end# -->
		<!-- ORDER BY C_ADJCODE -->
		SELECT C_ADJCODE, C_ADJDESC,
		C_ADJREC=CASE c_adjrec when '1' then 'Add'
		when '2' then 'Less' when '3' then 'No
		effect' end,
		C_ADJRES=CASE
		c_adjres when '1' then 'Add' when '2' then 'Less' when '3' then 'No
		effect' end,
		C_ADJFIU=CASE c_adjfiu when '1' then 'Add' when '2' then
		'Less' when '3' then 'No
		effect' end,
		C_ADJFIUBAL=CASE c_adjfiubal when
		'1' then 'Add' when '2' then 'Less' when '3' then
		'No effect' end,
		B_INCLUDED=CASE b_included when '0' then 'No' when '1' then 'Yes' end,
		C_DEBIT=CASE c_debit when '0' then 'No' when '1' then 'Yes' when '2'
		then 'No
		effect' end,
		C_ADJCODE AS C_ADJCODE_ORIG,
		C_GLCODE,
		coa.C_ACCOUNTNAME
		FROM (SELECT *,
		(SELECT COUNT(*)
		FROM ADJUSTMENTTYPE a2
		WHERE a2.C_ADJCODE &lt;= a.C_ADJCODE) AS rn
		FROM ADJUSTMENTTYPE a)
		DERIVEDTBL
		left outer join chartofaccounts coa on
		coa.c_icbsglcode=c_glcode
		WHERE (rn BETWEEN #start# AND #end#)
		ORDER BY
		C_ADJCODE

	</select>

	<select id="searchAdjustment" resultClass="java.util.HashMap">
		SELECT RN, N_REFNO,
		C_BRANCHCODE, CONVERT(varchar(10), D_TRANSACTIONDATE,
		101) AS
		D_TRANSACTIONDATE,
		C_CLNTCODE,
		C_CUSTCODE,C_NAME,C_CUSTNAME,C_INVOICENO,
		CONVERT(varchar(10),D_INVOICEDATE,101) AS D_INVOICEDATE, C_ADJCODE,
		N_AMOUNT,
		CASE C_STATUS WHEN '1' THEN 'Pending' WHEN '2' THEN
		'Approved' ELSE
		'Cancelled' END AS C_STATUS, C_MAKER, C_APPROVER,
		D_APPROVEDDATE
		FROM (SELECT ADJ1.* ,CC1.C_NAME,CC1.C_CUSTNAME, (SELECT
		COUNT(*)
		FROM ADJUSTMENT adj2
		WHERE adj2.N_REFNO &lt;= adj1.N_REFNO) as
		rn
		FROM ADJUSTMENT adj1 LEFT JOIN DBO.CC CC1 ON
		ADJ1.C_CLNTCODE=CC1.C_CLNTCODE AND ADJ1.C_CUSTCODE=CC1.C_CUSTCODE
		WHERE (adj1.C_BRANCHCODE = #C_BRANCHCODE#) ) DERIVEDTBL
		WHERE (RN
		BETWEEN #start# AND #end#)
		ORDER BY N_REFNO DESC

	</select>

	<select id="searchAtypeCodeByName" resultClass="java.lang.String">
		SELECT C_ADJCODE
		from ADJUSTMENTTYPE
		where C_ADJDESC = #C_ADJDESC#
	</select>

	<select id="searchAdjustmentCode" resultClass="java.util.HashMap">
		SELECT
		C_ADJCODE,C_ADJDESC
		from ADJUSTMENTTYPE

	</select>

	<select id="getTotalRecordsAdjustmentType" resultClass="java.lang.String">
		select
		count(*) from ADJUSTMENTTYPE
	</select>

	<select id="getTotalRecordsAdjustment" resultClass="java.lang.String">
		select
		count(*) from ADJUSTMENT
	</select>


	<select id="searchAdjustmentTypeAutoComplete" resultClass="java.util.HashMap">
		select C_ADJDESC from ADJUSTMENTTYPE
		<!-- where C_BANKNAME like '$q$%' -->
	</select>

	<select id="searchInvoiceAutoComplete" resultClass="java.util.HashMap">
		select
		c_invoiceno from invoice where c_clntcode= #C_CLNTCODE# and c_status
		in (2,3,4)
	</select>

	<select id="invoiceValidation" resultClass="java.util.HashMap">
		select c_invoiceno
		from invoice where c_clntcode= #C_CLNTCODE# and c_status
		in (2,3,4) and
		C_INVOICENO= #INVOICENO#
	</select>

	<!-- mogs added -->
	<select id="getAdjustmentList" resultClass="java.util.HashMap">
		select * from
		dbo.getAdjustments(#C_CLNTCODE#,#D_TRANSACTIONDATE#)

	</select>

	<!-- added CVG 05092017 -->
	<update id="updateAdjustmentIRefnoAdvances" parameterClass="java.util.Map"> <!-- updated CVG 072218 -->
		<!-- update Adjustment set I_refno=#N_REFNO# where c_clntcode=#C_CLNTCODE# 
	 	and d_approveddate &lt;=  #D_TRANSACTIONDATE#
		AND c_status='2' AND I_refno is null  -->

		update Adjustment set I_refno = #N_REFNO# where
		c_clntcode=#C_CLNTCODE#
		and d_approveddate between (select max(td) from(
		select td=max(d_transactiondate) from refund where c_clntcode=#C_CLNTCODE#
		and c_status in ('2','4') AND d_transactiondate &lt; (select
		d_transactiondate from advances where n_refno=#N_REFNO#)
		union
		select td=max(d_transactiondate) from advances where c_clntcode=#C_CLNTCODE#
		and c_status in ('2','4') and c_type &lt;&gt; '2' AND
		d_transactiondate &lt; (select d_transactiondate from advances where
		n_refno=#N_REFNO#)
		)a)+1
		and (select d_transactiondate from advances where n_refno=#N_REFNO#) and
		c_status='2' and I_refno is null and D_APPROVEDDATE &gt;= '2017-09-01 00:00:00' <!--date adjustment refund implemented  -->
	</update>

	<update id="updateAdjustmentIRefnoRefund" parameterClass="java.util.Map">  <!-- updated CVG 072218 -->
		<!--old update Adjustment set I_refno = #N_REFNO# where c_clntcode=#C_CLNTCODE#
	 	and d_approveddate &lt;=  #D_TRANSACTIONDATE#
		AND c_status='2' AND I_refno is null  -->
	
		 update Adjustment set I_refno = #N_REFNO# where c_clntcode=#C_CLNTCODE#
		and d_approveddate between (select max(td) from(
		select td=max(d_transactiondate) from refund where c_clntcode=#C_CLNTCODE#
		and c_status in ('2','4') AND d_transactiondate &lt; (select
		d_transactiondate from refund where n_refno=#N_REFNO#)
		union
		select td=max(d_transactiondate) from advances where c_clntcode=#C_CLNTCODE#
		and c_status in ('2','4') and c_type &lt;&gt; '2' AND
		d_transactiondate &lt; (select d_transactiondate from refund where
		n_refno=#N_REFNO#)
		)a)+1
		and (select d_transactiondate from refund where n_refno=#N_REFNO#) and
		c_status='2' and I_refno is null and D_APPROVEDDATE &gt;= '2017-09-01 00:00:00' <!--date adjustment refund implemented  -->
	</update>

	<update id="cancelAdjustmentIRefno" parameterClass="java.util.Map">
		update Adjustment set I_refno =null where
		c_clntcode=#C_CLNTCODE# and
		I_refno=#N_REFNO# and c_status='2'

	</update>
	<!-- end -->

	<select id="tester" resultClass="java.lang.Integer">
		select COUNT(N_REFNO) from Adjustment where  c_clntcode=#C_CLNTCODE#
	</select>

</sqlMap>