<?xml version="1.0" encoding="UTF-8" ?>
<!DOCTYPE sqlMap PUBLIC "-//ibatis.apache.org//DTD SQL Map 2.0//EN"	"http://ibatis.apache.org/dtd/sql-map-2.dtd">

<sqlMap namespace="Factors">
	<select id="getAllAdvances" parameterClass="java.util.HashMap"
		resultClass="java.util.HashMap">
		SELECT DISTINCT Advances.N_REFNO,
		Advances.C_CLNTCODE,dbCIF.dbo.Client.C_NAME AS clientName,
		Advances.N_ADVAMT AS advancesAmount,
		dbCIF.dbo.Client.C_BNKACTNO AS
		bankAccountNo, ServiceOfficer.C_NAME AS serviceOfficer,
		dbCIF.dbo.Client.C_BRANCHCODE,
		Advances.D_TRANSACTIONDATE AS
		transactionDate,Advances.C_TYPE,Advances.C_STATUS
		FROM Advances
		INNER
		JOIN Invoice
		ON Invoice.C_BRANCHCODE = Advances.C_BRANCHCODE AND
		Invoice.N_ADVREFNO =
		Advances.N_REFNO LEFT OUTER JOIN
		dbCIF.dbo.Client
		ON Advances.C_BRANCHCODE = dbCIF.dbo.Client.C_BRANCHCODE AND
		Advances.C_CLNTCODE = dbCIF.dbo.Client.C_CLNTCODE LEFT OUTER JOIN
		ServiceOfficer ON dbCIF.dbo.Client.C_SERVICEOFFICERCODE =
		ServiceOfficer.C_SERVICEOFFICERCODE

		WHERE (Advances.C_TYPE = '1') AND
		(Advances.C_STATUS = '2') AND
		(Advances.C_BRANCHCODE = #branchCode#)
		AND (Advances.D_TRANSACTIONDATE
		BETWEEN
		#startDate# AND #endDate#) AND
		ISNULL(Advances.B_PRINTED,0)=0
		GROUP BY
		Advances.N_REFNO,
		Advances.C_CLNTCODE,dbCIF.dbo.Client.C_NAME,Advances.N_ADVAMT,
		dbCIF.dbo.Client.C_BNKACTNO,
		ServiceOfficer.C_NAME,
		dbCIF.dbo.Client.C_BRANCHCODE, Advances.D_TRANSACTIONDATE,
		Advances.C_TYPE,Advances.C_STATUS
		ORDER BY clientName,transactionDate

	</select>
	<select id="getPerClient" parameterClass="java.util.HashMap"
		resultClass="java.util.List">
		SELECT DISTINCT(Advances.C_CLNTCODE)
		FROM Advances INNER JOIN Invoice
		ON Invoice.C_BRANCHCODE = Advances.C_BRANCHCODE AND Invoice.N_ADVREFNO
		= Advances.N_REFNO LEFT OUTER JOIN
		dbCIF.dbo.Client ON
		Advances.C_BRANCHCODE = dbCIF.dbo.Client.C_BRANCHCODE AND
		Advances.C_CLNTCODE = dbCIF.dbo.Client.C_CLNTCODE LEFT OUTER JOIN
		ServiceOfficer ON dbCIF.dbo.Client.C_SERVICEOFFICERCODE =
		ServiceOfficer.C_SERVICEOFFICERCODE

		WHERE
		(Advances.C_CLNTCODE=#clientCode#) AND (Advances.C_TYPE = '1') AND
		(Advances.C_STATUS = '2') AND (Advances.C_BRANCHCODE = #branchCode#)
		AND (Advances.D_TRANSACTIONDATE BETWEEN
		#startDate# AND #endDate#)
		GROUP BY Advances.N_REFNO,
		Advances.C_CLNTCODE,dbCIF.dbo.Client.C_NAME,Advances.N_ADVAMT,
		dbCIF.dbo.Client.C_BNKACTNO,
		ServiceOfficer.C_NAME,
		dbCIF.dbo.Client.C_BRANCHCODE, Advances.D_TRANSACTIONDATE,
		Advances.C_TYPE,Advances.C_STATUS
		<!-- ORDER BY clientName,transactionDate -->

	</select>

	<select id="getClientAdvances" parameterClass="java.util.HashMap"
		resultClass="java.lang.Double">
		exec sp_GetAdvances #C_CLNTCODE# , #D_TRANDATE#
	</select>

	<select id="searchAdvances" resultClass="java.util.HashMap">
		SELECT
		C_NAME,
		N_REFNO,
		convert(varchar(10),D_TRANSACTIONDATE,101) as
		D_TRANSACTIONDATE,
		ISNULL(N_PENALTYCHG,0) AS
		N_PENALTYCHG,ISNULL(N_PDINTEREST,0) AS N_PDINTEREST,
		ISNULL(N_DCREVERSAL,0) AS N_DCREVERSAL,
		cast(round(N_COMPUTEDAMT,2)as
		nvarchar) as N_COMPUTEDAMT,
		cast(round(N_ADVAMT,2)as nvarchar) as
		N_ADVAMT,
		cast(round(N_SVCCHG,2)as nvarchar) as N_SVCCHG,
		cast(round(N_DISCCHG1,2)as nvarchar) as N_DISCCHG1,
		cast(round(N_DISCCHG2,2)as nvarchar) as N_DISCCHG2,
		cast(round(N_NOTARIAL,2)as nvarchar) as N_NOTARIAL,
		N_SVCCHGTYPE,
		C_TYPE,
		CASE C_TYPE WHEN '1' THEN 'Advances' WHEN '2' THEN 'Setting up
		Fee' WHEN
		'3' THEN 'Unfactored Rec' END AS TYPEDESC, C_STATUS,
		CASE
		C_STATUS WHEN '1' THEN 'Pending' WHEN '2' THEN 'Approved' WHEN '3'
		THEN 'Cancelled' WHEN '4' THEN 'Applied To Invoice' END AS STATUSDESC,
		C_CLNTCODE,
		B_CLNTRELEASE
		FROM (
		SELECT
		C_BRANCHCODE,
		N_PENALTYCHG,
		N_PDINTEREST,
		N_DCREVERSAL,
		N_REFNO,
		D_TRANSACTIONDATE,
		C_CLNTCODE,
		C_CUSTCODE,
		N_COMPUTEDAMT,
		N_ADVAMT,
		N_RATIOAMT,
		N_SVCCHG,
		N_DISCCHG1,
		N_DISCCHG2,
		N_DISCCHGCD,
		N_NOTARIAL,
		N_SVCCHGTYPE,
		C_TYPE,
		C_STATUS,
		C_AMS,
		B_PRINTED,
		C_NAME =(SELECT TOP 1 C_NAME FROM CC WHERE CC.C_CLNTCODE =
		Advances.C_CLNTCODE),
		case when B_CLNTRELEASE=1 then 1 else 0 end as
		B_CLNTRELEASE,
		ROW_NUMBER() OVER(ORDER BY
		convert(smalldatetime,n_REFNO) desc) AS rn
		FROM Advances
		WHERE
		C_BRANCHCODE = #C_BRANCHCODE#
		<isNotEmpty property="clfilter" prepend="And">
			<!-- from '$clientfilter$%' to #clientfilter#+'%' by Cherrie garcia 10/06/15 -->
			Advances.C_CLNTCODE IN (SELECT C_CLNTCODE FROM CC WHERE C_NAME LIKE
			#clfilter#+'%')
		</isNotEmpty>
		<isNotEmpty property="cufilter" prepend="And">
			<!-- from '$cufilter$%' to #cufilter#+'%' by Cherrie garcia 10/06/15 -->
			Advances.C_CUSTCODE IN (SELECT C_CUSTCODE FROM CC WHERE C_CUSTNAME
			LIKE #cufilter#+'%')
		</isNotEmpty>
		<isNotEmpty property="stfilter" prepend="And">
			Advances.C_STATUS =
			#stfilter#
		</isNotEmpty>
		)a
		WHERE (a.rn BETWEEN #start# AND #end#)
		ORDER BY N_REFNO DESC

		<!-- SELECT C_NAME, N_REFNO,convert(varchar(10),D_TRANSACTIONDATE,101) 
			as D_TRANSACTIONDATE, ISNULL(N_PENALTYCHG,0) AS N_PENALTYCHG,ISNULL(N_PDINTEREST,0) 
			AS N_PDINTEREST, ISNULL(N_DCREVERSAL,0) AS N_DCREVERSAL, cast(round(N_COMPUTEDAMT,2)as 
			nvarchar) as N_COMPUTEDAMT, cast(round(N_ADVAMT,2)as nvarchar) as N_ADVAMT, 
			cast(round(N_SVCCHG,2)as nvarchar) as N_SVCCHG, cast(round(N_DISCCHG1,2)as 
			nvarchar) as N_DISCCHG1, cast(round(N_DISCCHG2,2)as nvarchar) as N_DISCCHG2, 
			C_TYPE, CASE C_TYPE WHEN '1' THEN 'Advances' WHEN '2' THEN 'Setting up Fee' 
			WHEN '3' THEN 'Unfactored Rec' END AS TYPEDESC, C_STATUS, CASE C_STATUS WHEN 
			'1' THEN 'Pending' WHEN '2' THEN 'Approved' WHEN '3' THEN 'Cancelled' WHEN 
			'4' THEN 'Applied To Invoice' END AS STATUSDESC, C_CLNTCODE,B_CLNTRELEASE 
			FROM (SELECT COUNT(*) AS rn, a.C_BRANCHCODE, a.N_REFNO, a.D_TRANSACTIONDATE, 
			a.C_CLNTCODE, a.C_CUSTCODE, a.N_COMPUTEDAMT, a.N_ADVAMT, a.N_RATIOAMT, a.N_SVCCHG, 
			a.N_DISCCHG1, a.N_DISCCHG2, a.N_DISCCHGCD, a.C_TYPE, a.C_STATUS, a.C_AMS, 
			a.B_PRINTED,a.N_PENALTYCHG,a.N_PDINTEREST,a.N_DCREVERSAL, C_NAME = (SELECT 
			TOP 1 C_NAME FROM CC WHERE CC.C_CLNTCODE = a.C_CLNTCODE), a.B_CLNTRELEASE 
			FROM (SELECT C_BRANCHCODE,N_PENALTYCHG,N_PDINTEREST,N_DCREVERSAL, N_REFNO, 
			D_TRANSACTIONDATE, C_CLNTCODE, C_CUSTCODE, N_COMPUTEDAMT, N_ADVAMT, N_RATIOAMT, 
			N_SVCCHG, N_DISCCHG1, N_DISCCHG2, N_DISCCHGCD, C_TYPE, C_STATUS, C_AMS, B_PRINTED, 
			case when B_CLNTRELEASE=1 then 1 else 0 end as B_CLNTRELEASE FROM Advances 
			WHERE (C_BRANCHCODE = #C_BRANCHCODE#) <isNotEmpty property="clfilter" prepend="And"> 
			Advances.C_CLNTCODE IN (SELECT C_CLNTCODE FROM CC WHERE C_NAME LIKE '$clfilter$%') 
			</isNotEmpty> <isNotEmpty property="cufilter" prepend="And"> Advances.C_CUSTCODE 
			IN (SELECT C_CUSTCODE FROM CC WHERE C_CUSTNAME LIKE '$cufilter$%') </isNotEmpty> 
			<isNotEmpty property="stfilter" prepend="And"> Advances.C_STATUS = #stfilter# 
			</isNotEmpty> ) a INNER JOIN Advances b ON a.N_REFNO &lt;= b.N_REFNO AND 
			b.C_BRANCHCODE = #C_BRANCHCODE# <isNotEmpty property="clfilter" prepend="And"> 
			b.C_CLNTCODE IN (SELECT C_CLNTCODE FROM CC WHERE C_NAME LIKE '$clfilter$%') 
			</isNotEmpty> <isNotEmpty property="cufilter" prepend="And"> b.C_CUSTCODE 
			IN (SELECT C_CUSTCODE FROM CC WHERE C_CUSTNAME LIKE '$cufilter$%') </isNotEmpty> 
			<isNotEmpty property="stfilter" prepend="And"> b.C_STATUS = #stfilter# </isNotEmpty> 
			GROUP BY a.N_PENALTYCHG,a.C_BRANCHCODE,a.N_PDINTEREST, a.N_REFNO, a.D_TRANSACTIONDATE, 
			a.C_CLNTCODE, a.C_CUSTCODE, a.N_COMPUTEDAMT, a.N_ADVAMT,a.N_DCREVERSAL, a.N_RATIOAMT, 
			a.N_SVCCHG, a.N_DISCCHG1, a.N_DISCCHG2, a.N_DISCCHGCD, a.C_TYPE, a.C_STATUS, 
			a.C_AMS, a.B_PRINTED, a.B_CLNTRELEASE) a WHERE (a.rn BETWEEN #start# AND 
			#end#) ORDER BY C_NAME, N_REFNO DESC -->
	</select>

	<select id="getTotalRecordsAdvances" resultClass="java.lang.String"
		parameterClass="java.util.Map">
		select count(*) from Advances where C_BRANCHCODE = #C_BRANCHCODE#
		<isNotEmpty property="clfilter" prepend="And">
			<!-- from '$clfilter$%' to #clfilter#+'%' by Cherrie garcia 10/06/15 -->
			C_CLNTCODE IN (SELECT C_CLNTCODE FROM CC WHERE C_NAME LIKE
			#clfilter#+'%')
		</isNotEmpty>
		<isNotEmpty property="cufilter" prepend="And">
			<!-- from '$cufilter$%' to #cufilter#+'%' by Cherrie garcia 10/06/15 -->
			C_CUSTCODE IN (SELECT C_CUSTCODE FROM CC WHERE C_CUSTNAME LIKE
			#cufilter#+'%')
		</isNotEmpty>
		<isNotEmpty property="stfilter" prepend="And">
			C_STATUS =
			#stfilter#
		</isNotEmpty>
	</select>
	<statement id="addAdvance" parameterClass="java.util.Map">
		insert into Advances (C_BRANCHCODE,D_TRANSACTIONDATE, C_CLNTCODE,
		N_COMPUTEDAMT, N_ADVAMT, N_SVCCHG, N_DISCCHG1,
		C_TYPE, C_STATUS,
		N_INELIGIBLEREC,N_INELIGIBLEREL,C_MAKER,B_CLNTRELEASE,N_DISCCHG2,N_NOTARIAL,N_PENALTYCHG,N_PDINTEREST,N_DCREVERSAL,N_SVCCHGTYPE)
		values (#C_BRANCHCODE#,convert(nvarchar,(select [currentdate] FROM
		[factorsGetDate]),101),#C_CLNTCODE#,#N_COMPUTEDAMT#,
		#N_ADVAMT#,case
		when #C_TYPE#='3' then 0 else #N_SVCCHG#
		end,#N_DISCCHG1#,#C_TYPE#,'1',
		0,case when #C_TYPE# IN ('1','3') then
		dbo.getIneligible2(#C_CLNTCODE#) else
		0 end,
		#C_USERID#,#B_CLNTRELEASE#,#N_DISCCHG2#,#N_NOTARIAL#,#N_PENALTYCHG#,#N_PDINTEREST#,#N_DCREVERSAL#,#N_SVCCHGTYPE#) <!--before: 
			getDate() -->
	</statement>

	<update id="updateAdvance" parameterClass="java.util.Map">

		update Advances set
		C_CLNTCODE=#C_CLNTCODE#,
		N_COMPUTEDAMT=#N_COMPUTEDAMT#,
		N_ADVAMT=#N_ADVAMT#, N_SVCCHG=#N_SVCCHG#,
		N_DISCCHG1=#N_DISCCHG1#,N_NOTARIAL=#N_NOTARIAL#,N_DISCCHG2=#N_DISCCHG2#,
		C_TYPE=#C_TYPE#,B_CLNTRELEASE=#B_CLNTRELEASE#,N_SVCCHGTYPE=#N_SVCCHGTYPE#
		WHERE N_REFNO=#N_REFNO#

	</update>

	<update id="updateAdvanceStatus" parameterClass="java.util.Map">
		UPDATE Advances
		SET C_STATUS=#C_STATUS#,D_CANCELLEDDATE=CASE WHEN #C_STATUS#='3' THEN
		(select [currentdate] FROM [factorsGetDate]) ELSE NULL END
		WHERE
		(N_REFNO=#N_REFNO#)
	</update>


	<select id="getTotalAdvanceByDateRange" parameterClass="java.util.HashMap"
		resultClass="java.lang.Double">
		SELECT ISNULL(SUM(N_ADVAMT),0.00) as totalAdvances FROM
		(SELECT DISTINCT (Advances.N_REFNO),Advances.N_ADVAMT
		FROM Advances
		INNER JOIN Invoice
		ON Invoice.C_BRANCHCODE = Advances.C_BRANCHCODE AND
		Invoice.N_ADVREFNO =
		Advances.N_REFNO LEFT OUTER JOIN
		dbCIF.dbo.Client
		ON Advances.C_BRANCHCODE = dbCIF.dbo.Client.C_BRANCHCODE AND
		Advances.C_CLNTCODE = dbCIF.dbo.Client.C_CLNTCODE LEFT OUTER JOIN
		ServiceOfficer ON dbCIF.dbo.Client.C_SERVICEOFFICERCODE =
		ServiceOfficer.C_SERVICEOFFICERCODE

		WHERE
		Advances.C_BRANCHCODE=#branchCode# AND Advances.C_TYPE='1' AND
		Advances.C_STATUS='2' AND Advances.D_TRANSACTIONDATE BETWEEN
		#startDate# AND #endDate# AND ISNULL(Advances.B_PRINTED,0)=0 GROUP BY
		Advances.C_BRANCHCODE,Advances.N_REFNO,Advances.N_ADVAMT)a

	</select>
	<select id="getAdvancesSettingUpRefNo" resultClass="java.lang.Integer">
		SELECT
		N_REFNO FROM Advances
		where N_ADVREFNO = #N_REFNO#
	</select>

	<select id="getAdvancesReportSize" resultClass="java.lang.Integer">
		select
		count(adv.c_clntcode) as cnt
		from advances adv
		inner join invoices inv
		on inv.n_advrefno = adv.n_refno
		inner join dbCIF.dbo.Client cc
		on
		cc.c_clntcode = adv.c_clntcode
		left join serviceofficer svc
		on
		cc.c_serviceofficercode =
		svc.c_serviceofficercode
		cross join
		systemsettings sys
		where adv.n_refno
		= #N_REFNO#
	</select>

	<update id="taggingPrepaymentAdviceReport" parameterClass="java.util.Map">
		UPDATE Advances SET B_PRINTED=1 WHERE N_REFNO IN

		(SELECT DISTINCT
		Advances.N_REFNO
		FROM Advances INNER JOIN Invoice
		ON
		Invoice.C_BRANCHCODE = Advances.C_BRANCHCODE AND Invoice.N_ADVREFNO =
		Advances.N_REFNO LEFT OUTER JOIN
		dbCIF.dbo.Client ON
		Advances.C_BRANCHCODE = dbCIF.dbo.Client.C_BRANCHCODE AND
		Advances.C_CLNTCODE = dbCIF.dbo.Client.C_CLNTCODE LEFT OUTER JOIN
		ServiceOfficer ON dbCIF.dbo.Client.C_SERVICEOFFICERCODE =
		ServiceOfficer.C_SERVICEOFFICERCODE

		WHERE (Advances.C_TYPE = '1') AND
		(Advances.C_STATUS = '2') AND
		(Advances.C_BRANCHCODE = #branchCode#)
		AND (Advances.D_TRANSACTIONDATE
		BETWEEN
		#startDate# AND #endDate#) AND
		ISNULL(Advances.B_PRINTED,0)=0
		)

	</update>
	<update id="updateReceiptAdvanceStatus" parameterClass="java.util.Map">
		update
		Advances set C_STATUS=#C_STATUS#,C_APPROVER=#C_USERID# WHERE
		N_REFNO=#N_REFNO#
	</update>

	<select id="getAdvance" parameterClass="java.util.Map"
		resultClass="java.util.HashMap">
		<!-- select C_BRANCHCODE,N_REFNO,C_CLNTCODE ,N_COMPUTEDAMT as N_Amount,N_ADVAMT,N_SVCCHG,N_DISCCHG1,C_TYPE 
			from advances WHERE N_REFNO=#N_REFNO# -->
		select N_PDINTEREST
		,N_PENALTYCHG
		,ISNULL(dbo.getProceedsDC(#C_CLNTCODE#,(select [currentdate] FROM
		[factorsGetDate])),0) as Proceeds
		,C_BRANCHCODE
		,N_REFNO
		,C_CLNTCODE
		,N_ADVAMT as N_Amount
		,N_ADVAMT
		,N_SVCCHG
		,N_DISCCHG1
		,C_TYPE
		,N_DISCCHG2
		,N_NOTARIAL
		,N_DCREVERSAL
		,N_SVCCHGTYPE
		from advances
		WHERE
		N_REFNO=#N_REFNO#

	</select>

	<select id="transactionRateAdv" resultClass="java.util.HashMap">
		select
		D_TransactionDate
		,adv.C_CLNTCODE as C_ClientCode
		,N_RefNo
		,'A' as
		C_Type
		,cli.N_DCR AS N_DiscountCharge
		,dbo.getBLR(#C_CLNTCODE#,(select
		[currentdate] FROM [factorsGetDate]))as N_BaseLendingRate
		,cli.N_SCR As
		N_ServiceCharge
		,(select top 1 N_RATE from penaltyrate order by
		d_transactiondate desc) AS N_PenaltyCharge
		from advances adv
		INNER JOIN
		dbcif..client cli
		on cli.C_CLNTCODE=adv.C_CLNTCODE
		WHERE
		N_REFNO=#N_REFNO#
	</select>

	<select id="getInvoiceCustomer" resultClass="java.util.HashMap"
		parameterClass="java.lang.String">
		SELECT c_custcode FROM invoice WHERE c_status=2 AND
		c_clntcode=#C_CLNTCODE#
	</select>



	<procedure id="getMonthlyChargesReport" parameterClass="java.util.Map"
		resultClass="com.bdo.factor.beans.ReportField">
		{
		CALL sp_MONTHLY_CHARGES(#startDate#,#endDate#)
		}
	</procedure>

	<procedure id="getScheduleOfAdvances" parameterClass="java.lang.String"
		resultClass="com.bdo.factor.beans.ReportField">
		{
		CALL sp_SCHEDULE_OF_ADVANCES(#whereClause#)
		}
	</procedure>

	<procedure id="searchClientAvailability" parameterClass="java.util.Map"
		resultClass="com.bdo.factor.beans.ReportField">
		{
		CALL
		sp_CLIENT_AVAILABILITY_SHEET(#clientCode#,#advanceNumber#,#transactionDate#,#fiuBalance#)
		}
	</procedure>

	<statement id="insertDiscountDetail" parameterClass="java.util.Map">
		insert
		tempdiscdtl
		select discountCharge,'A',invoiceNo,#N_REFNO#,(select
		[currentdate] FROM
		[factorsGetDate]),fromDate,toDate,noOfDays
		from
		(select * from dbo.getDiscountCharge(#C_CLNTCODE#,#TODAY#))a
	</statement>

	<statement id="insertPenaltyDetail" parameterClass="java.util.Map">

		insert
		temppenaltydetail
		select
		pc.n_penaltyamount,'A',#N_REFNO#,pc.N_INVNO,pc.N_INVOICEAMT,
		cc.n_dunning,cc.n_advancedratio,pc.fromDate,pc.toDate,pc.noOfDays,'PC',(select
		[currentdate] FROM [factorsGetDate]) from
		(select * from
		dbo.PenChargeStat34(#C_CLNTCODE#,'01','PC',#TODAY#))pc
		inner join cc on
		cc.c_clntcode=pc.c_clntcode and
		cc.c_custcode=pc.c_custcode
	</statement>

	<select id="getFinanceAmount" parameterClass="java.util.Map"
		resultClass="java.lang.Double">
		select isnull(sum(distinct a.n_advamt),0) from Advances a
		left join invoice i on i.N_ADVREFNO = a.N_REFNO
		where
		i.D_TRANSACTIONDATE &lt;= #asOfDate#
		and a.c_Clntcode = #clntcode# and
		a.c_status !=3 and a.c_type =1
		and (i.d_fullypaiddate &gt;= #asOfDate#
		or i.d_fullypaiddate is null)
		and i.c_status !=7
	</select>

	<select id="getServiceCharge" parameterClass="java.lang.String"	resultClass="java.lang.String">
		select n_svcchgtype from Advances where N_REFNO= #N_REFNO#
	</select>
	
	<select id="GetDocStampAmount"  resultClass="java.lang.Double">
		EXEC GetDocStampAmount #clientName#
	</select>

</sqlMap>
