<?xml version="1.0" encoding="UTF-8"?>
<!DOCTYPE beans PUBLIC "-//SPRING//DTD BEAN//EN" "http://www.springframework.org/dtd/spring-beans.dtd">

<beans>

	<!-- DB Connection -->
	<bean id="propertyConfigurer"
		class="org.springframework.beans.factory.config.PropertyPlaceholderConfigurer">
		<property name="locations">
			<list>
				<value>classpath*:_properties/jdbc.properties</value>
			</list>
		</property>
	</bean>

	<bean id="dataSource" class="com.bdo.factor.util.DataSourceWrapper"> <!-- com.bdo.factor.util.DataSourceWrapper org.apache.commons.dbcp.BasicDataSource -->
		<property name="driverClassName" value="${jdbc.driverClassName}" />
		<property name="url" value="${jdbc.url}" />
		<property name="username" value="${jdbc.username}" />
		<property name="password" value="${jdbc.password}" />
	</bean>

	<bean id="dataSourceCIF" class="com.bdo.factor.util.DataSourceWrapper">
		<property name="driverClassName" value="${jdbc.driverClassName}" />
		<property name="url" value="${jdbcCIF.url}" />
		<property name="username" value="${jdbcCIF.username}" />
		<property name="password" value="${jdbcCIF.password}" />
	</bean>

	<bean id="dataSourceAAF" class="com.bdo.factor.util.DataSourceWrapper">
		<property name="driverClassName" value="${jdbc.driverClassName}" />
		<property name="url" value="${jdbcAAF.url}" />
		<property name="username" value="${jdbcAAF.username}" />
		<property name="password" value="${jdbcAAF.password}" />
	</bean>


	<!-- IBatis Integration -->
	<bean id="sqlMapClient" class="org.springframework.orm.ibatis.SqlMapClientFactoryBean">
		<property name="configLocation">
			<value>classpath:xml-config/SqlMapConfig.xml</value>
		</property>
		<property name="dataSource">
			<ref bean="dataSource" />

		</property>
	</bean>

	<bean id="sqlMapClientCIF" class="org.springframework.orm.ibatis.SqlMapClientFactoryBean">
		<property name="configLocation">
			<value>classpath:xml-config/SqlMapConfigCIF.xml</value>
		</property>
		<property name="dataSource">
			<ref bean="dataSourceCIF" />
		</property>
	</bean>


	<bean id="sqlMapClientAAF" class="org.springframework.orm.ibatis.SqlMapClientFactoryBean">
		<property name="configLocation">
			<value>classpath:xml-config/SqlMapConfigAAF.xml</value>
		</property>
		<property name="dataSource">
			<ref bean="dataSourceAAF" />
		</property>
	</bean>

	<!-- User Defined Beans -->

	<bean id="AccountOfficerDAO" class="com.bdo.factor.dao.AccountOfficerDAO">
		<property name="dataSource">
			<ref local="dataSource" />
		</property>
		<property name="sqlMapClient">
			<ref local="sqlMapClient" />
		</property>
	</bean>

	<bean id="BankDAO" class="com.bdo.factor.dao.BankDAO">
		<property name="dataSource">
			<ref local="dataSource" />
		</property>
		<property name="sqlMapClient">
			<ref local="sqlMapClient" />
		</property>
	</bean>

	<bean id="BLRFileDAO" class="com.bdo.factor.dao.BLRFileDAO">
		<property name="dataSource">
			<ref local="dataSource" />
		</property>
		<property name="sqlMapClient">
			<ref local="sqlMapClient" />
		</property>
	</bean>

	<bean id="CheckTypeDAO" class="com.bdo.factor.dao.CheckTypeDAO">
		<property name="dataSource">
			<ref local="dataSource" />
		</property>
		<property name="sqlMapClient">
			<ref local="sqlMapClient" />
		</property>
	</bean>

	<bean id="INVOICEDAO" class="com.bdo.factor.dao.INVOICEDAO">
		<property name="dataSource">
			<ref local="dataSource" />
		</property>
		<property name="sqlMapClient">
			<ref local="sqlMapClient" />
		</property>
	</bean>

	<bean id="CNDAO" class="com.bdo.factor.dao.CNDAO">
		<property name="dataSource">
			<ref local="dataSource" />
		</property>
		<property name="sqlMapClient">
			<ref local="sqlMapClient" />
		</property>
	</bean>

	<bean id="CurrencyDAO" class="com.bdo.factor.dao.CurrencyDAO">
		<property name="dataSource">
			<ref local="dataSource" />
		</property>
		<property name="sqlMapClient">
			<ref local="sqlMapClient" />
		</property>
	</bean>

	<bean id="GroupDAO" class="com.bdo.factor.dao.GroupDAO">
		<property name="dataSource">
			<ref local="dataSource" />
		</property>
		<property name="sqlMapClient">
			<ref local="sqlMapClient" />
		</property>
	</bean>

	<bean id="HolidayDAO" class="com.bdo.factor.dao.HolidayDAO">
		<property name="dataSource">
			<ref local="dataSource" />
		</property>
		<property name="sqlMapClient">
			<ref local="sqlMapClient" />
		</property>
	</bean>

	<bean id="IndustryDAO" class="com.bdo.factor.dao.IndustryDAO">
		<property name="dataSource">
			<ref local="dataSource" />
		</property>
		<property name="sqlMapClient">
			<ref local="sqlMapClient" />
		</property>
	</bean>

	<bean id="AuditDAO" class="com.bdo.factor.dao.AuditDAO">
		<property name="dataSource">
			<ref local="dataSource" />
		</property>
		<property name="sqlMapClient">
			<ref local="sqlMapClient" />
		</property>
	</bean>


	<bean id="CCLinkDAO" class="com.bdo.factor.dao.CCLinkDAO">
		<property name="dataSource">
			<ref local="dataSource" />
		</property>
		<property name="sqlMapClient">
			<ref local="sqlMapClient" />
		</property>
	</bean>

	<bean id="CustomerDAO" class="com.bdo.factor.dao.CustomerDAO">
		<property name="dataSource">
			<ref local="dataSource" />
		</property>
		<property name="sqlMapClient">
			<ref local="sqlMapClient" />
		</property>
	</bean>


	<bean id="ServiceOfficerDAO" class="com.bdo.factor.dao.ServiceOfficerDAO">
		<property name="dataSource">
			<ref local="dataSource" />
		</property>
		<property name="sqlMapClient">
			<ref local="sqlMapClient" />
		</property>
	</bean>


	<bean id="UserDAO" class="com.bdo.factor.dao.UserDAO">
		<property name="dataSource">
			<ref local="dataSource" />
		</property>
		<property name="sqlMapClient">
			<ref local="sqlMapClient" />
		</property>
	</bean>

	<bean id="BranchDAO" class="com.bdo.factor.dao.BranchDAO">
		<property name="dataSource">
			<ref local="dataSource" />
		</property>
		<property name="sqlMapClient">
			<ref local="sqlMapClient" />
		</property>
	</bean>

	<bean id="ReceiptsHeaderDAO" class="com.bdo.factor.dao.ReceiptsHeaderDAO">
		<property name="dataSource">
			<ref local="dataSource" />
		</property>
		<property name="sqlMapClient">
			<ref local="sqlMapClient" />
		</property>
		<property name="jdbcTemplate" ref="jdbcTemplate" />
	</bean>

	<bean id="ReceiptsDtlDAO" class="com.bdo.factor.dao.ReceiptsDtlDAO">
		<property name="dataSource">
			<ref local="dataSource" />
		</property>
		<property name="sqlMapClient">
			<ref local="sqlMapClient" />
		</property>
	</bean>

	<bean id="CreditNoteDAO" class="com.bdo.factor.dao.CreditNoteDAO">
		<property name="dataSource">
			<ref local="dataSource" />
		</property>
		<property name="sqlMapClient">
			<ref local="sqlMapClient" />
		</property>
	</bean>

	<bean id="PdcDAO" class="com.bdo.factor.dao.PdcDAO">
		<property name="dataSource">
			<ref local="dataSource" />
		</property>
		<property name="sqlMapClient">
			<ref local="sqlMapClient" />
		</property>
	</bean>

	<bean id="PostDateDAO" class="com.bdo.factor.dao.PostDateDAO">
		<property name="dataSource">
			<ref local="dataSource" />
		</property>
		<property name="sqlMapClient">
			<ref local="sqlMapClient" />
		</property>
	</bean>

	<bean id="AmsDAO" class="com.bdo.factor.dao.AmsDAO">
		<property name="dataSource">
			<ref local="dataSource" />
		</property>
		<property name="sqlMapClient">
			<ref local="sqlMapClient" />
		</property>
	</bean>

	<!-- Added by: Roldan L. Somontina Date: January 21 2011 Description: DAO 
		for Activity Log -->

	<bean id="activityLogDAO" class="com.bdo.factor.dao.ActivityLogDAO">
		<property name="dataSource">
			<ref local="dataSource" />
		</property>
		<property name="sqlMapClient">
			<ref local="sqlMapClient" />
		</property>
	</bean>

	<bean id="docStampDAO" class="com.bdo.factor.dao.DocStampDAO">
		<property name="dataSource">
			<ref local="dataSource" />
		</property>
		<property name="sqlMapClient">
			<ref local="sqlMapClient" />
		</property>
	</bean>

	<!-- jdbc bean connection Added by: Roldan L. Somontina Date: May 13. 2009 -->
	<bean id="jdbcTemplate" class="org.springframework.jdbc.core.JdbcTemplate">
		<property name="dataSource" ref="dataSource" />
	</bean>

	<bean id="jdbcTemplate2" class="org.springframework.jdbc.core.JdbcTemplate">
		<property name="dataSource" ref="dataSourceCIF" />
	</bean>

	<bean id="auditTrailDao" class="com.bdo.factor.dataSource.AuditTrailDao">
		<property name="jdbcTemplate" ref="jdbcTemplate" />
	</bean>
	<bean id="invoiceDao" class="com.bdo.factor.dataSource.InvoiceDAO">
		<property name="jdbcTemplate" ref="jdbcTemplate" />
	</bean>

	<bean id="clientDao" class="com.bdo.factor.dataSource.ClientDAO">
		<property name="jdbcTemplate" ref="jdbcTemplate2" />
	</bean>

	<bean id="creditNoteDao" class="com.bdo.factor.dataSource.CreditNoteDAO">
		<property name="jdbcTemplate" ref="jdbcTemplate" />
	</bean>
	<bean id="customerStmtOfAcctDao" class="com.bdo.factor.dataSource.CustomerStatementOfAcctDAO">
		<property name="jdbcTemplate" ref="jdbcTemplate" />
	</bean>
	<bean id="monthlyChargesDao" class="com.bdo.factor.dataSource.MonthlyChargesDAO">
		<property name="jdbcTemplate" ref="jdbcTemplate" />
	</bean>
	<bean id="utilDao" class="com.bdo.factor.dataSource.UtilDAO">
		<property name="jdbcTemplate" ref="jdbcTemplate" />
	</bean>
	<!-- added: kath -->
	<bean id="clientDebtTurnDAO" class="com.bdo.factor.dataSource.ClientDebtTurnDAO">
		<property name="jdbcTemplate" ref="jdbcTemplate" />
	</bean>
	<bean id="clientStatisticsDAO" class="com.bdo.factor.dataSource.ClientStatisticsDAO">
		<property name="jdbcTemplate" ref="jdbcTemplate" />
	</bean>

	<bean id="transactionControlTotalDAO" class="com.bdo.factor.dataSource.TransactionControlTotalDAO">
		<property name="jdbcTemplate" ref="jdbcTemplate" />
	</bean>

	<bean id="pdcRegistryDAO" class="com.bdo.factor.dataSource.PDCRegistryDAO">
		<property name="jdbcTemplate" ref="jdbcTemplate" />
	</bean>

	<bean id="partialPaymentDAO" class="com.bdo.factor.dataSource.PartialPaymentDAO">
		<property name="jdbcTemplate" ref="jdbcTemplate" />
	</bean>
	<!-- end -->
	<!-- R.L.S. Date Added: May 27,2009 -->
	<bean id="advanceDao" class="com.bdo.factor.dao.AdvancesDAO">
		<property name="dataSource" ref="dataSource" />
		<property name="sqlMapClient" ref="sqlMapClient" />
		<property name="jdbcTemplate" ref="jdbcTemplate" />
	</bean>

	<bean id="RefundDAO" class="com.bdo.factor.dao.RefundDAO">
		<property name="dataSource" ref="dataSource" />
		<property name="sqlMapClient" ref="sqlMapClient" />
		<property name="jdbcTemplate" ref="jdbcTemplate" />
	</bean>

	<!-- System settings added by Jefferson M. Francisco Jr. June 11, 2009 -->
	<bean id="systemSettingDao" class="com.bdo.factor.dao.SystemSettingsDAO">
		<property name="dataSource">
			<ref local="dataSource" />
		</property>
		<property name="sqlMapClient">
			<ref local="sqlMapClient" />
		</property>
	</bean>

	<bean id="ClientDAO" class="com.bdo.factor.dao.ClientDAO">
		<property name="dataSource">
			<ref local="dataSourceCIF" />
		</property>
		<property name="sqlMapClient">
			<ref local="sqlMapClientCIF" />
		</property>
	</bean>


	<bean id="AdvancesDAO" class="com.bdo.factor.dao.AdvancesDAO">
		<property name="dataSource">
			<ref local="dataSource" />
		</property>
		<property name="sqlMapClient">
			<ref local="sqlMapClient" />
		</property>
	</bean>


	<!--ADDED BY JGT -->
	<bean id="RepSubledgerDAO" class="com.bdo.factor.dao.RepSubledgerDAO">
		<property name="dataSource">
			<ref local="dataSource" />
		</property>
		<property name="sqlMapClient">
			<ref local="sqlMapClient" />
		</property>
	</bean>


	<bean id="AdjustmentTypeDAO" class="com.bdo.factor.dao.AdjustmentTypeDAO">
		<property name="dataSource">
			<ref local="dataSource" />
		</property>
		<property name="sqlMapClient">
			<ref local="sqlMapClient" />
		</property>
	</bean>

	<bean id="factoringStatsDao" class="com.bdo.factor.dataSource.FactoringStatsDAO">
		<property name="jdbcTemplate" ref="jdbcTemplate" />
	</bean>

	<bean id="accountForReviewDAO" class="com.bdo.factor.dataSource.AccountForReviewDAO">
		<property name="jdbcTemplate" ref="jdbcTemplate" />
	</bean>
	<bean id="weeklyBookingDao" class="com.bdo.factor.dataSource.WeeklyBookingDAO">
		<property name="jdbcTemplate" ref="jdbcTemplate" />
	</bean>
	<bean id="factoringManagementDAO" class="com.bdo.factor.dataSource.FactoringManagementDAO">
		<property name="jdbcTemplate" ref="jdbcTemplate" />
	</bean>
	<bean id="ReportsDAO" class="com.bdo.factor.dao.ReportsDAO">
		<property name="dataSource">
			<ref local="dataSource" />
		</property>
		<property name="sqlMapClient">
			<ref local="sqlMapClient" />
		</property>
	</bean>
	<bean id="SecurityDAO" class="com.bdo.factor.dao.SecurityDAO">
		<property name="dataSource">
			<ref local="dataSource" />
		</property>
		<property name="sqlMapClient">
			<ref local="sqlMapClient" />
		</property>
	</bean>
	<bean id="MenuDAO" class="com.bdo.factor.dataSource.MenuDAO">
		<property name="jdbcTemplate" ref="jdbcTemplate" />
	</bean>
	<bean id="auditLogsDAO" class="com.bdo.factor.dataSource.AuditLogsDAO">
		<property name="jdbcTemplate" ref="jdbcTemplate" />
	</bean>
	<bean id="weeklyBookingSummaryDao" class="com.bdo.factor.dataSource.WeeklyBookingSummaryDAO">
		<property name="jdbcTemplate" ref="jdbcTemplate" />
	</bean>

	<!-- ACCOUNTING -->
	<bean id="SubHeaderDAO" class="com.bdo.factor.dao.SubHeaderDAO">
		<property name="dataSource" ref="dataSource" />
		<property name="sqlMapClient" ref="sqlMapClient" />
		<property name="jdbcTemplate" ref="jdbcTemplate" />
	</bean>

	<bean id="PDODelinquentDAO2" class="com.bdo.factor.dataSource.PDODelinquentDAO2">
		<property name="dataSource" ref="dataSource" />
		<property name="jdbcTemplate" ref="jdbcTemplate" />
	</bean>


	<!-- ACCOUNTING MODULE <bean id="AcctgAdjustmentDAO" class="com.bdo.factor.dao.AcctgAdjustmentDAO"> 
		<property name="dataSource"> <ref local="dataSource"/> </property> <property 
		name="sqlMapClient"> <ref local="sqlMapClient"/> </property> </bean> <bean 
		id="AcctgPaymentsDAO" class="com.bdo.factor.dao.AcctgPaymentsDAO"> <property 
		name="dataSource"> <ref local="dataSource"/> </property> <property name="sqlMapClient"> 
		<ref local="sqlMapClient"/> </property> </bean> <bean id="AcctgAdvancesDAO" 
		class="com.bdo.factor.dao.AcctgAdvancesDAO"> <property name="dataSource"> 
		<ref local="dataSource"/> </property> <property name="sqlMapClient"> <ref 
		local="sqlMapClient"/> </property> </bean> <bean id="AcctgRefundDAO" class="com.bdo.factor.dao.AcctgRefundDAO"> 
		<property name="dataSource"> <ref local="dataSource"/> </property> <property 
		name="sqlMapClient"> <ref local="sqlMapClient"/> </property> </bean> <bean 
		id="AcctgReceiptsDAO" class="com.bdo.factor.dao.AcctgReceiptsDAO"> <property 
		name="dataSource"> <ref local="dataSource"/> </property> <property name="sqlMapClient"> 
		<ref local="sqlMapClient"/> </property> </bean> END -->

	<bean id="PdoDAO" class="com.bdo.factor.dao.PdoDAO">
		<property name="dataSource">
			<ref local="dataSource" />
		</property>
		<property name="sqlMapClient">
			<ref local="sqlMapClient" />
		</property>
	</bean>

	<bean id="ChartOfAccountDAO" class="com.bdo.factor.dao.ChartOfAccountDAO">
		<property name="dataSource">
			<ref local="dataSource" />
		</property>
		<property name="sqlMapClient">
			<ref local="sqlMapClient" />
		</property>
	</bean>

	<bean id="PenChgDAO" class="com.bdo.factor.dao.PenChgDAO">
		<property name="dataSource">
			<ref local="dataSource" />
		</property>
		<property name="sqlMapClient">
			<ref local="sqlMapClient" />
		</property>
	</bean>

	<bean id="AccountingMaintenanceDAO" class="com.bdo.factor.dao.AccountingMaintenanceDAO">
		<property name="dataSource" ref="dataSource" />
		<property name="sqlMapClient" ref="sqlMapClient" />
		<property name="jdbcTemplate" ref="jdbcTemplate" />
	</bean>


	<bean id="MiscCodeDAO" class="com.bdo.factor.dao.MiscCodeDAO">
		<property name="dataSource">
			<ref local="dataSource" />
		</property>
		<property name="sqlMapClient">
			<ref local="sqlMapClient" />
		</property>
	</bean>

	<bean id="ActualDunningDAO" class="com.bdo.factor.dao.ActualDunningDAO">
		<property name="dataSource" ref="dataSource" />
		<property name="sqlMapClient" ref="sqlMapClient" />
	</bean>


	<bean id="CISADAO" class="com.bdo.factor.dao.CISADAO">
		<property name="dataSource" ref="dataSourceAAF" />
		<property name="sqlMapClient" ref="sqlMapClientAAF" />
	</bean>

	<bean id="FactorsDateDAO" class="com.bdo.factor.dao.FactorsDateDAO">
		<property name="dataSource" ref="dataSource" />
		<property name="sqlMapClient" ref="sqlMapClient" />
	</bean>

	<bean id="ReceiptsDtlOtherDAO" class="com.bdo.factor.dao.ReceiptsDtlOtherDAO">
		<property name="dataSource" ref="dataSource" />
		<property name="sqlMapClient" ref="sqlMapClient" />
	</bean>

	<bean id="BLRDAO" class="com.bdo.factor.dao.BLRDAO">
		<property name="dataSource" ref="dataSource" />
		<property name="sqlMapClient" ref="sqlMapClient" />
	</bean>

	<bean id="ChargeTypeDAO" class="com.bdo.factor.dao.ChargeTypeDAO">
		<property name="dataSource" ref="dataSource" />
		<property name="sqlMapClient" ref="sqlMapClient" />
	</bean>
	
	<bean id="LDAPSConfigurationDAO" class="com.bdo.factor.dao.LDAPSConfigurationDAO">
		<property name="dataSource" ref="dataSource" />
		<property name="sqlMapClient" ref="sqlMapClient" />
	</bean>
</beans>