<?xml version="1.0" encoding="UTF-8" ?>
<!DOCTYPE sqlMap PUBLIC "-//ibatis.apache.org//DTD SQL Map 2.0//EN"	"http://ibatis.apache.org/dtd/sql-map-2.dtd">

<sqlMap namespace="Factors">

	<insert id="addAudit" parameterClass="com.bdo.factor.beans.Audit">

		insert into AUDIT (
		UserId,
		Type,
		TableName,
		NewValue,
		UpdateDate
		)
		values (
		#userID#,
		#type#,
		#tableName#,
		#newValue#,
		#updateDate#
		)

	</insert>

	<select id="searchAudit" resultClass="java.util.HashMap">
		select auditId, userid,
		updateDate, type, tablename, rn from
		(select *,rn=(row_number()
		over(order by UpdateDate desc))
		from Audit)a
		where rn between #start#
		and #end#
	</select>

	<select id="getTotalRecordsAudit" resultClass="java.lang.String"
		parameterClass="java.util.Map">
		select count(*) from Audit WHERE 1=1
		<isNotEmpty property="CuserID" prepend="And">
			userid = #CuserID#
		</isNotEmpty>
		<isNotEmpty property="simula" prepend="And">
			CONVERT(smalldatetime, CONVERT(nvarchar, UpdateDate, 101), 101)
			BETWEEN #simula# AND #katapusan#
		</isNotEmpty>
	</select>

</sqlMap>