<?xml version="1.0" encoding="UTF-8" ?>
<!DOCTYPE sqlMap PUBLIC "-//ibatis.apache.org//DTD SQL Map 2.0//EN"	"http://ibatis.apache.org/dtd/sql-map-2.dtd">

<sqlMap namespace="Factors">


	<select id="searchBank" resultClass="java.util.HashMap">

		select *,C_BANKCODE as
		C_BANKCODE_ORIG from (select *,(select count(*) from
		BANK a2 where
		a2.C_BANKCODE &lt;= a.C_BANKCODE) as rn from BANK a)
		DERIVEDTBL
		where rn
		between #start# and #end#

	</select>

	<select id="searchBankByBCode" resultClass="java.util.ArrayList">
		SELECT * from bank
		where C_BANKCODE = #C_BANKCODE#
	</select>

	<select id="searchBankList" resultClass="java.util.HashMap">
		SELECT C_BANKCODE,
		C_BANKNAME
		from bank
	</select>

	<update id="addBank" parameterClass="java.util.Map">

		insert into BANK (
		C_BANKCODE,
		C_BANKNAME,
		C_ADDRESS,
		C_TELNO,
		C_FAXNO,
		C_BM
		)
		values (
		#C_BANKCODE#,
		#C_BANKNAME#,
		#C_ADDRESS#,
		#C_TELNO#,
		#C_FAXNO#,
		#C_BM#
		)

	</update>


	<update id="updateBank" parameterClass="java.util.Map">

		update BANK
		set
		C_BANKNAME=#C_BANKNAME#,
		C_ADDRESS=#C_ADDRESS#,
		C_TELNO=#C_TELNO#,
		C_FAXNO=#C_FAXNO#,
		C_BM=#C_BM#

		where C_BANKCODE = #C_BANKCODE_ORIG#

	</update>


	<update id="deleteBank" parameterClass="java.util.Map">
		delete from BANK where
		C_BANKCODE = #C_BANKCODE#
	</update>

	<select id="getTotalRecordsBank" resultClass="java.lang.String">
		select count(*)
		from BANK
	</select>

	<select id="searchBankAutoComplete" resultClass="java.util.HashMap">
		select C_BANKNAME from BANK
		<!-- where C_BANKNAME like '$q$%' -->
	</select>


	<select id="searchBankResolveToCode" resultClass="java.lang.String">
		select
		C_BANKCODE from BANK
		where C_BANKNAME = #C_BANKCODE#
	</select>

	<select id="searchBankResolveToDesc" resultClass="java.lang.String">
		select
		C_BANKNAME from BANK
		where C_BANKCODE = #C_BANKCODE#
	</select>

	<select id="getBank" resultClass="java.util.HashMap">
		SELECT c_bankcode AS a,
		c_bankname AS b FROM bank
	</select>


</sqlMap>