<?xml version="1.0" encoding="UTF-8" ?>
<!DOCTYPE sqlMap PUBLIC "-//ibatis.apache.org//DTD SQL Map 2.0//EN"	"http://ibatis.apache.org/dtd/sql-map-2.dtd">

<sqlMap namespace="Factors">



	<select id="searchBLRFile" resultClass="java.util.HashMap">
		select
		C_BLRTYPECODE,
		N_BLR1,
		N_BLR2,
		N_BLR3,
		N_BLR4,
		N_BLR5,

		CONVERT(varchar,
		CONVERT(varchar(10), D_EFFDT1, 101), 111) as D_EFFDT1,
		CONVERT(varchar, CONVERT(varchar(10), D_EXPDT1, 101), 111) as
		D_EXPDT1,

		CONVERT(varchar, CONVERT(varchar(10), D_EFFDT2, 101), 111) as
		D_EFFDT2,
		CONVERT(varchar, CONVERT(varchar(10), D_EXPDT2, 101), 111) as
		D_EXPDT2,

		CONVERT(varchar, CONVERT(varchar(10), D_EFFDT3, 101), 111) as
		D_EFFDT3,
		CONVERT(varchar, CONVERT(varchar(10), D_EXPDT3, 101), 111) as
		D_EXPDT3,

		CONVERT(varchar, CONVERT(varchar(10), D_EFFDT4, 101), 111) as
		D_EFFDT4,
		CONVERT(varchar, CONVERT(varchar(10), D_EXPDT4, 101), 111) as
		D_EXPDT4,

		CONVERT(varchar, CONVERT(varchar(10), D_EFFDT5, 101), 111) as
		D_EFFDT5,
		CONVERT(varchar, CONVERT(varchar(10), D_EXPDT5, 101), 111) as
		D_EXPDT5,


		C_BLRTYPECODE as C_BLRTYPECODE_ORIG from (select *,(select
		count(*) from BLRFile a2
		where a2.C_BLRTYPECODE &lt;= a.C_BLRTYPECODE)
		as rn from BLRFile a)
		DERIVEDTBL
		where rn between #start# and #end#
	</select>


	<select id="searchBLRFileByTypeCode" resultClass="java.util.HashMap">

		select
		C_BLRTYPECODE,
		N_BLR1,
		N_BLR2,
		N_BLR3,
		N_BLR4,
		N_BLR5,

		CONVERT(varchar, CONVERT(varchar(10), D_EFFDT1, 101), 111) as
		D_EFFDT1,
		CONVERT(varchar, CONVERT(varchar(10), D_EXPDT1, 101), 111) as
		D_EXPDT1,

		CONVERT(varchar, CONVERT(varchar(10), D_EFFDT2, 101), 111) as
		D_EFFDT2,
		CONVERT(varchar, CONVERT(varchar(10), D_EXPDT2, 101), 111) as
		D_EXPDT2,

		CONVERT(varchar, CONVERT(varchar(10), D_EFFDT3, 101), 111) as
		D_EFFDT3,
		CONVERT(varchar, CONVERT(varchar(10), D_EXPDT3, 101), 111) as
		D_EXPDT3,

		CONVERT(varchar, CONVERT(varchar(10), D_EFFDT4, 101), 111) as
		D_EFFDT4,
		CONVERT(varchar, CONVERT(varchar(10), D_EXPDT4, 101), 111) as
		D_EXPDT4,

		CONVERT(varchar, CONVERT(varchar(10), D_EFFDT5, 101), 111) as
		D_EFFDT5,
		CONVERT(varchar, CONVERT(varchar(10), D_EXPDT5, 101), 111) as
		D_EXPDT5,


		C_BLRTYPECODE as C_BLRTYPECODE_ORIG from BLRFile
		<dynamic prepend="Where">
			<isNotEmpty property="C_BLRTYPECODE" prepend="And">
				C_BLRTYPECODE = #C_BLRTYPECODE#
			</isNotEmpty>
		</dynamic>

	</select>

	<update id="addBLRFile" parameterClass="java.util.HashMap">

		insert into BLRFile (
		C_BLRTYPECODE,
		N_BLR1,
		D_EFFDT1,
		D_EXPDT1,
		N_BLR2,
		D_EFFDT2,
		D_EXPDT2,
		N_BLR3,
		D_EFFDT3,
		D_EXPDT3,
		N_BLR4,
		D_EFFDT4,
		D_EXPDT4,
		N_BLR5,
		D_EFFDT5,
		D_EXPDT5
		)
		values (
		#C_BLRTYPECODE#,
		#N_BLR1#,
		#D_EFFDT1#,
		#D_EXPDT1#,
		#N_BLR2#,
		#D_EFFDT2#,
		#D_EXPDT2#,
		#N_BLR3#,
		#D_EFFDT3#,
		#D_EXPDT3#,
		#N_BLR4#,
		#D_EFFDT4#,
		#D_EXPDT4#,
		#N_BLR5#,
		#D_EFFDT5#,
		#D_EXPDT5#
		)

	</update>


	<update id="updateBLRFile" parameterClass="java.util.HashMap">

		update BLRFile
		set
		N_BLR1=#N_BLR1#,
		D_EFFDT1=#D_EFFDT1#,
		D_EXPDT1=#D_EXPDT1#,
		N_BLR2=#N_BLR2#,
		D_EFFDT2=#D_EFFDT2#,
		D_EXPDT2=#D_EXPDT2#,
		N_BLR3=#N_BLR3#,
		D_EFFDT3=#D_EFFDT3#,
		D_EXPDT3=#D_EXPDT3#,
		N_BLR4=#N_BLR4#,
		D_EFFDT4=#D_EFFDT4#,
		D_EXPDT4=#D_EXPDT4#,
		N_BLR5=#N_BLR5#,
		D_EFFDT5=#D_EFFDT5#,
		D_EXPDT5=#D_EXPDT5#
		where
		C_BLRTYPECODE = #C_BLRTYPECODE#

	</update>


	<update id="deleteBLRFile" parameterClass="java.util.HashMap">
		delete from BLRFile
		where C_BLRTYPECODE = #C_BLRTYPECODE#
	</update>

	<select id="getTotalRecordsBLRFile" resultClass="java.lang.String">
		select count(*)
		from BLRFile
	</select>


	<select id="searchDiscountChargeBLRFile" resultClass="java.util.HashMap">
		select
		C_BLRTYPECODE,
		N_BLR1,
		N_BLR2,
		N_BLR3,
		N_BLR4,
		N_BLR5,

		CONVERT(varchar, CONVERT(varchar(10), D_EFFDT1, 101), 111) as
		D_EFFDT1,
		CONVERT(varchar, CONVERT(varchar(10), D_EXPDT1, 101), 111) as
		D_EXPDT1,

		CONVERT(varchar, CONVERT(varchar(10), D_EFFDT2, 101), 111) as
		D_EFFDT2,
		CONVERT(varchar, CONVERT(varchar(10), D_EXPDT2, 101), 111) as
		D_EXPDT2,

		CONVERT(varchar, CONVERT(varchar(10), D_EFFDT3, 101), 111) as
		D_EFFDT3,
		CONVERT(varchar, CONVERT(varchar(10), D_EXPDT3, 101), 111) as
		D_EXPDT3,

		CONVERT(varchar, CONVERT(varchar(10), D_EFFDT4, 101), 111) as
		D_EFFDT4,
		CONVERT(varchar, CONVERT(varchar(10), D_EXPDT4, 101), 111) as
		D_EXPDT4,

		CONVERT(varchar, CONVERT(varchar(10), D_EFFDT5, 101), 111) as
		D_EFFDT5,
		CONVERT(varchar, CONVERT(varchar(10), D_EXPDT5, 101), 111) as
		D_EXPDT5

		from
		BLRFile
		where

		C_BLRTYPECODE = #C_BLRTYPECODE#

		<isNotEmpty property="D_TRANSACTIONDATE1" prepend="And">
			D_EFFDT1
			&lt;= CONVERT(varchar, CONVERT(varchar(10), #D_TRANSACTIONDATE1#,
			101), 111)
		</isNotEmpty>
		<isNotEmpty property="D_TRANSACTIONDATE1" prepend="And">
			D_EXPDT1
			&gt;= CONVERT(varchar, CONVERT(varchar(10), #D_TRANSACTIONDATE1#,
			101), 111)
		</isNotEmpty>


		<isNotEmpty property="D_TRANSACTIONDATE2" prepend="And">
			D_EFFDT2
			&lt;= CONVERT(varchar, CONVERT(varchar(10), #D_TRANSACTIONDATE2#,
			101), 111)
		</isNotEmpty>
		<isNotEmpty property="D_TRANSACTIONDATE2" prepend="And">
			D_EXPDT2
			&gt;= CONVERT(varchar, CONVERT(varchar(10), #D_TRANSACTIONDATE2#,
			101), 111)
		</isNotEmpty>


		<isNotEmpty property="D_TRANSACTIONDATE3" prepend="And">
			D_EFFDT3
			&lt;= CONVERT(varchar, CONVERT(varchar(10), #D_TRANSACTIONDATE3#,
			101), 111)
		</isNotEmpty>
		<isNotEmpty property="D_TRANSACTIONDATE3" prepend="And">
			D_EXPDT3&gt;= CONVERT(varchar, CONVERT(varchar(10),
			#D_TRANSACTIONDATE3#, 101), 111)
		</isNotEmpty>


		<isNotEmpty property="D_TRANSACTIONDATE4" prepend="And">
			D_EFFDT4
			&lt;= CONVERT(varchar, CONVERT(varchar(10), #D_TRANSACTIONDATE4#,
			101), 111)
		</isNotEmpty>
		<isNotEmpty property="D_TRANSACTIONDATE4" prepend="And">
			D_EXPDT4
			&gt;= CONVERT(varchar, CONVERT(varchar(10), #D_TRANSACTIONDATE4#,
			101), 111)
		</isNotEmpty>


		<isNotEmpty property="D_TRANSACTIONDATE5" prepend="And">
			D_EFFDT5
			&lt;= CONVERT(varchar, CONVERT(varchar(10), #D_TRANSACTIONDATE5#,
			101), 111)
		</isNotEmpty>
		<isNotEmpty property="D_TRANSACTIONDATE5" prepend="And">
			D_EXPDT5
			&gt;= CONVERT(varchar, CONVERT(varchar(10), #D_TRANSACTIONDATE5#,
			101), 111)
		</isNotEmpty>



		<!-- where and -->

	</select>





	<select id="searchBLRInquiry" resultClass="java.util.HashMap">

		select
		C_BLRTYPECODE,
		N_BLR1,
		N_BLR2,
		N_BLR3,
		N_BLR4,
		N_BLR5,

		CONVERT(varchar, CONVERT(varchar(10), D_EFFDT1, 101), 111) as
		D_EFFDT1,
		CONVERT(varchar, CONVERT(varchar(10), D_EXPDT1, 101), 111) as
		D_EXPDT1,

		CONVERT(varchar, CONVERT(varchar(10), D_EFFDT2, 101), 111) as
		D_EFFDT2,
		CONVERT(varchar, CONVERT(varchar(10), D_EXPDT2, 101), 111) as
		D_EXPDT2,

		CONVERT(varchar, CONVERT(varchar(10), D_EFFDT3, 101), 111) as
		D_EFFDT3,
		CONVERT(varchar, CONVERT(varchar(10), D_EXPDT3, 101), 111) as
		D_EXPDT3,

		CONVERT(varchar, CONVERT(varchar(10), D_EFFDT4, 101), 111) as
		D_EFFDT4,
		CONVERT(varchar, CONVERT(varchar(10), D_EXPDT4, 101), 111) as
		D_EXPDT4,

		CONVERT(varchar, CONVERT(varchar(10), D_EFFDT5, 101), 111) as
		D_EFFDT5,
		CONVERT(varchar, CONVERT(varchar(10), D_EXPDT5, 101), 111) as
		D_EXPDT5

		from
		BLRFile
		where

		C_BLRTYPECODE = #C_BLRTYPECODE#


		<isNotEmpty property="D_TRANSACTIONDATE1" prepend="And">
			D_EFFDT1
			&lt;= CONVERT(varchar, CONVERT(varchar(10), #D_TRANSACTIONDATE1#,
			101), 111)
		</isNotEmpty>
		<isNotEmpty property="D_TRANSACTIONDATE1" prepend="And">
			D_EXPDT1
			&gt;= CONVERT(varchar, CONVERT(varchar(10), #D_TRANSACTIONDATE1#,
			101), 111)
		</isNotEmpty>


		<isNotEmpty property="D_TRANSACTIONDATE2" prepend="And">
			D_EFFDT2
			&lt;= CONVERT(varchar, CONVERT(varchar(10), #D_TRANSACTIONDATE2#,
			101), 111)
		</isNotEmpty>
		<isNotEmpty property="D_TRANSACTIONDATE2" prepend="And">
			D_EXPDT2
			&gt;= CONVERT(varchar, CONVERT(varchar(10), #D_TRANSACTIONDATE2#,
			101), 111)
		</isNotEmpty>


		<isNotEmpty property="D_TRANSACTIONDATE3" prepend="And">
			D_EFFDT3
			&lt;= CONVERT(varchar, CONVERT(varchar(10), #D_TRANSACTIONDATE3#,
			101), 111)
		</isNotEmpty>
		<isNotEmpty property="D_TRANSACTIONDATE3" prepend="And">
			D_EXPDT3&gt;= CONVERT(varchar, CONVERT(varchar(10),
			#D_TRANSACTIONDATE3#, 101), 111)
		</isNotEmpty>


		<isNotEmpty property="D_TRANSACTIONDATE4" prepend="And">
			D_EFFDT4
			&lt;= CONVERT(varchar, CONVERT(varchar(10), #D_TRANSACTIONDATE4#,
			101), 111)
		</isNotEmpty>
		<isNotEmpty property="D_TRANSACTIONDATE4" prepend="And">
			D_EXPDT4
			&gt;= CONVERT(varchar, CONVERT(varchar(10), #D_TRANSACTIONDATE4#,
			101), 111)
		</isNotEmpty>


		<isNotEmpty property="D_TRANSACTIONDATE5" prepend="And">
			D_EFFDT5
			&lt;= CONVERT(varchar, CONVERT(varchar(10), #D_TRANSACTIONDATE5#,
			101), 111)
		</isNotEmpty>
		<isNotEmpty property="D_TRANSACTIONDATE5" prepend="And">
			D_EXPDT5
			&gt;= CONVERT(varchar, CONVERT(varchar(10), #D_TRANSACTIONDATE5#,
			101), 111)
		</isNotEmpty>

	</select>


</sqlMap>