<?xml version="1.0" encoding="UTF-8" ?>
<!DOCTYPE sqlMap PUBLIC "-//ibatis.apache.org//DTD SQL Map 2.0//EN"	"http://ibatis.apache.org/dtd/sql-map-2.dtd">

<sqlMap namespace="blr">
	<select id="getBLRGrid" parameterClass="java.util.HashMap"
		resultClass="java.util.HashMap">
		SELECT [N_REFNO]
		,[C_CLNTCODE]
		,[N_BLR]
		,[D_EFFDT]
		,[D_EXPDT]
		,[D_CREATEDDT]
		,[C_USERID]
		,CASE WHEN [C_STATUS] = 3 THEN 'INACTIVE'
		ELSE 'ACTIVE' END [C_STATUS]
		FROM [dbo].[BLR]
		WHERE C_CLNTCODE =
		#c_clntCode#
		ORDER BY D_EFFDT
	</select>

	<select id="countBLRGrid" parameterClass="java.util.HashMap"
		resultClass="java.lang.String">
		SELECT COUNT(*)
		FROM [dbo].[BLR]
		WHERE C_CLNTCODE =
		#c_clntCode#
	</select>

	<select id="readBLR" parameterClass="java.util.HashMap"
		resultClass="com.bdo.factor.beans.BLR">
		SELECT [N_REFNO]
		,[C_CLNTCODE]
		,[N_BLR]
		,[D_EFFDT]
		,[D_EXPDT]
		,[D_CREATEDDT]
		,[C_USERID]
		,[C_STATUS]
		FROM [dbo].[BLR]
	</select>

	<select id="readBLRGeneric" parameterClass="java.util.Map"
		resultClass="com.bdo.factor.beans.BLR">
		SELECT * FROM(
		SELECT
		<isNotEmpty property="topCount">
			TOP $topCount$
		</isNotEmpty>
		[N_REFNO]
		,[C_CLNTCODE]
		,[N_BLR]
		,[D_EFFDT]
		,[D_EXPDT]
		,[D_CREATEDDT]
		,[C_USERID]
		,[C_STATUS]
		FROM [dbo].[BLR]
		WHERE
		<isNotEmpty property="refNo">
			[N_REFNO] = #refNo#
		</isNotEmpty>
		<isNotEmpty property="clntCode">
			[C_CLNTCODE] = #clntCode#
		</isNotEmpty>

		AND [C_STATUS] &lt;&gt; 3
		<!-- AND ((D_EFFDT >= (SELECT currentdate FROM [factorsGetDate])) OR ((SELECT 
			currentdate FROM [factorsGetDate]) BETWEEN D_EFFDT and D_EXPDT )) -->
		ORDER BY D_EFFDT DESC
		)q1 ORDER BY D_EFFDT ASC

	</select>

	<select id="readBLRByRefNo" parameterClass="java.lang.Long"
		resultClass="com.bdo.factor.beans.BLR">
		SELECT [N_REFNO]
		,[C_CLNTCODE]
		,[N_BLR]
		,[D_EFFDT]
		,[D_EXPDT]
		,[D_CREATEDDT]
		,[C_USERID]
		,[C_STATUS]
		FROM [dbo].[BLR]
		WHERE [N_REFNO] =
		#refNo#
	</select>

	<insert id="createBLR" parameterClass="com.bdo.factor.beans.BLR">
		INSERT INTO [dbo].[BLR]
		([C_CLNTCODE]
		,[N_BLR]
		,[D_EFFDT]
		,[D_EXPDT]
		,[D_CREATEDDT]
		,[C_USERID]
		,[C_STATUS])
		VALUES
		(#c_clntCode#
		,#n_blr#
		,#d_effDt#
		,#d_expDt#
		,#d_createdDt#
		,#c_userid#
		,#c_status#)

		<selectKey resultClass="java.lang.Long" keyProperty="n_refno">
			SELECT
			@@identity AS n_refno
		</selectKey>
	</insert>

	<update id="editBLR" parameterClass="com.bdo.factor.beans.BLR">
		UPDATE [dbo].[BLR]
		SET
		[C_CLNTCODE] = #c_clntCode#
		,[N_BLR] = #n_blr#
		,[D_EFFDT] = #d_effDt#
		,[D_EXPDT] = #d_expDt#
		,[D_CREATEDDT] = #d_createdDt#
		,[C_USERID] =
		#c_userid#
		,[C_STATUS] = #c_status#
		WHERE [N_REFNO] = #n_refno#
	</update>

	<select id="getBLRConflict" parameterClass="com.bdo.factor.beans.BLR"
		resultClass="java.lang.Integer">
		SELECT count(*) FROM BLR WHERE c_clntcode = #c_clntCode#
		AND c_status &lt;&gt; 3 AND ((#d_effDt# BETWEEN D_EFFDT AND D_EXPDT)
		OR (#d_expDt# BETWEEN D_EFFDT AND D_EXPDT)OR (D_EFFDT BETWEEN
		#d_effDt# AND #d_expDt#) OR(D_EXPDT BETWEEN #d_effDt# AND #d_expDt#))
	</select>

	<select id="getPreviousRate" parameterClass="com.bdo.factor.beans.BLR"
		resultClass="com.bdo.factor.beans.BLR">
		SELECT
		TOP 1 *
		FROM
		BLR
		WHERE
		D_EFFDT &lt; (SELECT
		D_EFFDT
		FROM
		blr
		WHERE
		C_CLNTCODE = #c_clntCode#
		and #d_effDt# between D_EFFDT and D_EXPDT
		and C_STATUS = 2)
		AND C_CLNTCODE = #c_clntCode#
		AND c_status =2
		ORDER BY
		D_EFFDT ASC
	</select>


</sqlMap>