<?xml version="1.0" encoding="UTF-8" ?>
<!DOCTYPE sqlMap PUBLIC "-//ibatis.apache.org//DTD SQL Map 2.0//EN"	"http://ibatis.apache.org/dtd/sql-map-2.dtd">

<sqlMap namespace="Factors">

	<select id="searchBranchByCode" resultClass="java.lang.String">
		SELECT c_branchname
		as brname from BRANCH
		WHERE c_branchcode = #brcode#
	</select>

	<select id="searchBranchByCodeAComplete" resultClass="java.lang.String">
		SELECT *
		from Branch
		where C_BRANCHCODE = #C_BRANCHCODE#
	</select>

	<!--- Inserting data in table insert into BRANCH -->
	<update id="addBranch" parameterClass="java.util.Map">
		insert into BRANCH
		(C_BRANCHCODE, C_BRANCHNAME)
		values (#C_BRANCHCODE#, #C_BRANCHNAME#)
	</update>

	<update id="updateBranch" parameterClass="java.util.Map">

		update BRANCH
		set
		C_BRANCHCODE=#C_BRANCHCODE_ORIG#,
		C_BRANCHNAME=#C_BRANCHNAME#

		where
		C_BRANCHCODE = #C_BRANCHCODE_ORIG#

	</update>

	<delete id="deleteBranch" parameterClass="java.util.Map">
		delete from BRANCH
		where C_BRANCHCODE = #C_BRANCHCODE_ORIG#
	</delete>


	<select id="searchBranch" resultClass="java.util.HashMap">

		<!-- SELECT C_BRANCHCODE, C_BRANCHCODE as C_BRANCHCODE_ORIG, C_BRANCHNAME -->
		<!-- FROM (SELECT COUNT(*) AS rn, h1.C_BRANCHCODE, h1.C_BRANCHNAME -->
		<!-- FROM -->
		<!-- (SELECT C_BRANCHCODE, C_BRANCHNAME, -->
		<!-- tblkey = C_BRANCHCODE + C_BRANCHNAME -->
		<!-- FROM Branch -->
		<!-- WHERE C_BRANCHCODE = #C_BRANCHCODE# -->
		<!-- )h1 -->
		<!-- -->
		<!-- INNER JOIN Branch h2 -->
		<!-- ON h1.tblkey &lt;= h2.C_BRANCHCODE + C_BRANCHNAME AND h2.C_BRANCHCODE 
			= #C_BRANCHCODE# -->
		<!-- GROUP BY h1.C_BRANCHCODE, h1.C_BRANCHNAME -->
		<!-- -->
		<!-- )DERIVEDTBL -->
		<!-- -->
		<!-- WHERE -->
		<!-- (rn BETWEEN #start# AND #end#) -->


		SELECT C_BRANCHCODE,C_BRANCHCODE as C_BRANCHCODE_ORIG,C_BRANCHNAME
		from
		(SELECT *,(SELECT count(*) from BRANCH a2 where a2.C_BRANCHCODE
		&lt;=
		a.C_BRANCHCODE) as rn from BRANCH a) DERIVEDTBL
		where rn between
		#start# and #end#
		ORDER BY C_BRANCHCODE
		<!-- -->
	</select>

	<select id="searchBranchCodeByName" resultClass="java.lang.String">
		SELECT
		C_BRANCHCODE
		from BRANCH
		where C_BRANCHNAME = #C_BRANCHNAME#
	</select>

	<select id="getTotalRecordsBranch" resultClass="java.lang.String">
		select count(*)
		from BRANCH
	</select>

	<select id="searchBranchAutoComplete" resultClass="java.util.HashMap">
		select C_BRANCHNAME from BRANCH
		<!-- where C_BANKNAME like '$q$%' -->
	</select>

	<select id="listBranch" resultClass="java.util.HashMap">
		SELECT C_BRANCHCODE,
		C_BRANCHNAME from BRANCH
	</select>
</sqlMap>


