<?xml version="1.0" encoding="UTF-8" ?>
<!DOCTYPE sqlMap PUBLIC "-//ibatis.apache.org//DTD SQL Map 2.0//EN"	"http://ibatis.apache.org/dtd/sql-map-2.dtd">

<sqlMap namespace="CCLink">


	<select id="searchCCLink" resultClass="java.util.HashMap">
		select * from CCLink
	</select>

	<select id="searchClntCodeByCCLink" resultClass="java.util.HashMap">
		select C_CLNTCODE from CCLink
		<dynamic prepend="Where">
			<isNotEmpty property="C_BRANCHCODE" prepend="And">
				C_BRANCHCODE =
				#C_BRANCHCODE#
			</isNotEmpty>
			<isNotEmpty property="C_CUSTCODE" prepend="And">
				C_CUSTCODE =
				#C_CUSTCODE#
			</isNotEmpty>
		</dynamic>
	</select>


	<select id="searchCCLinkByCode" resultClass="java.util.HashMap">

		select

		C_BRANCHCODE,
		C_CLNTCODE,
		C_CUSTCODE,
		N_CLLIMIT,
		CONVERT(varchar,
		CONVERT(varchar(10), D_EXDATE, 101), 111) as D_EXDATE,
		N_DUNNING,
		C_STATUS,
		N_TERM,
		N_CURRENCYCODE,
		N_OVER30DAY,
		N_OVER60DAY,
		N_OVER90DAY,
		N_OVER120DAY,
		N_OVER150DAY,
		N_OVER180DAY,
		N_OVER210DAY,
		B_NLACT,
		N_CCLIMIT,
		CONVERT(varchar, CONVERT(varchar(10), D_CCAPDATE, 101), 111)
		as D_CCAPDATE,
		CONVERT(varchar, CONVERT(varchar(10), D_CCEXDATE, 101),
		111) as
		D_CCEXDATE,
		N_CCLIMIT1,
		CONVERT(varchar, CONVERT(varchar(10),
		D_CCAPDATE1, 101), 111) as D_CCAPDATE1,
		CONVERT(varchar,
		CONVERT(varchar(10), D_CCEXDATE1, 101), 111) as
		D_CCEXDATE1,
		C_CONTACT,
		C_TELNO,
		C_FAXNO,
		C_VERIFYEMAIL1,
		C_VERIFYEMAIL2,
		C_COLLECTCONTACT,
		C_COLLECTTELNO,
		C_COLLECTFAXLNO,
		C_COLLECTEMAIL1,
		C_COLLECTEMAIL2,
		CONVERT(varchar, CONVERT(varchar(10), D_CREATEDATE, 101), 111) as
		D_CREATEDATE,
		CONVERT(varchar, CONVERT(varchar(10), D_LASTUPDATEDATE,
		101), 111) as
		D_LASTUPDATEDATE,
		C_COLLECTADDRESS,
		C_COLLECTTIME

		from
		CCLink

		<dynamic prepend="Where">
			<isNotEmpty property="C_BRANCHCODE" prepend="And">
				C_BRANCHCODE =
				#C_BRANCHCODE#
			</isNotEmpty>
			<isNotEmpty property="C_CLNTCODE" prepend="And">
				C_CLNTCODE =
				#C_CLNTCODE#
			</isNotEmpty>
			<isNotEmpty property="C_CUSTCODE" prepend="And">
				C_CUSTCODE =
				#C_CUSTCODE#
			</isNotEmpty>
		</dynamic>
	</select>


	<update id="addCCLink" parameterClass="java.util.HashMap">

		insert into CCLINK (
		C_BRANCHCODE,
		C_CLNTCODE,
		C_CUSTCODE,
		N_CCLIMIT,
		N_CCLIMIT1,
		D_CCAPDATE,
		D_CCAPDATE1,
		D_CCEXDATE,
		D_CCEXDATE1,
		N_TERM,
		<!-- D_MCREATE, -->
		B_NLACT,
		<!-- D_MUPDATE -->
		C_CONTACT,
		C_TELNO,
		C_FAXNO,
		C_VERIFYEMAIL1,
		C_VERIFYEMAIL2,
		C_COLLECTCONTACT,
		C_COLLECTTELNO,
		C_COLLECTFAXLNO,
		C_COLLECTEMAIL1,
		C_COLLECTEMAIL2,
		D_CREATEDATE,
		D_LASTUPDATEDATE
		)
		values (
		#C_BRANCHCODE#,
		#C_CLNTCODE#,
		#C_CUSTCODE#,
		#N_CCLIMIT#,
		#N_CCLIMIT1#,
		#D_CCAPDATE#,
		#D_CCAPDATE1#,
		#D_CCEXDATE#,
		#D_CCEXDATE1#,
		#N_TERM#,
		<!-- CONVERT(VARCHAR(10), GETDATE(), 101), -->
		#B_NLACT#,
		<!-- CONVERT(VARCHAR(10), GETDATE(), 101) -->
		#C_CONTACTVER#,
		#C_TELNOVER#,
		#C_FAXNOVER#,
		#C_VERIFYEMAIL1#,
		#C_VERIFYEMAIL2#,
		#C_COLLECTCONTACT#,
		#C_COLLECTTELNO#,
		#C_COLLECTFAXLNO#,
		#C_COLLECTEMAIL1#,
		#C_COLLECTEMAIL2#,
		#D_CREATEDATE#,
		#D_LASTUPDATEDATE#



		)

	</update>

	<update id="updateCCLink" parameterClass="java.util.HashMap">

		update CCLINK
		set

		N_TERM=#N_TERM#,
		N_CLLIMIT=#N_CLLIMIT#,
		N_DUNNING=#N_DUNNING#,
		D_EXDATE=#D_EXDATE#,
		N_CCLIMIT=#N_CCLIMIT#,
		D_CCEXDATE=#D_CCEXDATE#,
		N_CCLIMIT1=#N_CCLIMIT1#,
		D_CCAPDATE=#D_CCAPDATE#,
		D_CCAPDATE1=#D_CCAPDATE1#,
		D_CCEXDATE1=#D_CCEXDATE1#,
		B_NLACT=#B_NLACT#,
		C_CONTACT=#C_CONTACTVER#,
		C_TELNO=#C_TELNOVER#,
		C_FAXNO=#C_FAXNOVER#,
		C_VERIFYEMAIL1=#C_VERIFYEMAIL1#,
		C_VERIFYEMAIL2=#C_VERIFYEMAIL2#,
		C_COLLECTCONTACT=#C_COLLECTCONTACT#,
		C_COLLECTTELNO=#C_COLLECTTELNO#,
		C_COLLECTFAXLNO=#C_COLLECTFAXLNO#,
		C_COLLECTEMAIL1=#C_COLLECTEMAIL1#,
		C_COLLECTEMAIL2=#C_COLLECTEMAIL2#,
		D_CREATEDATE=#D_CREATEDATE#,
		D_LASTUPDATEDATE=#D_LASTUPDATEDATE#



		<dynamic prepend="Where">
			<isNotEmpty property="C_BRANCHCODE" prepend="And">
				C_BRANCHCODE =
				#C_BRANCHCODE#
			</isNotEmpty>
			<isNotEmpty property="C_CLNTCODE" prepend="And">
				C_CLNTCODE =
				#C_CLNTCODE#
			</isNotEmpty>
			<isNotEmpty property="C_CUSTCODE" prepend="And">
				C_CUSTCODE =
				#C_CUSTCODE#
			</isNotEmpty>
		</dynamic>

	</update>

	<select id="searchRunningBalByClient" resultClass="java.lang.String">
		select
		N_RUNNINGBAL
		from CCLINK
		where C_CLNTCODE = #C_CLNTCODE#
		and C_CUSTCODE =
		#C_CUSTCODE#
	</select>

	<update id="updateCustIneligible" parameterClass="java.util.HashMap">
		update cclink
		set
		N_INELIGIBLEREC=case when n_runningbal-n_cclimit > 0 then
		n_runningbal-n_cclimit else 0 end
		where c_clntcode = #C_CLNTCODE#
		and
		C_CUSTCODE = #C_CUSTCODE#
	</update>

	<update id="updateClientIneligible" parameterClass="java.util.HashMap">
		update
		dbcif.dbo.client set n_ineligiblerec=case when
		((select
		sum(n_ineligiblerec) from cclink where
		c_clntcode=dbcif.dbo.client.c_clntcode)-
		(select sum(n_ineligiblerec)
		from advances where
		c_clntcode=dbcif.dbo.client.c_clntcode and
		c_status=2)) > 0 then
		((select sum(n_ineligiblerec) from cclink where
		c_clntcode=dbcif.dbo.client.c_clntcode)-
		(select sum(n_ineligiblerec)
		from advances where
		c_clntcode=dbcif.dbo.client.c_clntcode and
		c_status=2)) else 0 end
		where c_clntcode=#C_CLNTCODE#
	</update>

	<update id="updateRunningBalByClient" parameterClass="java.util.HashMap">
		update
		CCLINK set N_RUNNINGBAL = #N_RUNNINGBAL#
		where C_CLNTCODE =
		#C_CLNTCODE#
		AND C_CUSTCODE = #C_CUSTCODE#
	</update>

	<!-- <insert id="addCCLink" parameterClass="com.bdo.factor.beans.CCLink"> 
		insert into CCLINK (C_BRANCHCODE, C_CLNTCODE, C_CLLIMIT, D_APDATE, D_EXDATE, 
		C_TERMCODE, C_CURRENCY, B_TERMINATED, N_TERM, N_CURINV, N_OVER30DAY, N_OVER60DAY, 
		N_OVER90DAY, N_OVER120DAY, N_OVER150DAY, N_OVER180DAY, N_21-DAY) values (#c_BranchCode#, 
		#c_ClntCode#, #n_ClLimit#, #d_ApDate#, #d_ExDate#, #c_TermCode#, #c_Currency#, 
		#b_Terminated#, #n_Term#, #n_CurInv#, #n_Over30Day#, #n_Over60Day#, #n_Over90Day#, 
		#n_Over120Day#, #n_Over150Day#, #n_Over180Day#, #n_Over210Day#, #d_MCreate#, 
		#d_MUpdate#, #n_CcLimit1#, #d_CcApDate1#, #d_CcExDate1#); </insert> <update 
		id="updateAccountOfficer" parameterClass="com.bdo.factor.beans.CCLink"> update 
		CCLink set C_BRANCHCODE=#c_BranchCode#, C_ACCTOFFICERCODE=#c_CCLinkCode#, 
		C_NAME=#c_Name# where C_ACCTOFFICERCODE = #c_CCLinkCode# </update> <delete 
		id="deleteCCLink" parameterClass="java.lang.String"> delete from CCLink where 
		C_ACCTOFFICERCODE = #c_CCLinkCode# </delete> -->

	<select id="searchIneligibleByClient" resultClass="java.lang.String">
		select
		N_INELIGIBLEREC
		from CCLINK
		where C_CLNTCODE = #C_CLNTCODE#
		and
		C_CUSTCODE = #C_CUSTCODE#
	</select>

	<update id="updatePaymentSchedule" parameterClass="java.util.HashMap">
		INSERT into
		collectionschedulelist (C_CLNTCODE, C_CUSTCODE, N_SCHEDCODE)
		values(#C_CLNTCODE#,#C_CUSTCODE#,#payment#)
	</update>

	<update id="updateCollectionDetails" parameterClass="java.util.HashMap">
		UPDATE
		ccLink set
		C_COLLECTADDRESS = #C_COLLECTADDRESS#,
		C_COLLECTTIME =
		#C_COLLECTTIME#,
		c_collectcontact=#C_COLLECTCONTACT#,
		c_collecttelno=#C_COLLECTTELNO#,
		c_collectfaxlno=#C_COLLECTFAXLNO#,
		c_collectemail1=#C_COLLECTEMAIL1#,
		c_collectemail2 =#C_COLLECTEMAIL2#
		WHERE C_CLNTCODE = #C_CLNTCODE# AND C_CUSTCODE = #C_CUSTCODE#
	</update>

	<delete id="removeCustomerPaymentSchedule" parameterClass="java.util.HashMap">
		DELETE FROM collectionschedulelist WHERE c_clntcode=#C_CLNTCODE# AND
		c_custcode=#C_CUSTCODE# AND n_schedcode=#Removal#
	</delete>


	<select id="getCCLinkByClientId" resultClass="com.bdo.factor.beans.CCLinkBean">
		SELECT
		[C_BRANCHCODE]
		,[C_CLNTCODE]
		,[C_CUSTCODE]
		,ISNULL(N_CLLIMIT,0)[N_CLLIMIT]
		,[D_EXDATE]
		,ISNULL(N_DUNNING,0)[N_DUNNING]
		,ISNULL(C_STATUS,0)[C_STATUS]
		,ISNULL(N_TERM,0)[N_TERM]
		,ISNULL(N_CURRENCYCODE,0)[N_CURRENCYCODE]
		,ISNULL(N_OVER30DAY,0)[N_OVER30DAY]
		,ISNULL(N_OVER60DAY,0)[N_OVER60DAY]
		,ISNULL(N_OVER90DAY,0)[N_OVER90DAY]
		,ISNULL(N_OVER120DAY,0)[N_OVER120DAY]
		,ISNULL(N_OVER150DAY,0)[N_OVER150DAY]
		,ISNULL(N_OVER180DAY,0)[N_OVER180DAY]
		,ISNULL(N_OVER210DAY,0)[N_OVER210DAY]
		,ISNULL(B_NLACT,0)[B_NLACT]
		,ISNULL(N_RUNNINGBAL,0)[N_RUNNINGBAL]
		,ISNULL(N_CCLIMIT,0)[N_CCLIMIT]
		,[D_CCAPDATE]
		,[D_CCEXDATE]
		,ISNULL(N_CCLIMIT1,0)[N_CCLIMIT1]
		,[D_CCAPDATE1]
		,[D_CCEXDATE1]
		,[C_CONTACT]
		,[C_TELNO]
		,[C_FAXNO]
		,[C_VERIFYEMAIL1]
		,[C_VERIFYEMAIL2]
		,[C_COLLECTCONTACT]
		,[C_COLLECTTELNO]
		,[C_COLLECTFAXLNO]
		,[C_COLLECTEMAIL1]
		,[C_COLLECTEMAIL2]
		,[D_CREATEDATE]
		,[D_LASTUPDATEDATE]
		,ISNULL(N_INELIGIBLEREC,0)[N_RUNNINGBAL]
		,[C_COLLECTADDRESS]
		,[C_COLLECTTIME]
		FROM [CCLink]
		WHERE
		C_CLNTCODE = #id#

	</select>


</sqlMap>