<?xml version="1.0" encoding="UTF-8" ?>
<!DOCTYPE sqlMap PUBLIC "-//ibatis.apache.org//DTD SQL Map 2.0//EN"	"http://ibatis.apache.org/dtd/sql-map-2.dtd">

<sqlMap namespace="ChargeType">
	<select id="getAllChargeType"></select>
	<select id="addChargeType"></select>
	<select id="updateChargeType"></select>
	<select id="deleteChargeType"></select>

	<select id="getChargeTypeSelection" resultClass="java.util.HashMap">
		SELECT id,
		charge_description FROM chargetype
	</select>
</sqlMap>