<?xml version="1.0" encoding="UTF-8" ?>
<!DOCTYPE sqlMap PUBLIC "-//ibatis.apache.org//DTD SQL Map 2.0//EN"	"http://ibatis.apache.org/dtd/sql-map-2.dtd">

<sqlMap namespace="CheckType">

	<!--- Inserting data in table insert into Bank -->
	<update id="addCheckType" parameterClass="java.util.Map">
		insert into CHECKTYPE
		(C_CHECKTYPECODE, C_DESCRIPTION, N_NOOFDAYS)
		values (#C_CHECKTYPECODE#,
		#C_DESCRIPTION#, #N_NOOFDAYS#);
	</update>

	<update id="updateCheckType" parameterClass="java.util.Map">

		update CHECKTYPE
		set
		C_DESCRIPTION=#C_DESCRIPTION#,
		N_NOOFDAYS=#N_NOOFDAYS#

		where
		C_CHECKTYPECODE = #C_CHECKTYPECODE_ORIG#

	</update>

	<delete id="deleteCheckType" parameterClass="java.util.Map">
		delete from
		CHECKTYPE
		where C_CHECKTYPECODE = #C_CHECKTYPECODE_ORIG#
	</delete>

	<select id="searchCheckTypeByCode" resultClass="java.util.HashMap">
		select *
		from [CHECKTYPE]
		<dynamic prepend="Where">
			<isNotEmpty property="C_CHECKTYPECODE" prepend="And">
				C_CHECKTYPECODE = #C_CHECKTYPECODE#
			</isNotEmpty>

		</dynamic>
	</select>

	<select id="searchCheckType" resultClass="java.util.HashMap">
		SELECT *,
		C_CHECKTYPECODE as C_CHECKTYPECODE_ORIG from
		(SELECT *,(SELECT count(*)
		from CHECKTYPE a2 where a2.C_CHECKTYPECODE &lt;=
		a.C_CHECKTYPECODE) as
		rn from CHECKTYPE a) DERIVEDTBL
		where rn between #start# and #end#
		ORDER BY C_CHECKTYPECODE
	</select>

	<select id="searchCtypeCodeByName" resultClass="java.lang.String">
		SELECT
		C_CHECKTYPECODE
		from CHECKTYPE
		where C_DESCRIPTION = #C_DESCRIPTION#
	</select>

	<select id="searchDaysByCode" resultClass="java.lang.String">
		SELECT N_NOOFDAYS
		from
		CHECKTYPE
		where C_CHECKTYPECODE = #C_CHECKTYPECODE#
	</select>

	<select id="getTotalRecordsCheckType" resultClass="java.lang.String">
		select
		count(*) from CHECKTYPE
	</select>

	<select id="searchCheckTypeAutoComplete" resultClass="java.util.HashMap">
		select C_DESCRIPTION from CHECKTYPE
		<!-- where C_BANKNAME like '$q$%' -->
	</select>
</sqlMap>