<?xml version="1.0" encoding="UTF-8" ?>
<!DOCTYPE sqlMap PUBLIC "-//ibatis.apache.org//DTD SQL Map 2.0//EN"	"http://ibatis.apache.org/dtd/sql-map-2.dtd">

<sqlMap namespace="CISA">

	<insert id="AddCISAIndividualBean" parameterClass="com.bdo.factor.beans.CISAIndividualBean">
		INSERT INTO [dbAAF].[dbo].[BDOLF_individual_temp]
		([party_id]
		<!-- ,[account_officer] -->
		,[record_type]
		,[first_name]
		,[last_name]
		,[gender]
		,[date_of_birth]
		,[nationality]
		,[address1_addressType]
		,[address1_fullAddress]
		,[contact1_type]
		,[contact1_value]
		,[identification1_type]
		,[identification1_number]
		,[id1_type]
		,[id1_number]
		,[source_data]
		)
		VALUES
		(#party_id#
		<!-- ,#account_officer# -->
		,#record_type#
		,#first_name#
		,#last_name#
		,#gender#
		,#date_of_birth#
		,#nationality#
		,#address1_addressType#
		,#address1_fullAddress#
		,#contact1_contactType#
		,#contact1_contactValue#
		,#identification1_type#
		,#identification1_number#
		,#id1_type#
		,#id1_number#
		,#source_data#
		)
	</insert>

	<insert id="AddCISABusinessBean" parameterClass="com.bdo.factor.beans.CISABusinessBean">
		INSERT INTO [dbAAF].[dbo].[BDOLF_company_temp]
		([party_id]
		<!-- ,[account_officer] -->
		,[record_type]
		,[trade_name]
		,[address1_addressType]
		,[address1_fullAddress]
		,[contact1_type]
		,[contact1_value]
		,[identification1_type]
		,[identification1_number]
		,[source_data]
		)
		VALUES
		(#party_id#
		<!-- ,#account_officer# -->
		,#record_type#
		,#trade_name#
		,#address1_addressType#
		,#address1_fullAddress#
		,#contact1_contactType#
		,#contact1_contactValue#
		,#identification1_type#
		,#identification1_number#
		,#source_data#
		)
	</insert>

	<!--insert id="AddCISALinkList"> INSERT INTO [dbAAF].[dbo].[BDOLF_link_between_subject_customer_temp] 
		([provider_subject_no_parent] ,[role_of_parent] ,[provider_subject_no_child] 
		,[source_data]) VALUES <iterate property="CISALinkList" conjunction="," > 
		( #CISALinkList[].provider_subject_no_parent# ,#CISALinkList[].role_of_parent# 
		,#CISALinkList[].provider_subject_no_child# ,#CISALinkList[].source_data#) 
		</iterate> </insert -->

	<insert id="AddCISAContract" parameterClass="com.bdo.factor.beans.CISAContract">
		INSERT INTO [dbAAF].[dbo].[BDOLF_contract_temp]
		(<!-- [account_officer] -->
		[record_type]
		,[provider_subject_no]
		,[role]
		,[provider_contract_no]
		,[contract_type]
		,[contract_phase]
		,[currency]
		,[original_currency]
		,[contract_start_date]
		,[transaction_type_sub_facility]
		,[outstanding_balance]
		,[overdue_payments_no]
		,[outstanding_payment_no]
		,[overdue_payments_amount]
		,[overdue_days]
		,[installments_number]
		,[payment_periodicity]
		,[contract_end_planned_date]
		,[monthly_payment_amount]
		,[last_payment_amount]
		,[financed_amount]
		,[source_data])
		VALUES
		(<!-- #account_officer# -->
		#record_type#
		,#provider_subject_no#
		,#role#
		,#provider_contract_no#
		,#contract_type#
		,#contract_phase#
		,#currency#
		,#original_currency#
		,#contract_start_date#
		,#transaction_type_sub_facility#
		,#outstanding_balance#
		,#overdue_payments_no#
		,#outstanding_payment_no#
		,#overdue_payments_amount#
		,#overdue_days#
		,#installment_numbers#
		,#payment_periodicity#
		,#contract_end_planned_date#
		,#monthly_payment_amount#
		,#last_payment_amount#
		,#financed_amount#
		,#source_data#)
	</insert>

	<!-- added by CVG 09-09-16 -->
	<insert id="addAAFUser" parameterClass="java.util.HashMap">
		insert into
		dbAAF.dbo.BDOLF_FactorsUsers (
		c_userid,
		c_username,
		role
		)
		values (
		#c_userid#,
		#c_userName#,
		#role#
		)
	</insert>

	<delete id="deleteAAFUser" parameterClass="java.lang.String">
		DELETE
		dbAAF.dbo.BDOLF_FactorsUsers WHERE c_userid=#c_UserID#
	</delete>

	<select id="checkIfUserExist" resultClass="java.lang.Integer">
		SELECT COUNT(ROLE) from dbAAF.dbo.BDOLF_FactorsUsers WHERE
		c_userid=#c_UserID#
	</select>


	<update id="updateAAFUser" parameterClass="java.util.HashMap">
		UPDATE dbAAF.dbo.BDOLF_FactorsUsers SET c_username = #c_userName#, ROLE =
		#role#
		WHERE C_USERID = #c_userid#
	</update>

	<!-- end -->

	<select id="checkIfClientExist" resultClass="java.lang.Integer">
		select isnull(COUNT(ContractSource),0) from [BDOLF_CISA_Contract_Reference]
		where [TransID] = #clientCode# and [ContractSource] = 'FaMSC'
	</select>

	<select id="checkIfCustomerExist" resultClass="java.lang.Integer">
		select isnull(COUNT(ClientSource),0) from BDOLF_CISA_Client_Reference where
		ClientID = #customerCode# and ClientSource = 'FaMS'
	</select>


	<insert id="AddLinkListReferenceCustomer">
		INSERT INTO [dbAAF].[dbo].[BDOLF_CISA_Client_Reference]
		([ClientSource]
		,[ClientID])
		VALUES
		<iterate property="CISACustomerReferenceList" conjunction=",">
			( #CISACustomerReferenceList[].clientSource#
			,#CISACustomerReferenceList[].clientID#)
		</iterate>
	</insert>


	<insert id="AddLinkListReferenceClient">
		INSERT INTO [dbAAF].[dbo].[BDOLF_CISA_Contract_Reference]
		([ContractSource]
		,[TransID])
		VALUES
		<iterate property="CISAContractReferenceList" conjunction=",">
			( #CISAContractReferenceList[].contractSource#
			,#CISAContractReferenceList[].transID#)
		</iterate>
	</insert>


	<select id="getRefID" resultClass="java.lang.Integer">
		SELECT RefID from dbAAF.dbo.BDOLF_CISA_Contract_Reference WHERE
		TransID=#clientCode# and ContractSource = 'FaMSC'
	</select>

	<select id="getCustRefID" resultClass="java.lang.Integer">
		SELECT RefID from dbAAF.dbo.BDOLF_CISA_Client_Reference WHERE
		ClientID=#customerCode# and ClientSource = 'FaMS'
	</select>

</sqlMap>