<?xml version="1.0" encoding="UTF-8" ?>
<!DOCTYPE sqlMap PUBLIC "-//ibatis.apache.org//DTD SQL Map 2.0//EN"	"http://ibatis.apache.org/dtd/sql-map-2.dtd">

<sqlMap namespace="Client">



	<select id="searchClient" resultClass="java.util.HashMap">
		select * from CLIENT
		<dynamic prepend="Where">
			<isNotEmpty property="C_BRANCHCODE" prepend="And">
				C_BRANCHCODE =
				#C_BRANCHCODE#
			</isNotEmpty>
		</dynamic>
	</select>

	<select id="getTotalRecordsClient" resultClass="java.lang.String">
		select count(*)
		from CLIENT
	</select>

	<select id="searchClientWithPaging" resultClass="java.util.HashMap">

		<!-- select * from (select *,(select count(*) from CLIENT a2 where a2.C_CLNTCODE 
			&lt;= a.C_CLNTCODE) as rn from CLIENT a) DERIVEDTBL where rn between #start# 
			and #end# -->

		select

		C_BRANCHCODE,
		C_CLNTCODE,
		C_NAME,
		C_TELNO,
		C_GROUPCODE,
		C_ADDRESS,
		C_CONTACT,
		C_BLRTYPECODE,
		N_DCR,
		N_SCR,
		N_USCR,
		C_BNKACTNO,
		C_BANKCODE,
		N_CREDITLIMIT,
		C_ACCTOFFICERCODE,
		C_SERVICEOFFICERCODE,
		N_CREDAVAIL,
		N_FIU,
		N_FIUTRAN,
		N_RECEIVABLES,
		N_INELIGIBLEREC,
		N_FORCLEARING,
		N_RESERVES,
		C_BREGNO,
		C_CURRENCYCODE,
		CONVERT(varchar,
		CONVERT(varchar(10), D_DATECREATE, 101), 111) as D_DATECREATE,
		CONVERT(varchar, CONVERT(varchar(10), D_LASTUPDATE, 101), 111) as
		D_LASTUPDATE,
		B_ACBANK,
		N_SETTLEMENT,
		C_INDUSTRYCODE,
		N_INVESTMENTLIMIT,
		CONVERT(varchar, CONVERT(varchar(10), D_EFFDATE, 101), 111) as
		D_EFFDATE,
		N_HCR,
		N_TEL,
		N_ADVANCEDRATIO,
		CONVERT(varchar,
		CONVERT(varchar(10), D_LASTADVDATE, 101), 111) as D_LASTADVDATE,
		C_RESTRCTDACCT,
		C_TIN,
		C_CURRENCYCODE,
		N_EFFYIELD,
		C_BNKACTNOUSD,
		C_BANKCODEUSD,
		CONVERT(varchar, CONVERT(varchar(10), D_CPDATE, 101),
		111) as D_CPDATE,
		CONVERT(varchar, CONVERT(varchar(10), D_REVIEWDATE,
		101), 111) as
		D_REVIEWDATE,
		CONVERT(varchar, CONVERT(varchar(10),
		D_CLIENTSINCE, 101), 111) as D_CLIENTSINCE,
		CONVERT(varchar,
		CONVERT(varchar(10), D_AUDITEDDATE, 101), 111) as
		D_AUDITEDDATE,
		CONVERT(varchar, CONVERT(varchar(10), D_INHOUSEDATE, 101), 111) as
		D_INHOUSEDATE,
		C_RESTRCTDACCTUSD,
		C_BORWCODE,
		C_BORWTYPE,
		CreditRiskCd,
		IndCd,
		C_STATUS,
		CONVERT(varchar, CONVERT(varchar(10),
		D_BUSINESSDATEOFBIRTH, 101), 111) as
		D_BUSINESSDATEOFBIRTH,
		C_CLIENTCLASSIFICATION,
		C_SOURCEOFFUND,
		C_NATUREOFWORK,
		C_DIRECTORS,
		C_DOSRI,
		N_NOTARIAL
		<!-- N_EXTENSION, CONVERT(varchar, CONVERT(varchar(10), N_END_EXTENSION, 
			101), 111) as N_END_EXTENSION -->



		from
		(select *,(select count(*) from CLIENT a2 where a2.C_CLNTCODE
		&lt;=
		CONVERT(VARCHAR(50),a.C_CLNTCODE) and
		a2.C_BRANCHCODE=#C_BRANCHCODE#)
		as rn from CLIENT a) DERIVEDTBL
		where rn
		between #start# and #end#
		<isNotEmpty property="C_BRANCHCODE" prepend="And">
			C_BRANCHCODE =
			#C_BRANCHCODE#
		</isNotEmpty>

	</select>

	<select id="searchClientCountForPaging" resultClass="java.lang.String">
		select
		count(*) from client
		where C_BRANCHCODE = #C_BRANCHCODE#
	</select>


	<select id="searchClientByCode" resultClass="java.util.HashMap">

		select
		C_BRANCHCODE,
		C_CLNTCODE,
		C_NAME,
		C_TELNO,
		C_GROUPCODE,
		C_ADDRESS,
		C_CONTACT,
		C_BLRTYPECODE,
		N_DCR,
		N_SCR,
		N_USCR,
		C_BNKACTNO,
		C_BANKCODE,
		N_CREDITLIMIT,
		C_ACCTOFFICERCODE,
		C_SERVICEOFFICERCODE,
		N_CREDAVAIL,
		N_FIU,
		N_FIUTRAN,
		N_RECEIVABLES,
		N_INELIGIBLEREC,
		N_FORCLEARING,
		N_RESERVES,
		C_BREGNO,
		C_CURRENCYCODE,
		CONVERT(varchar,
		CONVERT(varchar(10), D_DATECREATE, 101), 111) as D_DATECREATE,
		CONVERT(varchar, CONVERT(varchar(10), D_LASTUPDATE, 101), 111) as
		D_LASTUPDATE,
		B_ACBANK,
		N_SETTLEMENT,
		C_INDUSTRYCODE,
		N_INVESTMENTLIMIT,
		CONVERT(varchar, CONVERT(varchar(10), D_EFFDATE, 101), 111) as
		D_EFFDATE,
		N_HCR,
		N_TEL,
		N_ADVANCEDRATIO,
		CONVERT(varchar,
		CONVERT(varchar(10), D_LASTADVDATE, 101), 111) as D_LASTADVDATE,
		C_RESTRCTDACCT,
		C_TIN,
		C_CURRENCYCODE,
		N_EFFYIELD,
		C_BNKACTNOUSD,
		C_BANKCODEUSD,
		CONVERT(varchar, CONVERT(varchar(10), D_CPDATE, 101),
		111) as D_CPDATE,
		CONVERT(varchar, CONVERT(varchar(10), D_REVIEWDATE,
		101), 111) as
		D_REVIEWDATE,
		CONVERT(varchar, CONVERT(varchar(10),
		D_CLIENTSINCE, 101), 111) as D_CLIENTSINCE,
		CONVERT(varchar,
		CONVERT(varchar(10), D_AUDITEDDATE, 101), 111) as
		D_AUDITEDDATE,
		CONVERT(varchar, CONVERT(varchar(10), D_INHOUSEDATE, 101), 111) as
		D_INHOUSEDATE,
		C_RESTRCTDACCTUSD,
		C_BORWCODE,
		C_BORWTYPE,
		N_LIABILITIES,
		N_EQUITY,
		N_GROSSINCOME,
		N_EXPENSES,
		N_NETINCOME,
		N_ASSETS,
		CreditRiskCd,
		IndCd,
		C_STATUS = CASE C_STATUS
		WHEN '1' THEN 'T'
		WHEN '0' THEN 'F'
		END,
		CONVERT(varchar, CONVERT(varchar(10), D_BUSINESSDATEOFBIRTH, 101),
		111) as
		D_BUSINESSDATEOFBIRTH,
		C_CLIENTCLASSIFICATION,
		C_SOURCEOFFUND,
		C_NATUREOFWORK,
		C_DIRECTORS,
		C_DOSRI,
		N_NOTARIAL,
		<!-- N_EXTENSION CONVERT(varchar, CONVERT(varchar(10), N_END_EXTENSION, 
			101), 111) as N_END_EXTENSION -->
		ISNULL(is_RMU,0) is_RMU,
		date_tagged_RMU,
		ISNULL(status_RMU,0)
		status_RMU,
		C_RESIDENT,
		C_NATIONALITY,
		C_RISKID,
		C_PEP,
		C_SEMS,
		C_RPTID

		from CLIENT<!-- CLIENT_VIEW -->
		<dynamic prepend="Where">
			<isNotEmpty property="C_CLNTCODE" prepend="And">
				C_CLNTCODE =
				#C_CLNTCODE#
			</isNotEmpty>
			<isNotEmpty property="C_BRANCHCODE" prepend="And">
				C_BRANCHCODE =
				#C_BRANCHCODE#
			</isNotEmpty>
			<isNotEmpty property="C_CLNTCODEARR" prepend="And">
				C_CLNTCODE IN
				$C_CLNTCODEARR$
			</isNotEmpty>
			<isNotEmpty property="D_EFFDATE" prepend="And">
				D_EFFDATE =
				#D_EFFDATE#
			</isNotEmpty>
		</dynamic>


	</select>


	<select id="searchClientTransAmount" resultClass="java.util.HashMap">
		select
		N_RECEIVABLES, N_FIUTRAN, N_RESERVES, N_FORCLEARING, N_ADVANCEDRATIO
		from CLIENT
		where C_CLNTCODE = #C_CLNTCODE#
	</select>

	<select id="searchClientCodeByBranchAndName" resultClass="java.util.HashMap">
		select
		C_CLNTCODE
		from CLIENT
		<dynamic prepend="Where">
			<isNotEmpty property="C_BRANCHCODE" prepend="And">
				C_BRANCHCODE =
				#C_BRANCHCODE#
			</isNotEmpty>
			<isNotEmpty property="C_NAME" prepend="And">
				C_NAME = #C_NAME#
			</isNotEmpty>
		</dynamic>
	</select>

	<select id="searchClientServiceAutoComplete" resultClass="java.util.HashMap">
		select C_NAME from CLIENT
		<dynamic prepend="Where">
			<isNotEmpty property="C_BRANCHCODE" prepend="And">
				C_BRANCHCODE =
				#C_BRANCHCODE#
			</isNotEmpty>
		</dynamic>
		<!-- <dynamic prepend="Where"> <isNotEmpty property="q" prepend="And"> 
			C_CLNTCODE like '$q$%' </isNotEmpty> </dynamic> -->

	</select>

	<select id="searchClientClassificationServiceAutoComplete"
		resultClass="java.util.HashMap">
		select CodeDescription from dbCIF..MiscCode where
		CodeObject = 'CLIENTCLASSIFICATION'
	</select>
	<select id="searchBusinessClassificationServiceAutoComplete"
		resultClass="java.util.HashMap">
		select CodeDescription from dbCIF..MiscCode where
		CodeObject = 'BUSINESSCLASSIFICATION'
	</select>

	<select id="searchIndustrialTypeServiceAutoComplete"
		resultClass="java.util.HashMap">
		select CodeDescription from dbCIF..MiscCode where
		CodeObject = 'INDUSTRYTYPE'
	</select>



	<update id="addClient" parameterClass="java.util.HashMap">

		insert into CLIENT (
		<!-- C_CLNTCODE, N_FIUTRAN -->
		C_BRANCHCODE,
		C_NAME,
		C_TELNO,
		C_ADDRESS,
		C_CONTACT,
		C_INDUSTRYCODE,
		C_BREGNO,
		C_BANKCODE,
		C_BNKACTNO,
		C_RESTRCTDACCT,
		C_ACCTOFFICERCODE,
		C_SERVICEOFFICERCODE,
		D_DATECREATE,
		D_LASTUPDATE,
		B_ACBANK,
		C_TIN,
		C_CURRENCYCODE,
		C_BNKACTNOUSD,
		C_BANKCODEUSD,
		C_RESTRCTDACCTUSD,
		IndCd,
		C_CLIENTCLASSIFICATION,
		D_BUSINESSDATEOFBIRTH,
		C_SOURCEOFFUND,
		C_DIRECTORS,
		C_NATUREOFWORK,
		C_DOSRI,
		C_RESIDENT,
		C_NATIONALITY,
		C_RISKID,
		C_PEP,
		C_SEMS,
		C_RPTID
		)
		values (
		<!-- #C_CLNTCODE#, -->
		#C_BRANCHCODE#,
		#C_NAME#,
		#C_TELNO#,
		#C_ADDRESS#,
		#C_CONTACT#,
		#C_INDUSTRYCODE#,
		#C_BREGNO#,
		#C_BANKCODE#,
		#C_BNKACTNO#,
		#C_RESTRCTDACCT#,
		#C_ACCTOFFICERCODE#,
		#C_SERVICEOFFICERCODE#,
		CONVERT(VARCHAR(10), (select [currentdate] FROM
		dbfactors.dbo.[factorsGetDate]), 101),
		CONVERT(VARCHAR(10), (select
		[currentdate] FROM
		dbfactors.dbo.[factorsGetDate]), 101),
		#B_ACBANK#,
		#C_TIN#,
		#C_CURRENCYCODE#,
		#C_BNKACTNOUSD#,
		#C_BANKCODEUSD#,
		#C_RESTRCTDACCTUSD#,
		#IndCd#,
		#C_CLIENTCLASSIFICATION#,
		CONVERT(VARCHAR(10), #D_BUSINESSDATEOFBIRTH#, 101),
		#C_SOURCEOFFUND#,
		#C_DIRECTORS#,
		#C_NATUREOFWORK#,
		#C_DOSRI#,
		#C_RESIDENT#,
		#C_NATIONALITY#,
		#C_RISK#,
		#C_PEP#,
		#C_SEMS#,
		#C_RPTNAME#
		)

	</update>




	<update id="addClientInMonthlyBalances" parameterClass="java.util.HashMap">

		insert
		into dbfactors.dbo.MonthlyBalances
		(
		C_CLNTCODE
		)
		values
		(
		#C_CLNTCODE#
		)

	</update>



	<update id="updateClient" parameterClass="java.util.HashMap">

		update CLIENT
		set
		C_NAME=#C_NAME#,
		C_TELNO=#C_TELNO#,
		C_ADDRESS=#C_ADDRESS#,
		C_CONTACT=#C_CONTACT#,
		C_INDUSTRYCODE=#C_INDUSTRYCODE#,
		C_BREGNO=#C_BREGNO#,
		C_BANKCODE=#C_BANKCODE#,
		C_BNKACTNO=#C_BNKACTNO#,
		C_RESTRCTDACCT=#C_RESTRCTDACCT#,
		C_ACCTOFFICERCODE=#C_ACCTOFFICERCODE#,
		C_SERVICEOFFICERCODE=#C_SERVICEOFFICERCODE#,
		D_LASTUPDATE=CONVERT(VARCHAR(10), (select [currentdate] FROM
		dbfactors.dbo.[factorsGetDate]), 101),
		B_ACBANK=#B_ACBANK#,
		C_TIN=#C_TIN#,
		C_CURRENCYCODE=#C_CURRENCYCODE#,
		C_BNKACTNOUSD=#C_BNKACTNOUSD#,
		C_BANKCODEUSD=#C_BANKCODEUSD#,
		C_RESTRCTDACCTUSD=#C_RESTRCTDACCTUSD#,
		IndCd=#IndCd#,
		C_STATUS=#C_STATUS#,
		C_CLIENTCLASSIFICATION=#C_CLIENTCLASSIFICATION#,
		D_BUSINESSDATEOFBIRTH=#D_BUSINESSDATEOFBIRTH#,
		C_SOURCEOFFUND=#C_SOURCEOFFUND#,
		C_DIRECTORS=#C_DIRECTORS#,
		C_NATUREOFWORK=#C_NATUREOFWORK#,
		C_DOSRI=#C_DOSRI#,
		C_RESIDENT=#C_RESIDENT#,
		C_NATIONALITY=#C_NATIONALITY#,
		C_RISKID=#C_RISK#,
		C_PEP=#C_PEP#,
		C_SEMS=#C_SEMS#,
		C_RPTID=#C_RPTNAME#

		<dynamic prepend="Where">
			<isNotEmpty property="C_BRANCHCODE" prepend="And">
				C_BRANCHCODE =
				#C_BRANCHCODE#
			</isNotEmpty>
			<isNotEmpty property="C_CLNTCODE" prepend="And">
				C_CLNTCODE =
				#C_CLNTCODE#
			</isNotEmpty>
		</dynamic>

	</update>

	<update id="updateClientTCInfo" parameterClass="java.util.HashMap">

		update CLIENT
		set
		D_LASTUPDATE=CONVERT(VARCHAR(10), (select
		[currentdate] FROM dbfactors.dbo.[factorsGetDate]), 101),
		N_INVESTMENTLIMIT=#N_INVESTMENTLIMIT#,
		N_SCR=#N_SCR#,
		N_USCR=#N_USCR#,
		N_HCR=#N_HCR#,
		N_SETTLEMENT=#N_SETTLEMENT#,
		N_ADVANCEDRATIO=#N_ADVANCEDRATIO#,
		N_EFFYIELD=#N_EFFYIELD#,
		N_NOTARIAL=#N_NOTARIAL#,
		N_EXTENSION=#N_EXTENSION#
		<dynamic prepend="Where">
			<isNotEmpty property="C_BRANCHCODE" prepend="And">
				C_BRANCHCODE =
				#C_BRANCHCODE#
			</isNotEmpty>
			<isNotEmpty property="C_CLNTCODE" prepend="And">
				C_CLNTCODE =
				#C_CLNTCODE#
			</isNotEmpty>
		</dynamic>

	</update>

	<update id="updateClientFinanceInfo" parameterClass="java.util.HashMap">

		update CLIENT
		set
		D_LASTUPDATE=CONVERT(VARCHAR(10), (select
		[currentdate] FROM dbfactors.dbo.[factorsGetDate]), 101),
		D_EFFDATE=#D_EFFDATE#,
		D_CPDATE=#D_CPDATE#,
		D_REVIEWDATE=#D_REVIEWDATE#,
		D_CLIENTSINCE=#D_CLIENTSINCE#,
		D_AUDITEDDATE=#D_AUDITEDDATE#,
		D_INHOUSEDATE=#D_INHOUSEDATE#,
		C_BORWCODE=#C_BORWCODE#,
		C_BORWTYPE=#C_BORWTYPE#,
		CreditRiskCd=#CreditRiskCd#,
		N_LIABILITIES=#N_LIABILITIES#,
		N_EQUITY=#N_EQUITY#,
		N_GROSSINCOME=#N_GROSSINCOME#,
		N_EXPENSES=#N_EXPENSES#,
		N_NETINCOME=#N_NETINCOME#,
		N_ASSETS=#N_ASSETS#
		<dynamic prepend="Where">
			<isNotEmpty property="C_BRANCHCODE" prepend="And">
				C_BRANCHCODE =
				#C_BRANCHCODE#
			</isNotEmpty>
			<isNotEmpty property="C_CLNTCODE" prepend="And">
				C_CLNTCODE =
				#C_CLNTCODE#
			</isNotEmpty>
		</dynamic>

	</update>

	<update id="updateClientTransAmount" parameterClass="java.util.HashMap">
		update
		CLIENT
		set N_RECEIVABLES = #N_RECEIVABLES#,
		N_FIUTRAN =
		isnull(#N_FIUTRAN#,0),
		N_RESERVES = #N_RESERVES#,
		N_FORCLEARING =
		#N_FORCLEARING#
		where
		C_CLNTCODE = #C_CLNTCODE#
	</update>


	<select id="searchClientAutoComplete" resultClass="java.util.HashMap">
		select C_NAME from CLIENT

		<!-- <dynamic prepend="Where"> <isNotEmpty property="q" prepend="And"> 
			C_INDNAME like '$q$%' </isNotEmpty> </dynamic> -->
	</select>

	<select id="searchClientResolveToCode" resultClass="java.lang.String">
		select C_CLNTCODE from CLIENT
		where C_NAME = #C_NAME#
		<isNotEmpty property="C_BRANCHCODE" prepend="And">
			C_BRANCHCODE =
			#C_BRANCHCODE#
		</isNotEmpty>
	</select>

	<select id="searchClientNameByCode" resultClass="java.util.HashMap">
		select C_NAME
		from CLIENT
		where C_CLNTCODE = #C_CLNTCODE#
	</select>

	<select id="checkClientExists" resultClass="java.util.HashMap">

		select * from CLIENT
		where C_BRANCHCODE = #C_BRANCHCODE#
		and
		C_NAME = #C_NAME#

	</select>

	<select id="searchLastClientCode" resultClass="java.lang.String">

		SELECT C_CLNTCODE
		FROM CLIENT
		WHERE
		C_CLNTCODE = (SELECT MAX(C_CLNTCODE) FROM CLIENT)

	</select>

	<select id="searchAccountClassificationList" resultClass="java.util.HashMap">

		select
		* from dbfactors.dbo.CREDITRISK order by CreditRiskDes

	</select>

	<select id="searchBorrowerTypeList" resultClass="java.util.HashMap">

		select * from
		dbfactors.dbo.BORROWER order by C_BORCLASS

	</select>

	<select id="searchAssetSizeList" resultClass="java.util.HashMap">

		select * from
		dbfactors.dbo.BORRTYPE order by C_DESC

	</select>

	<select id="searchIndustryList" resultClass="java.util.HashMap">

		select * from
		dbfactors.dbo.IndustryDetail order by C_Desc

	</select>


	<select id="searchCurrencyListAjax" resultClass="java.util.HashMap">

		select * from
		dbfactors.dbo.Currency order by C_DESCRIPTION

	</select>

	<select id="searchAccountOfficerList" resultClass="java.util.HashMap">

		select * from
		dbfactors.dbo.AccountOfficer
		WHERE C_BRANCHCODE = #C_BRANCHCODE#
	</select>

	<select id="searchServiceOfficerList" resultClass="java.util.HashMap">

		select * from
		dbfactors.dbo.ServiceOfficer
		WHERE C_BRANCHCODE = #C_BRANCHCODE#
	</select>

	<select id="searchGroupList" resultClass="java.util.HashMap">

		select * from
		dbfactors.dbo.[Group]
		WHERE C_BRANCHCODE = #C_BRANCHCODE#

	</select>

	<select id="searchBankCustomerList" resultClass="java.util.HashMap">

		select * from
		dbfactors.dbo.Bank order by C_BANKNAME

	</select>



	<update id="updateFIUTransAmount" parameterClass="java.util.HashMap">
		update CLIENT
		set
		N_FORCLEARING = #N_FORCLEARING#
		where C_CLNTCODE = #C_CLNTCODE#
	</update>

	<select id="getTotalRecordsClientMasterList" resultClass="java.lang.String">
		select
		count(*) from CLIENT
		WHERE C_BRANCHCODE+';'+C_NAME LIKE #C_BRANCHCODE#
	</select>


	<select id="searchClientMasterList" resultClass="java.util.HashMap">


		SELECT C_BRANCHCODE, C_CLNTCODE,C_NAME,B_RMU
		FROM (SELECT COUNT(*) AS
		rn,
		h1.C_BRANCHCODE, h1.C_CLNTCODE, h1.C_NAME,h1.B_RMU
		FROM
		(SELECT
		C_BRANCHCODE,
		C_CLNTCODE, C_NAME,
		tblkey = (C_BRANCHCODE +
		CONVERT(VARCHAR(50),C_CLNTCODE)),
		ISNULL(is_RMU,0)B_RMU
		FROM CLIENT
		WHERE C_BRANCHCODE =
		#C_BRANCHCODE#
		<isNotEmpty property="clientfilter" prepend="And">

			<!-- from '$clientfilter$%' to #clientfilter#+'%' by Cherrie garcia 10/06/15 -->
			C_NAME LIKE #clientfilter#+'%'
		</isNotEmpty>
		)h1

		INNER JOIN CLIENT h2
		ON h1.tblkey &lt;= (h2.C_BRANCHCODE +
		CONVERT(VARCHAR(50),h2.C_CLNTCODE)) AND h2.C_BRANCHCODE =
		#C_BRANCHCODE#
		<isNotEmpty property="clientfilter" prepend="And">
			<!-- from '$clientfilter$%' to #clientfilter#+'%'by Cherrie garcia 10/06/15 -->
			h2.C_NAME LIKE #clientfilter#+'%'
		</isNotEmpty>
		GROUP BY h1.C_BRANCHCODE, h1.C_CLNTCODE, h1.C_NAME,h1.B_RMU

		)DERIVEDTBL

		WHERE
		(rn
		BETWEEN #start# AND #end#)


	</select>


	<select id="searchClientACStatus" resultClass="java.util.HashMap">

		select
		*
		from
		dbfactors.dbo.MonthlyBalances
		where
		C_CLNTCODE = #C_CLNTCODE#
	</select>

	<select id="searchClientCurrency" resultClass="java.lang.String">

		select
		C_CURRENCYCODE
		from CLIENT
		where C_CLNTCODE = #C_CLNTCODE#
	</select>

	<select id="searchCALimit" resultClass="java.lang.String">
		select (select
		dbfactors.dbo.GetClientReceivables(#C_CLNTCODE#, #D_PROCDATE#) -
		dbfactors.dbo.GetClientFIU(#C_CLNTCODE#, #D_PROCDATE#)) /
		(select
		(select n_advancedratio from Client where c_clntcode = #C_CLNTCODE#)
		/
		100)
	</select>

	<select id="searchIneligibleRecByClient" resultClass="java.lang.String">
		select
		N_INELIGIBLEREC
		from CLIENT
		where C_CLNTCODE = #C_CLNTCODE#
	</select>

	<update id="updateIneligibleRecByClient" parameterClass="java.util.HashMap">
		update
		CLIENT set N_INELIGIBLEREC = #N_INELIGIBLEREC#
		where C_CLNTCODE =
		#C_CLNTCODE#
	</update>

	<select id="getClientConcentration" resultClass="com.bdo.factor.beans.ClientConcentration">
		SELECT
		C_NAME AS
		cName,
		C_CURRENCYCODE AS cCurrencyCode,
		N_INVESTMENTLIMIT AS
		nInvestmentLimit,
		N_RECEIVABLES AS nReceivables,
		N_RESERVES AS
		nReserves,
		N_FIU AS nFIU
		FROM Client
		WHERE
		N_FIU > 1000000 AND
		C_BRANCHCODE = #branchCode#
		ORDER BY C_NAME
	</select>

	<select id="getClientConcentrationCount" resultClass="java.lang.Integer">
		SELECT
		COUNT(C_CLNTCODE) AS retval
		FROM Client
		WHERE
		N_FIU > 1000000 AND
		C_BRANCHCODE = #branchCode#
	</select>

	<update id="addClientInMonthlyDC" parameterClass="java.util.HashMap">
		insert into
		dbfactors.dbo.MONTHLYDC (C_CLNTCODE, JANUARY, FEBRUARY, MARCH,
		APRIL,
		MAY, JUNE, JULY, AUGUST, SEPTEMBER, OCTOBER, NOVEMBER,
		DECEMBER)
		values
		(#C_CLNTCODE#,0,0,0,0,0,0,0,0,0,0,0,0)
	</update>

	<update id="updateDiscountCharge" parameterClass="java.util.HashMap">
		update CLIENT

		set
		N_DCR=#N_DCR#

		where
		C_CLNTCODE = #C_CLNTCODE#

	</update>

	<update id="updateRateHistory" parameterClass="java.util.HashMap">
		INSERT INTO
		dbfactors..ratesHistory
		(d_Date,
		c_Clntcode,
		c_Charge,
		d_PrevBLRFrom,
		d_PrevBLRTo,
		n_BLRNo,
		n_PrevValue,
		n_CurValue,
		d_CurBLRFrom,
		d_CurBLRTo)
		VALUES
		(CONVERT(VARCHAR(10), (select
		[currentdate] FROM dbfactors.dbo.[factorsGetDate]), 101),
		#C_CLNTCODE#,
		#c_Charge#,
		#d_PrevBLRFrom#,
		#d_PrevBLRTo#,
		#n_BLRNo#,
		#n_PrevValue#,
		#n_CurValue#,
		#d_CurBLRFrom#,
		#d_CurBLRTo#)
		<!-- INSERT INTO dbfactors..rates(C_CLNTCODE,D_Date,N_PREVDC,N_PREVBLR,N_PREVSC,N_PREVDOCSTAMP,N_PenaltyCharge,C_UserID,N_PREVRATIO) 
			VALUES (#C_CLNTCODE#, CONVERT(VARCHAR(10), GETDATE(), 101) ,#N_PREVDC#,#N_BaseLendingRate#,#N_ServiceCharge#,#N_DocStamp#,#N_PenaltyCharge#,#C_USERID#,#N_PREVRATIO#) -->
	</update>


	<select id="getClientSelect" resultClass="java.util.HashMap">
		select c_clntcode AS
		B,c_name as A from client
	</select>

	<select id="getClientById" resultClass="com.bdo.factor.beans.ClientBean">
		SELECT [C_BRANCHCODE]
		,[C_CLNTCODE]
		,[C_NAME]
		,[C_TELNO]
		,[C_GROUPCODE]
		,[C_ADDRESS]
		,[C_CONTACT]
		,[C_BLRTYPECODE]
		,ISNULL([N_DCR],0)[N_DCR]
		,ISNULL([N_SCR],0)[N_SCR]
		,ISNULL([N_USCR],0)[N_USCR]
		,[C_BNKACTNO]
		,[C_BANKCODE]
		,ISNULL([N_CREDITLIMIT],0) [N_CREDITLIMIT]
		,[C_ACCTOFFICERCODE]
		,[C_SERVICEOFFICERCODE]
		,ISNULL([N_CREDAVAIL],0)
		[N_CREDAVAIL]
		,ISNULL([N_FIU],0) [N_FIU]
		,ISNULL([N_FIUTRAN],0)
		[N_FIUTRAN]
		,ISNULL([N_RECEIVABLES],0)[N_RECEIVABLES]
		,ISNULL([N_INELIGIBLEREC],0)[N_INELIGIBLEREC]
		,ISNULL([N_INELIGIBLEADV],0)[N_INELIGIBLEADV]
		,ISNULL([N_INELIGIBLEREF],0)[N_INELIGIBLEREF]
		,ISNULL([N_FORCLEARING],0)[N_FORCLEARING]
		,ISNULL([N_RESERVES],0)[N_RESERVES]
		,[C_BREGNO]
		,[C_CURRENCYCODE]
		,[D_DATECREATE]
		,[D_LASTUPDATE]
		,ISNULL([B_ACBANK],0)[B_ACBANK]
		,ISNULL([N_SETTLEMENT],0)[N_SETTLEMENT]
		,[C_INDUSTRYCODE]
		,ISNULL([N_INVESTMENTLIMIT],0)[N_INVESTMENTLIMIT]
		,[D_EFFDATE]
		,ISNULL([N_HCR],0)[N_HCR]
		,[N_TEL]
		,ISNULL([N_ADVANCEDRATIO],0)[N_ADVANCEDRATIO]
		,[D_LASTADVDATE]
		,[C_RESTRCTDACCT]
		,[C_TIN]
		,ISNULL([N_EFFYIELD],0)[N_EFFYIELD]
		,[C_BNKACTNOUSD]
		,[C_BANKCODEUSD]
		,[D_CPDATE]
		,[D_REVIEWDATE]
		,[D_CLIENTSINCE]
		,[D_AUDITEDDATE]
		,[D_INHOUSEDATE]
		,[C_RESTRCTDACCTUSD]
		,[C_BORWTYPE]
		,[C_BORWCODE]
		,[CreditRiskCd]
		,[IndCd]
		,ISNULL([C_STATUS],0)[C_STATUS]
		,[D_BUSINESSDATEOFBIRTH]
		,[C_CLIENTCLASSIFICATION]
		,[C_SOURCEOFFUND]
		,[C_NATUREOFWORK]
		,[C_DIRECTORS]
		,ISNULL([N_LIABILITIES],0)[N_LIABILITIES]
		,ISNULL([N_EQUITY],0)[N_EQUITY]
		,ISNULL([N_GROSSINCOME],0)[N_GROSSINCOME]
		,ISNULL([N_EXPENSES],0)[N_EXPENSES]
		,ISNULL([N_NETINCOME],0)[N_NETINCOME]
		,ISNULL([N_ASSETS],0)[N_ASSETS]
		,[C_DOSRI]
		,ISNULL([N_NOTARIAL],0)[N_NOTARIAL]
		,ISNULL([N_EXTENSION],0)[N_EXTENSION]
		FROM [Client]
		WHERE
		C_CLNTCODE =
		#id#
	</select>

	<select id="checkIfClientNameExist" resultClass="java.lang.Integer">
		select COUNT(*) from dbCIF.dbo.Client where C_NAME like #C_NAME#
	</select>


	<update id="TagClientRMUUpdate">
		UPDATE client SET is_RMU = #is_RMU#, status_RMU =
		#status_RMU#,date_tagged_RMU =
		#date_tagged_RMU#,amount_reversed=#amount_reversed# WHERE c_clntcode =
		#c_clntcode#
	</update>

	<select id="GetClientStatus" resultClass="java.lang.Boolean">
		SELECT
		ISNULL(is_RMU,0)is_RMU from client where c_clntcode = #clientCode#
	</select>

	<!--added 07182017 CVG -->
	<select id="searchClientServiceFilteredAutoComplete"
		resultClass="java.util.HashMap">
		select cc_name from dbfactors.dbo.getFilteredClient
		(#C_BRANCHCODE#)
	</select>
	<select id="searchClientRiskRatingList" resultClass="java.util.HashMap">

		select * from
		dbfactors.dbo.RiskRating order by C_RISKID

	</select>
	<select id="searchRPTClassificationList" resultClass="java.util.HashMap">

		select * from
		dbfactors.dbo.RPTClassification order by C_RPTID
	</select>
	<select id="getAllClient" resultClass="com.bdo.factor.beans.Client">
	SELECT c_clntcode as  c_ClntCode FROM Client  where  C_RPTID &lt;&gt; '01' <!--rpt -->
		and C_BRANCHCODE= #branchcode#   order by C_NAME asc

	</select>
<select id="searchClientNameByCodeString" resultClass="java.lang.String">
		select C_NAME
		from CLIENT
		where C_CLNTCODE = #c_ClntCode#
	</select>
</sqlMap>