<?xml version="1.0" encoding="UTF-8" ?>
<!DOCTYPE sqlMap PUBLIC "-//ibatis.apache.org//DTD SQL Map 2.0//EN"	"http://ibatis.apache.org/dtd/sql-map-2.dtd">

<sqlMap namespace="Factors">



	<select id="searchCN" resultClass="java.util.HashMap">
		select *,C_CNTYPECODE as C_CNTYPECODE_ORIG from (select *,(select
		count(*) from CNType a2 where a2.C_CNTYPECODE &lt;= a.C_CNTYPECODE) as
		rn from CNType a) DERIVEDTBL
		where rn between #start# and #end#
		<!-- where C_BANKCODE = #BankCode# -->
	</select>

	<select id="searchCNTypeByCode" resultClass="java.util.HashMap">
		select * from CNTYPE
		where C_CNTYPECODE = #C_CNTYPECODE#
	</select>

	<select id="searchCNTypeDescByCode" resultClass="java.lang.String">
		select
		C_DESCRIPTION from CNTYPE
		where C_CNTYPECODE = #C_CNTYPECODE#
	</select>

	<select id="searchCNTypeList" resultClass="java.util.HashMap">
		select * from CNTYPE
	</select>



	<update id="addCN" parameterClass="java.util.Map">

		insert into CNType (
		C_CNTYPECODE,
		C_DESCRIPTION
		)
		values (
		#C_CNTYPECODE#,
		#C_DESCRIPTION#
		)

	</update>


	<update id="updateCN" parameterClass="java.util.Map">

		update CNType
		set
		C_DESCRIPTION=#C_DESCRIPTION#
		where C_CNTYPECODE = #C_CNTYPECODE_ORIG#

	</update>


	<update id="deleteCN" parameterClass="java.util.Map">
		delete from CNType
		where
		C_CNTYPECODE = #C_CNTYPECODE#
	</update>

	<select id="getTotalRecordsCN" resultClass="java.lang.String">
		select count(*) from
		CNType
	</select>
</sqlMap>