<?xml version="1.0" encoding="UTF-8" ?>
<!DOCTYPE sqlMap PUBLIC "-//ibatis.apache.org//DTD SQL Map 2.0//EN"	"http://ibatis.apache.org/dtd/sql-map-2.dtd">

<sqlMap namespace="creditNote">

	<insert id="addCreditNote" parameterClass="java.util.HashMap">

		insert into CreditNote (
		C_BRANCHCODE,
		D_TRANSACTIONDATE,
		D_APPLICATIONDATE,
		C_RECEIPTNO,
		C_CLNTCODE,
		C_CUSTCODE,
		D_INVOICEDATE,
		C_INVOICENO,
		C_CNTYPECODE,
		N_AMOUNT,
		C_STATUS
		)
		values (
		#C_BRANCHCODE#,
		#D_TRANSACTIONDATE#,
		#D_APPLICATIONDATE#,
		#C_RECEIPTNO#,
		#C_CLNTCODE#,
		#C_CUSTCODE#,
		#D_INVOICEDATE#,
		#C_INVOICENO#,
		#C_CNTYPECODE#,
		#N_AMOUNT#,
		#C_STATUS#
		)


		<selectKey resultClass="int" keyProperty="id">
			SELECT @@identity
			AS id
		</selectKey>

	</insert>

	<update id="updateCreditNote" parameterClass="java.util.HashMap">

		update CreditNote
		SET
		D_INVOICEDATE = #D_INVOICEDATE#,
		C_INVOICENO = #C_INVOICENO#,
		C_CNTYPECODE = #C_CNTYPECODE#,
		N_AMOUNT = #N_AMOUNT#
		WHERE N_REFNO =
		#N_REFNO#
	</update>

	<update id="updateCreditNoteStatus" parameterClass="java.util.HashMap">

		update CreditNote
		SET
		C_STATUS = #C_STATUS#
		<isNotEmpty property="D_CANCELLEDDATE" prepend=",">
			D_CANCELLEDDATE = #D_CANCELLEDDATE#
		</isNotEmpty>
		WHERE N_REFNO = #N_REFNO#
	</update>

	<update id="updateCreditNoteStatusByBatch" parameterClass="java.util.HashMap">

		update CreditNote
		SET
		C_STATUS = #C_STATUS#
		WHERE C_RECEIPTNO IN
		$N_REFNO$
		AND C_STATUS = '1'
	</update>

	<update id="updateCreditNoteStatus3ByBatch" parameterClass="java.util.HashMap">

		update CreditNote
		SET
		C_STATUS = #C_STATUS#
		WHERE N_REFNO IN $N_REFNO$
	</update>

	<update id="updateCreditNoteStatusAndDateByBatch"
		parameterClass="java.util.HashMap">

		update CreditNote
		SET
		C_STATUS = #C_STATUS#,
		D_CANCELLEDDATE = #D_CANCELLEDDATE#
		WHERE N_REFNO IN $N_REFNO$
	</update>

	<select id="searchCreditNoteByRefNo" resultClass="java.util.HashMap">
		SELECT
		C_BRANCHCODE,
		N_REFNO,
		C_INVOICENO,
		CONVERT(varchar, CONVERT(varchar(10),
		D_TRANSACTIONDATE, 101), 111) as D_TRANSACTIONDATE,
		CONVERT(varchar,
		CONVERT(varchar(10), D_APPLICATIONDATE, 101), 111) as
		D_APPLICATIONDATE,
		C_RECEIPTNO,
		C_CLNTCODE,
		C_CUSTCODE,
		CONVERT(varchar,
		CONVERT(varchar(10), D_INVOICEDATE, 101), 111) as D_INVOICEDATE,
		C_INVOICENO,
		C_CNTYPECODE,
		N_AMOUNT,
		C_STATUS = CASE C_STATUS
		WHEN '1'
		THEN 'Pending'
		WHEN '2' THEN 'Applied'
		WHEN '3' THEN 'Cancelled'
		END

		from
		CREDITNOTE
		WHERE N_REFNO = #N_REFNO#

	</select>

	<select id="searchCreditNoteByReceiptNo" resultClass="java.util.HashMap">
		SELECT
		C_BRANCHCODE,
		N_REFNO,
		C_INVOICENO,
		CONVERT(varchar, CONVERT(varchar(10),
		D_TRANSACTIONDATE, 101), 111) as D_TRANSACTIONDATE,
		CONVERT(varchar,
		CONVERT(varchar(10), D_APPLICATIONDATE, 101), 111) as
		D_APPLICATIONDATE,
		C_RECEIPTNO,
		C_CLNTCODE,
		C_CUSTCODE,
		CONVERT(varchar,
		CONVERT(varchar(10), D_INVOICEDATE, 101), 111) as D_INVOICEDATE,
		C_INVOICENO,
		C_CNTYPECODE,
		N_AMOUNT,
		C_STATUS = CASE C_STATUS
		WHEN '1'
		THEN 'Pending'
		WHEN '2' THEN 'Applied'
		WHEN '3' THEN 'Cancelled'
		END

		from
		CREDITNOTE
		WHERE C_RECEIPTNO = #C_RECEIPTNO#

	</select>

	<select id="searchCreditNoteCountByInvoice" resultClass="java.lang.String">
		select
		count(*) from CREDITNOTE
		where C_RECEIPTNO = #C_RECEIPTNO#
		and
		C_INVOICENO = #C_INVOICENO#
		and C_CNTYPECODE = #C_CNTYPECODE#
		and
		N_AMOUNT = #N_AMOUNT#
	</select>

	<select id="searchCreditNoteCountByReceipts" resultClass="java.lang.String">
		select
		count(*) from CREDITNOTE
		where C_RECEIPTNO = #C_RECEIPTNO#
		and
		C_INVOICENO = #C_INVOICENO#
	</select>

	<select id="searchCreditNoteByBranch" resultClass="java.util.HashMap">
		SELECT * FROM (
		SELECT s1.C_BRANCHCODE,
		s1.N_REFNO,
		s1.C_INVOICENO,
		CONVERT(varchar, CONVERT(varchar(10), s1.D_TRANSACTIONDATE, 101), 111)
		as
		D_TRANSACTIONDATE,
		CONVERT(varchar, CONVERT(varchar(10),
		s1.D_APPLICATIONDATE, 101), 111) as D_APPLICATIONDATE,
		s1.C_RECEIPTNO,
		s1.C_CLNTCODE,
		s1.C_CUSTCODE,
		CONVERT(varchar, CONVERT(varchar(10),
		s1.D_INVOICEDATE, 101), 111) as D_INVOICEDATE,
		s1.C_CNTYPECODE,
		s1.N_AMOUNT,
		s1.C_STATUS,
		s1.C_NAME,
		s1.C_CUSTNAME,
		rn=count(*)
		FROM
		(select cn.C_BRANCHCODE,
		N_REFNO,
		C_INVOICENO,
		CONVERT(varchar,
		CONVERT(varchar(10), D_TRANSACTIONDATE, 101), 111) as
		D_TRANSACTIONDATE,
		CONVERT(varchar, CONVERT(varchar(10),
		D_APPLICATIONDATE, 101), 111) as
		D_APPLICATIONDATE,
		C_RECEIPTNO,
		cn.C_CLNTCODE,
		cn.C_CUSTCODE,
		CONVERT(varchar, CONVERT(varchar(10),
		D_INVOICEDATE, 101), 111) as D_INVOICEDATE,
		C_CNTYPECODE,
		N_AMOUNT,
		C_STATUS = CASE cn.C_STATUS
		WHEN '1' THEN 'Pending'
		WHEN '2' THEN
		'Applied'
		WHEN '3' THEN 'Cancelled'
		END,
		C_NAME,
		C_CUSTNAME
		from creditnote
		cn inner join CC ON cn.C_BRANCHCODE = CC.C_BRANCHCODE
		and cn.C_CLNTCODE
		= CC.C_CLNTCODE
		and cn.C_CUSTCODE = CC.C_CUSTCODE
		where 1=1
		<isNotEmpty property="C_NAME" prepend="And">
			<!-- from '$C_NAME$%' to #C_NAME#+'%' by Cherrie garcia 10/06/15 -->
			CC.C_NAME like #C_NAME#+'%'
		</isNotEmpty>
		) as s1,

		(select cn.C_BRANCHCODE,
		N_REFNO,
		C_INVOICENO,
		CONVERT(varchar,
		CONVERT(varchar(10), D_TRANSACTIONDATE, 101), 111) as
		D_TRANSACTIONDATE,
		CONVERT(varchar, CONVERT(varchar(10),
		D_APPLICATIONDATE, 101), 111) as
		D_APPLICATIONDATE,
		C_RECEIPTNO,
		cn.C_CLNTCODE,
		cn.C_CUSTCODE,
		CONVERT(varchar, CONVERT(varchar(10),
		D_INVOICEDATE, 101), 111) as D_INVOICEDATE,
		C_CNTYPECODE,
		N_AMOUNT,
		C_STATUS = CASE cn.C_STATUS
		WHEN '1' THEN 'Pending'
		WHEN '2' THEN
		'Applied'
		WHEN '3' THEN 'Cancelled'
		END,
		C_NAME,
		C_CUSTNAME
		from creditnote
		cn inner join CC ON cn.C_BRANCHCODE = CC.C_BRANCHCODE
		and cn.C_CLNTCODE
		= CC.C_CLNTCODE
		and cn.C_CUSTCODE = CC.C_CUSTCODE
		where 1=1
		<isNotEmpty property="C_NAME" prepend="And">
			<!-- from '$C_NAME$%' to #C_NAME#+'%' by Cherrie garcia 10/06/15 -->
			CC.C_NAME like #C_NAME#+'%'
		</isNotEmpty>
		) as s2
		WHERE s1.N_REFNO &gt;=s2.N_REFNO
		GROUP BY
		s1.C_BRANCHCODE,
		s1.N_REFNO,
		s1.C_INVOICENO,
		s1.D_TRANSACTIONDATE,
		s1.D_APPLICATIONDATE,
		s1.C_RECEIPTNO,
		s1.C_CLNTCODE,
		s1.C_CUSTCODE,
		s1.D_INVOICEDATE,
		s1.C_CNTYPECODE,
		s1.N_AMOUNT,
		s1.C_STATUS,
		s1.C_NAME,
		s1.C_CUSTNAME
		)
		DERIVEDTBL
		WHERE rn between #start# and #end#
		ORDER BY rn
	</select>

	<select id="getTotalCreditNoteRecords" resultClass="java.lang.String">
		select
		count(*) from CREDITNOTE
		where N_REFNO = #N_REFNO#
	</select>

	<select id="getTotalCreditNoteRecordsByBranch" resultClass="java.lang.String">
		select count(*) from CREDITNOTE cn inner join dbCIF.dbo.Client cl
		on
		cn.C_CLNTCODE = cl.C_CLNTCODE
		where cn.C_BRANCHCODE = #C_BRANCHCODE#
		<isNotEmpty property="C_NAME" prepend="And">
			<!-- from '$C_NAME$%' to #clientfilter#+'%' by Cherrie garcia 10/06/15 -->
			C_NAME like #C_NAME#+'%'
		</isNotEmpty>

	</select>



	<!-- added by: m.gonzalez -->

	<select id="searchScheduleCreditNote" resultClass="java.util.HashMap">



		SELECT
		distinct
		DERIVEDTBL.C_BRANCHCODE,
		DERIVEDTBL.N_REFNO,
		CONVERT(varchar,
		CONVERT(varchar(10), DERIVEDTBL.D_TRANSACTIONDATE, 101), 111) as
		D_TRANSACTIONDATE,
		CONVERT(varchar, CONVERT(varchar(10),
		DERIVEDTBL.D_APPLICATIONDATE, 101), 111) as
		D_APPLICATIONDATE,
		DERIVEDTBL.C_RECEIPTNO,
		DERIVEDTBL.C_CLNTCODE,
		DERIVEDTBL.C_CUSTCODE,
		DERIVEDTBL.D_INVOICEDATE,
		DERIVEDTBL.C_INVOICENO,
		DERIVEDTBL.C_CNTYPECODE,
		DERIVEDTBL.N_AMOUNT,
		DERIVEDTBL.C_STATUS,
		CONVERT(varchar, CONVERT(varchar(10), DERIVEDTBL.D_CANCELLEDDATE,
		101), 111) as
		D_CANCELLEDDATE,
		N_INVOICEAMT,
		C_DESCRIPTION

		FROM (
		SELECT
		COUNT(*) AS rn,
		h1.C_BRANCHCODE,
		h1.N_REFNO,
		h1.D_TRANSACTIONDATE,
		h1.D_APPLICATIONDATE,
		h1.C_RECEIPTNO,
		h1.C_CLNTCODE,
		h1.C_CUSTCODE,
		h1.D_INVOICEDATE,
		h1.C_INVOICENO,
		h1.C_CNTYPECODE,
		h1.N_AMOUNT,
		h1.C_STATUS,
		h1.D_CANCELLEDDATE
		FROM

		(SELECT
		C_BRANCHCODE,
		N_REFNO,
		D_TRANSACTIONDATE,
		D_APPLICATIONDATE,
		C_RECEIPTNO,
		C_CLNTCODE,
		C_CUSTCODE,
		D_INVOICEDATE,
		C_INVOICENO,
		C_CNTYPECODE,
		N_AMOUNT,
		C_STATUS,
		D_CANCELLEDDATE
		FROM CREDITNOTE
		WHERE C_BRANCHCODE = #C_BRANCHCODE#
		)h1
		group by
		C_BRANCHCODE,
		N_REFNO,
		D_TRANSACTIONDATE,
		D_APPLICATIONDATE,
		C_RECEIPTNO,
		C_CLNTCODE,
		C_CUSTCODE,
		D_INVOICEDATE,
		C_INVOICENO,
		C_CNTYPECODE,
		N_AMOUNT,
		C_STATUS,
		D_CANCELLEDDATE
		)DERIVEDTBL
		left join
		Invoice c
		on
		DERIVEDTBL.c_invoiceno = c.C_invoiceno
		inner join CNTYPE d
		on DERIVEDTBL.C_CNTYPECODE = d.C_CNTYPECODE
		WHERE
		rn BETWEEN #start# and
		#end#

		and
		DERIVEDTBL.C_BRANCHCODE = #C_BRANCHCODE#
		and
		DERIVEDTBL.C_CLNTCODE = #C_CLNTCODE#
		and
		DERIVEDTBL.C_CUSTCODE =
		#C_CUSTCODE#
		and
		DERIVEDTBL.D_TRANSACTIONDATE &gt;=
		#D_SCHEDULECREDITNOTEDATE_START#
		and
		DERIVEDTBL.D_TRANSACTIONDATE &lt;=
		#D_SCHEDULECREDITNOTEDATE_END#




	</select>

	<insert id="creditNoteFromTransaction">
		<iterate property="invoices">
			<isNotEqual property="invoices[].N_CREDITNOTEAMT"
				compareValue="0.00">
				INSERT INTO CreditNote
				(C_BRANCHCODE
				,D_TRANSACTIONDATE
				,D_APPLICATIONDATE
				,C_RECEIPTNO
				,C_CLNTCODE
				,C_CUSTCODE
				,D_INVOICEDATE
				,C_INVOICENO
				,C_CNTYPECODE
				,N_AMOUNT
				,C_STATUS
				,C_MAKER
				,C_APPROVER)
				VALUES
				(#invoices[].C_BRANCHCODE#
				,#invoices[].D_TRANSACTIONDATE#
				,#invoices[].D_TRANSACTIONDATE#
				,#N_REFNO#
				,#invoices[].C_CLNTCODE#
				,#invoices[].C_CUSTCODE#
				,#invoices[].D_INVOICEDATE#
				,#invoices[].C_INVOICENO#
				,'WHT'
				,#invoices[].N_CREDITNOTEAMT#
				,'1'
				,#invoices[].C_MAKER#
				,#C_APPROVER#)
			</isNotEqual>
		</iterate>
	</insert>

</sqlMap>