<?xml version="1.0" encoding="UTF-8" ?>
<!DOCTYPE sqlMap PUBLIC "-//ibatis.apache.org//DTD SQL Map 2.0//EN"	"http://ibatis.apache.org/dtd/sql-map-2.dtd">

<sqlMap namespace="Factors">

	<select id="getSystemCurrency" resultClass="java.util.HashMap">
		SELECT
		c.C_CURRENCYCODE,
		c.N_EXCHANGERATE
		FROM Currency c
		INNER JOIN
		SystemSettings ss on ss.C_CURRENCYCODE = c.C_CURRENCYCODE
	</select>

	<select id="searchCurrency" resultClass="java.util.HashMap">
		<!--select * from CURRENCY -->

		select C_CURRENCYCODE, C_OPERATION=case c_operation When 'M' then
		'Multiply' When 'D' then 'Divide' end, CONVERT(varchar,
		CONVERT(varchar(10), D_RATEDATE, 101), 111) as D_RATEDATE,
		C_DESCRIPTION, N_EXCHANGERATE,C_CURRENCYCODE as C_CURRENCYCODE_ORIG
		from (select *,(select count(*) from CURRENCY a2 where
		a2.C_CURRENCYCODE &lt;= a.C_CURRENCYCODE) as rn from CURRENCY a)
		DERIVEDTBL
		where rn between #start# and #end#
	</select>

	<select id="searchCurrencyByCode" resultClass="java.util.ArrayList">
		SELECT * from
		currency
		where C_CURRENCYCODE = #C_CURRENCYCODE#
		and
		D_RATEDATE=#D_RATEDATE#
	</select>

	<select id="searchCurrencyByCurrencyCode" resultClass="java.util.HashMap">
		SELECT *
		from currency
		where C_CURRENCYCODE = #C_CURRENCYCODE#
	</select>

	<select id="searchCurrencyCode" resultClass="java.lang.String">
		SELECT TOP 1
		C_DESCRIPTION from currency
		where C_CURRENCYCODE =
		#C_CURRENCYCODE#
	</select>

	<update id="addCurrency" parameterClass="java.util.Map">

		insert into Currency (
		C_CURRENCYCODE,
		C_DESCRIPTION,
		D_RATEDATE,
		N_EXCHANGERATE,
		C_OPERATION

		)
		values (
		#C_CURRENCYCODE#,
		#C_DESCRIPTION#,
		#D_RATEDATE#,
		#N_EXCHANGERATE#,
		#C_OPERATION#

		)

	</update>


	<update id="updateCurrency" parameterClass="java.util.Map">

		update currency
		set

		C_CURRENCYCODE=#C_CURRENCYCODE#,
		C_DESCRIPTION=#C_DESCRIPTION#,
		D_RATEDATE=#D_RATEDATE#,
		N_EXCHANGERATE=#N_EXCHANGERATE#,
		C_OPERATION=#C_OPERATION#


		where
		C_CURRENCYCODE = #C_CURRENCYCODE_ORIG#
		<!-- AND D_RATEDATE=#D_RATEDATE# -->
	</update>


	<update id="deleteCurrency" parameterClass="java.util.Map">
		delete from Currency
		where C_CURRENCYCODE = #C_CURRENCYCODE# and D_RATEDATE = #D_RATEDATE#
	</update>

	<select id="getTotalRecordsCurrency" resultClass="java.lang.String">
		select count(*)
		from Currency
	</select>

	<select id="searchCurrencyAutoComplete" resultClass="java.util.HashMap">
		select C_DESCRIPTION from CURRENCY
		<!-- where C_DESCRIPTION like '$q$%' -->
	</select>


	<select id="searchCurrencyResolveToCode" resultClass="java.lang.String">
		select
		C_CURRENCYCODE from CURRENCY
		where C_DESCRIPTION = #C_CURRENCYCODE#
	</select>

	<select id="searchCurrencyResolveToDesc" resultClass="java.lang.String">
		select
		C_DESCRIPTION from CURRENCY
		where C_CURRENCYCODE = #C_CURRENCYCODE#
	</select>


	<select id="searchCurrencyResolveToRateDate" resultClass="java.lang.String">
		select
		D_RATEDATE from CURRENCY
		where C_DESCRIPTION = #C_CURRENCYCODE#
	</select>

	<select id="searchCurrencyList" resultClass="java.util.HashMap">
		select * from
		CURRENCY
	</select>

</sqlMap>