<?xml version="1.0" encoding="UTF-8" ?>
<!DOCTYPE sqlMap PUBLIC "-//ibatis.apache.org//DTD SQL Map 2.0//EN"	"http://ibatis.apache.org/dtd/sql-map-2.dtd">

<sqlMap namespace="Customer">


	<select id="searchCustomer" resultClass="java.util.HashMap">

		<!-- SELECT * from (SELECT *,(SELECT count(*) from CUSTOMER a2 where a2.C_CUSTCODE 
			&lt;= a.C_CUSTCODE and a2.C_BRANCHCODE=#C_BRANCHCODE#) as rn from CUSTOMER 
			a) DERIVEDTBL where rn between #start# and #end# <isNotEmpty property="C_BRANCHCODE" 
			prepend="And"> C_BRANCHCODE = #C_BRANCHCODE# </isNotEmpty> -->

		<!-- SELECT C_BRANCHCODE, C_CUSTCODE, C_CUSTNAME,c_SHORTNAME, C_ADDRESS,C_CONTACT,C_TELNO,C_BREGNO,C_BANKCODE,C_BANKACCT,C_GROUPCODE,N_CULIMIT,C_FAXNO,C_VERIFYEMAIL1,C_VERIFYEMAIL2,C_COLLECTCONTACT,C_COLLECTTELNO,C_COLLECTFAXLNO,C_COLLECTEMAIL1,C_COLLECTEMAIL2,C_DUNNING,C_INDCODE,C_STATUS 
			FROM (SELECT COUNT(*) AS rn, h1.C_BRANCHCODE, h1.C_CUSTCODE, h1.C_CUSTNAME,h1.c_SHORTNAME, 
			h1.C_ADDRESS,h1.C_CONTACT,h1.C_TELNO,h1.C_BREGNO,h1.C_BANKCODE,h1.C_BANKACCT,h1.C_GROUPCODE,h1.N_CULIMIT,h1.C_FAXNO,h1.C_VERIFYEMAIL1,h1.C_VERIFYEMAIL2,h1.C_COLLECTCONTACT,h1.C_COLLECTTELNO,h1.C_COLLECTFAXLNO,h1.C_COLLECTEMAIL1,h1.C_COLLECTEMAIL2,h1.C_DUNNING,h1.C_INDCODE,h1.C_STATUS 
			FROM (SELECT C_BRANCHCODE, C_CUSTCODE, C_CUSTNAME,c_SHORTNAME, C_ADDRESS,C_CONTACT,C_TELNO,C_BREGNO,C_BANKCODE,C_BANKACCT,C_GROUPCODE,N_CULIMIT,C_FAXNO,C_VERIFYEMAIL1,C_VERIFYEMAIL2,C_COLLECTCONTACT,C_COLLECTTELNO,C_COLLECTFAXLNO,C_COLLECTEMAIL1,C_COLLECTEMAIL2,C_DUNNING,C_INDCODE,C_STATUS, 
			tblkey = (C_BRANCHCODE + C_CUSTCODE) FROM CUSTOMER WHERE C_BRANCHCODE = #C_BRANCHCODE# 
			)h1 INNER JOIN CUSTOMER h2 ON h1.tblkey &lt;= (h2.C_BRANCHCODE + h2.C_CUSTCODE) 
			AND h2.C_BRANCHCODE = #C_BRANCHCODE# GROUP BY h1.C_BRANCHCODE, h1.C_CUSTCODE, 
			h1.C_CUSTNAME,h1.c_SHORTNAME, h1.C_ADDRESS,h1.C_CONTACT,h1.C_TELNO,h1.C_BREGNO,h1.C_BANKCODE,h1.C_BANKACCT,h1.C_GROUPCODE,h1.N_CULIMIT,h1.C_FAXNO,h1.C_VERIFYEMAIL1,h1.C_VERIFYEMAIL2,h1.C_COLLECTCONTACT,h1.C_COLLECTTELNO,h1.C_COLLECTFAXLNO,h1.C_COLLECTEMAIL1,h1.C_COLLECTEMAIL2,h1.C_DUNNING,h1.C_INDCODE,h1.C_STATUS 
			)DERIVEDTBL WHERE (rn BETWEEN #start# AND #end#) -->

		SELECT a.C_BRANCHCODE, a.C_GROUPCODE, a.C_CUSTCODE, a.C_CUSTNAME,
		a.c_SHORTNAME, a.C_ADDRESS, a.C_CONTACT, a.C_TELNO, a.C_BREGNO,
		a.C_BANKCODE, a.C_BANKACCT, a.N_CULIMIT, a.C_FAXNO, a.C_VERIFYEMAIL1,
		a.C_VERIFYEMAIL2, a.C_COLLECTCONTACT, a.C_COLLECTTELNO,
		a.C_COLLECTFAXLNO, a.C_COLLECTEMAIL1, a.C_COLLECTEMAIL2, a.C_DUNNING,
		a.C_INDCODE, a.C_STATUS,
		(SELECT C_Desc
		FROM IndustryDetail
		WHERE IndCd =
		C_INDCODE) AS INDUSTRY, [Group].C_GROUPNAME
		FROM (SELECT COUNT(*) AS
		rn, h1.C_BRANCHCODE, h1.C_CUSTCODE,
		h1.C_CUSTNAME, h1.c_SHORTNAME,
		h1.C_ADDRESS, h1.C_CONTACT,
		h1.C_TELNO, h1.C_BREGNO, h1.C_BANKCODE,
		h1.C_BANKACCT, h1.C_GROUPCODE,
		h1.N_CULIMIT, h1.C_FAXNO,
		h1.C_VERIFYEMAIL1,
		h1.C_VERIFYEMAIL2, h1.C_COLLECTCONTACT,
		h1.C_COLLECTTELNO, h1.C_COLLECTFAXLNO,
		h1.C_COLLECTEMAIL1,
		h1.C_COLLECTEMAIL2, h1.C_DUNNING, h1.C_INDCODE, h1.C_STATUS
		FROM
		(SELECT C_BRANCHCODE, C_CUSTCODE, C_CUSTNAME, c_SHORTNAME, C_ADDRESS,
		C_CONTACT, C_TELNO, C_BREGNO,
		C_BANKCODE, C_BANKACCT, C_GROUPCODE,
		N_CULIMIT, C_FAXNO, C_VERIFYEMAIL1,
		C_VERIFYEMAIL2,
		C_COLLECTCONTACT,
		C_COLLECTTELNO, C_COLLECTFAXLNO, C_COLLECTEMAIL1, C_COLLECTEMAIL2,
		C_DUNNING,
		C_INDCODE, C_STATUS, tblkey = (C_BRANCHCODE +
		CONVERT(VARCHAR(50),C_CUSTCODE))
		FROM CUSTOMER
		WHERE C_BRANCHCODE =
		#C_BRANCHCODE#) h1 INNER JOIN
		CUSTOMER h2 ON h1.tblkey &lt;=
		(h2.C_BRANCHCODE +
		CONVERT(VARCHAR(50),h2.C_CUSTCODE)) AND


		h2.C_BRANCHCODE = #C_BRANCHCODE#
		GROUP BY h1.C_BRANCHCODE,
		h1.C_CUSTCODE, h1.C_CUSTNAME, h1.c_SHORTNAME,
		h1.C_ADDRESS,
		h1.C_CONTACT, h1.C_TELNO,
		h1.C_BREGNO, h1.C_BANKCODE, h1.C_BANKACCT,
		h1.C_GROUPCODE, h1.N_CULIMIT,
		h1.C_FAXNO, h1.C_VERIFYEMAIL1,
		h1.C_VERIFYEMAIL2, h1.C_COLLECTCONTACT, h1.C_COLLECTTELNO,
		h1.C_COLLECTFAXLNO,
		h1.C_COLLECTEMAIL1,
		h1.C_COLLECTEMAIL2,
		h1.C_DUNNING, h1.C_INDCODE, h1.C_STATUS) a LEFT OUTER JOIN
		[Group] ON
		a.C_BRANCHCODE COLLATE SQL_Latin1_General_CP1_CI_AS =
		[Group].C_BRANCHCODE AND
		a.C_GROUPCODE COLLATE
		SQL_Latin1_General_CP1_CI_AS = [Group].C_GROUPCODE
		WHERE (a.rn BETWEEN
		#start# AND #end#)

	</select>

	<select id="searchCustomerNameByClientCode" resultClass="java.lang.String">
		SELECT
		C_CUSTCODE
		from CUSTOMER
		where C_CUSTNAME = #C_CUSTNAME#
		AND C_CUSTCODE
		in
		(select C_CUSTCODE from cclink
		where c_branchcode = #C_BRANCHCODE#
		and c_clntcode = #C_CLNTCODE#)
	</select>

	<select id="searchCustomerByCode" resultClass="java.util.HashMap">

		select

		C_BRANCHCODE,
		C_CUSTCODE,
		C_CUSTNAME,
		c_SHORTNAME,
		C_ADDRESS,
		C_CONTACT,
		C_TELNO,
		C_BREGNO,
		<!-- C_ROCNO, -->
		C_INDCODE,
		C_BANKCODE,
		C_BANKACCT,
		C_GROUPCODE,
		N_CULIMIT,
		C_FAXNO,
		C_VERIFYEMAIL1,
		C_VERIFYEMAIL2,
		C_COLLECTCONTACT,
		C_COLLECTTELNO,
		C_COLLECTFAXLNO,
		C_COLLECTEMAIL1,
		C_COLLECTEMAIL2,
		C_DUNNING,
		C_INDCODE,
		C_BREGNO,
		C_STATUS = CASE C_STATUS
		WHEN '1' THEN 'T'
		WHEN '0' THEN 'F'
		END
		<!-- CONVERT(varchar, CONVERT(varchar(10), D_EXPIRYDATE, 101), 111) as 
			D_EXPIRYDATE, -->
		<!-- CONVERT(varchar, CONVERT(varchar(10), D_LASTUPDATED, 101), 111) as 
			D_LASTUPDATED -->
		from CUSTOMER
		<dynamic prepend="Where">
			<isNotEmpty property="C_BRANCHCODE" prepend="And">
				C_BRANCHCODE =
				#C_BRANCHCODE#
			</isNotEmpty>
			<isNotEmpty property="C_CUSTCODE" prepend="And">
				C_CUSTCODE =
				#C_CUSTCODE#
			</isNotEmpty>
			<isNotEmpty property="C_CUSTNAME" prepend="And">
				C_CUSTNAME =
				#C_CUSTNAME#
			</isNotEmpty>
		</dynamic>

	</select>


	<select id="getTotalRecordsCustomer" resultClass="java.lang.String">
		select count(*)
		from CUSTOMER
		WHERE C_BRANCHCODE = #C_BRANCHCODE#
	</select>

	<select id="searchCustomerServiceAutoComplete" resultClass="java.util.HashMap">
		<!-- select C_CUSTNAME from CUSTOMER -->

		select C_CUSTNAME from CC
		where
		C_BRANCHCODE = #C_BRANCHCODE# AND C_NAME
		= #C_NAME#



	</select>


	<insert id="addCustomer" parameterClass="java.util.HashMap">

		insert into CUSTOMER (
		C_BRANCHCODE,
		<!-- C_CUSTCODE, -->
		c_SHORTNAME,
		C_CUSTNAME,
		C_ADDRESS,
		C_CONTACT,
		C_TELNO,
		<!-- C_ROCNO, -->
		C_BANKCODE,
		C_BANKACCT,
		C_GROUPCODE,
		N_CULIMIT,
		C_FAXNO,
		C_VERIFYEMAIL1,
		C_VERIFYEMAIL2,
		C_COLLECTCONTACT,
		C_COLLECTTELNO,
		C_COLLECTFAXLNO,
		C_COLLECTEMAIL1,
		C_COLLECTEMAIL2,
		C_DUNNING,
		<!-- D_EXPIRYDATE, -->
		<!-- D_LASTUPDATED, -->
		C_BREGNO,
		C_INDCODE
		)
		values(
		#C_BRANCHCODE#,
		<!-- #C_CUSTCODE#, -->
		#c_SHORTNAME#,
		#C_CUSTNAME#,
		#C_ADDRESS#,
		#C_CONTACT2#,
		#C_TELNO#,
		<!-- #C_ROCNO#, -->
		#C_BANKCODE#,
		#C_BANKACCT#,
		#C_GROUP#,
		#N_CULIMIT#,
		#C_FAXNO#,
		#C_VERIFYEMAIL1#,
		#C_VERIFYEMAIL2#,
		#C_COLLECTCONTACT#,
		#C_COLLECTTELNO#,
		#C_COLLECTFAXLNO#,
		#C_COLLECTEMAIL1#,
		#C_COLLECTEMAIL2#,
		#C_DUNNING#,
		<!-- #D_EXPIRYDATE#, -->
		<!-- #D_LASTUPDATED#, -->
		#C_BREGNO#,
		#C_INDCODE#
		)

		<selectKey resultClass="int" keyProperty="id">
			SELECT @@identity
			AS id
		</selectKey>

	</insert>


	<update id="updateCustomer" parameterClass="java.util.HashMap">

		update CUSTOMER
		set

		C_CUSTNAME=#C_CUSTNAME#,
		C_CONTACT=#C_CONTACT2#,
		C_TELNO=#C_TELNO#,
		<!-- C_ROCNO=#C_ROCNO#, -->
		C_BANKCODE=#C_BANKCODE#,
		C_BANKACCT=#C_BANKACCT#,
		C_GROUPCODE=#C_GROUP#,
		C_ADDRESS=#C_ADDRESS#,
		N_CULIMIT=#N_CULIMIT#,
		c_SHORTNAME=#c_SHORTNAME#,
		C_FAXNO=#C_FAXNO#,
		C_VERIFYEMAIL1=#C_VERIFYEMAIL1#,
		C_VERIFYEMAIL2=#C_VERIFYEMAIL2#,
		C_COLLECTCONTACT=#C_COLLECTCONTACT#,
		C_COLLECTTELNO=#C_COLLECTTELNO#,
		C_COLLECTFAXLNO=#C_COLLECTFAXLNO#,
		C_COLLECTEMAIL1=#C_COLLECTEMAIL1#,
		C_COLLECTEMAIL2=#C_COLLECTEMAIL2#,
		C_DUNNING=#C_DUNNING#,
		<!-- D_EXPIRYDATE=#D_EXPIRYDATE#, -->
		<!-- D_LASTUPDATED=#D_LASTUPDATED#, -->
		C_BREGNO=#C_BREGNO#,
		C_INDCODE=#C_INDCODE#,
		C_STATUS=#C_STATUS#

		where

		C_CUSTCODE = #C_CUSTCODE#


		<isNotEmpty property="C_BRANCHCODE" prepend="And">
			C_BRANCHCODE =
			#C_BRANCHCODE#
		</isNotEmpty>


	</update>


	<delete id="deleteCustomer" parameterClass="java.util.HashMap">
		delete from CUSTOMER
		where C_CUSTCODE = #C_CUSTCODE#
	</delete>


	<select id="checkCustomerExists" resultClass="java.util.HashMap">

		<!-- select * from CUSTOMER where C_BRANCHCODE = #C_BRANCHCODE# and C_CUSTNAME 
			= #C_CUSTNAME# -->

		select
		cclink.C_CLNTCODE,
		cclink.C_CUSTCODE,
		customer.C_CUSTNAME,
		dbcif.dbo.client.C_NAME
		from
		(customer inner join cclink on
		cclink.c_custcode = customer.c_custcode)
		inner join
		dbcif.dbo.client
		on
		cclink.c_clntcode = dbcif.dbo.client.c_clntcode
		where
		cclink.c_branchcode = #C_BRANCHCODE#
		<isNotEmpty property="C_CLNTCODE" prepend="And">
			cclink.c_clntcode = #C_CLNTCODE#
		</isNotEmpty>
		and
		C_CUSTNAME = #C_CUSTNAME#


	</select>


	<select id="searchCustomerServiceList" resultClass="java.util.HashMap">

		select
		cclink.C_CLNTCODE,
		cclink.C_CUSTCODE,
		customer.C_CUSTNAME,
		dbcif.dbo.client.C_NAME
		from
		(customer inner join cclink on
		cclink.c_custcode = customer.c_custcode)
		inner join
		dbcif.dbo.client
		on
		cclink.c_clntcode = dbcif.dbo.client.c_clntcode
		where
		cclink.c_branchcode = #C_BRANCHCODE#
		<isNotEmpty property="C_CLNTCODE" prepend="And">
			cclink.c_clntcode = #C_CLNTCODE#
		</isNotEmpty>


	</select>

	<select id="searchAllCustomerService" resultClass="java.util.HashMap">

		select * from
		customer
		where
		C_BRANCHCODE = #C_BRANCHCODE#

	</select>

	<select id="searchCustomerNameByClient" resultClass="java.util.HashMap">

		select
		distinct
		customer.C_CUSTNAME

		from
		(customer inner join cclink on
		cclink.c_custcode = customer.c_custcode)
		inner join
		dbcif.dbo.client
		on
		cclink.c_clntcode = dbcif.dbo.client.c_clntcode
		where
		cclink.c_branchcode = #C_BRANCHCODE#
		and
		cclink.c_clntcode =
		#C_CLNTCODE#

	</select>

	<select id="searchCustomerNameByCustomerCode" resultClass="java.lang.String">
		select C_CUSTNAME
		from CUSTOMER
		where C_CUSTCODE = #C_CUSTCODE#
	</select>

	<select id="getCompleteCustNameByName" resultClass="java.util.HashMap">

		select C_CUSTNAME
		from Customer
		<dynamic prepend="Where">
			<isNotEmpty property="C_BRANCHCODE" prepend="And">
				C_BRANCHCODE =
				#C_BRANCHCODE#
			</isNotEmpty>
		</dynamic>
		ORDER BY C_CUSTNAME
		<!--where C_CUSTNAME LIKE '$q$%' AND C_BRANCHCODE=#C_BRANCHCODE# -->

	</select>

	<select id="getCustomerCodeByBranchAndName" parameterClass="java.util.HashMap"
		resultClass="java.util.HashMap">
		select * FROM Customer
		where C_CUSTNAME=#C_CUSTNAME# AND
		C_BRANCHCODE=#C_BRANCHCODE#
	</select>
	<select id="searchPaymentSchedule" resultClass="java.util.HashMap">
		SELECT * from
		SCHEDULEREFERENCE
	</select>

	<select id="searchCustomerPaymentSchedule" resultClass="java.util.HashMap">
		SELECT *
		FROM collectionschedulelist csl JOIN schedulereference sr ON
		csl.n_schedcode=sr.n_schedcode WHERE c_clntcode=#C_CLNTCODE# AND
		c_custcode=#C_CUSTCODE#
	</select>

	<select id="searchCustomerWithDelinquent" resultClass="java.util.HashMap">
		select
		distinct c_custname ,c_custcode from
		(select *,
		datediff(day,dueDateBasedOnDunning,'12/25/2013') as daysExceeded
		from
		(select
		cc.c_clntcode,
		cc.c_name,
		cc.c_custcode,
		cc.c_custname,
		inv.n_invno,
		inv.c_invoiceno,
		CONVERT(varchar(20),
		inv.d_invoicedate,101)as d_invoicedate,
		cc.n_dunning,
		(inv.N_INVOICEAMT- (ISNULL(sum(rd.n_receiptamt),0)- ISNULL( (select
		sum(rd.n_receiptamt)
		from receiptsdtl rd inner join receiptshdr rh on
		rh.n_refno =
		rd.n_refno where rh.c_status = '3' and rd.n_invno =
		inv.n_invno ),0))
		) as n_invoiceamt,
		CONVERT(varchar(20),dateadd(day,cc.n_dunning,inv.d_invoicedate),101)
		as dueDateBasedOnDunning
		from invoice inv
		left join receiptsdtl rd on
		rd.n_invno=inv.n_invno
		inner join cc on inv.c_clntcode=cc.c_clntcode
		and inv.c_custcode=cc.c_custcode
		where inv.c_status in ('2','3','4')
		and cc.c_name= #C_NAME#
		group by
		cc.c_clntcode,CC.C_CUSTCODE,cc.c_custname,inv.n_invno,inv.c_invoiceno,inv.n_invoiceamt,cc.n_dunning,cc.c_name,inv.d_invoicedate
		)t1
		)t2
		where daysExceeded >= 1
	</select>

</sqlMap>