<?xml version="1.0" encoding="UTF-8" ?>
<!DOCTYPE sqlMap PUBLIC "-//ibatis.apache.org//DTD SQL Map 2.0//EN"	"http://ibatis.apache.org/dtd/sql-map-2.dtd">

<sqlMap namespace="Factors">


	<select id="searchDocStamp" resultClass="java.util.HashMap">

		select * from
		(select
		*,rn=(row_number() over(order by D_TRANSACTIONDATE
		desc))
		from
		DocStamp)a
		where rn between #start# and #end#

	</select>

	<select id="searchDocStampByBCode" resultClass="java.util.ArrayList">
		SELECT * from
		DocStamp
		where N_DOCSTAMP = #N_DOCSTAMP#
	</select>

	<select id="getTotalRecordsDocStamp" resultClass="java.lang.String">
		select count(*)
		from DocStamp
	</select>

	<update id="addDocStamp" parameterClass="java.util.Map">

		insert into DocStamp (
		N_DOCSTAMP,
		D_TRANSACTIONDATE,
		C_USERID,
		C_BRANCHCODE
		)
		values (
		#N_DOCSTAMP#,
		(select [currentdate] FROM [factorsGetDate]),
		#C_USERID#,
		#C_BRANCHCODE#
		)

	</update>
</sqlMap>