<?xml version="1.0" encoding="UTF-8" ?>
<!DOCTYPE sqlMap PUBLIC "-//ibatis.apache.org//DTD SQL Map 2.0//EN"	"http://ibatis.apache.org/dtd/sql-map-2.dtd">

<sqlMap namespace="Factors">

	<select id="searchGroup" resultClass="java.util.HashMap">
		SELECT C_BRANCHCODE, C_GROUPCODE, C_GROUPCODE as C_GROUPCODE_ORIG,
		N_GRPLIMIT, N_ACCAMT, C_GROUPNAME
		FROM (SELECT COUNT(*) AS rn,
		h1.C_BRANCHCODE, h1.C_GROUPCODE,
		h1.N_GRPLIMIT, h1.N_ACCAMT,
		h1.C_GROUPNAME
		FROM
		(SELECT C_BRANCHCODE, C_GROUPCODE, N_GRPLIMIT,
		N_ACCAMT, C_GROUPNAME,
		tblkey = (C_BRANCHCODE + C_GROUPCODE)
		FROM
		[Group]
		WHERE C_BRANCHCODE = #C_BRANCHCODE#
		)h1

		INNER JOIN [Group] h2
		ON
		h1.tblkey &lt;= (h2.C_BRANCHCODE + h2.C_GROUPCODE) AND
		h2.C_BRANCHCODE
		= #C_BRANCHCODE#
		GROUP BY h1.C_BRANCHCODE, h1.C_GROUPCODE,
		h1.N_GRPLIMIT, h1.N_ACCAMT,
		h1.C_GROUPNAME

		)DERIVEDTBL

		WHERE
		(rn BETWEEN
		#start# AND #end#)




		<!-- SELECT *,C_GROUPCODE as C_GROUPCODE_ORIG, C_BRANCHCODE AS C_BRANCHCODE_ORIG 
			from -->
		<!-- (SELECT *,(SELECT count(*) from [GROUP] a2 where a2.C_GROUPCODE &lt;= 
			a.C_GROUPCODE) as rn from [GROUP] a) DERIVEDTBL -->
		<!-- where rn between #start# and #end# -->
		<!-- and C_BRANCHCODE = #C_BRANCHCODE# -->
	</select>

	<select id="searchGroupByGCode" resultClass="java.util.ArrayList">
		SELECT *,C_GROUPCODE
		as C_GROUPCODE_ORIG, C_BRANCHCODE AS C_BRANCHCODE_ORIG
		from [GROUP]
		where C_BRANCHCODE = #C_BRANCHCODE# and C_GROUPCODE =
		#C_GROUPCODE#
	</select>

	<insert id="addGroup" parameterClass="java.util.Map">

		insert into [GROUP] (
		C_BRANCHCODE,
		C_GROUPCODE,
		N_GRPLIMIT,
		N_ACCAMT,
		C_GROUPNAME
		)
		values (
		#C_BRANCHCODE#,
		#C_GROUPCODE#,
		#N_GRPLIMIT#,
		#N_ACCAMT#,
		#C_GROUPNAME#
		)

	</insert>


	<update id="updateGroup" parameterClass="java.util.Map">

		update [GROUP]
		set
		C_GROUPCODE=#C_GROUPCODE#,
		N_GRPLIMIT=#N_GRPLIMIT#,
		N_ACCAMT=#N_ACCAMT#,
		C_GROUPNAME=#C_GROUPNAME#

		where C_GROUPCODE =
		#C_GROUPCODE#
		and C_BRANCHCODE = #C_BRANCHCODE#

	</update>


	<update id="deleteGroup" parameterClass="java.util.Map">
		delete from [GROUP]
		where C_GROUPCODE = #C_GROUPCODE#
		and C_BRANCHCODE = #C_BRANCHCODE#
	</update>

	<select id="getTotalRecordsGroup" resultClass="java.lang.String">
		select count(*)
		from [GROUP]
		where C_BRANCHCODE = #C_BRANCHCODE#
	</select>

	<select id="searchGroupServiceAutoComplete" resultClass="java.util.HashMap">
		select C_GROUPNAME from [GROUP]

		<dynamic prepend="Where">

			<isNotEmpty property="C_BRANCHCODE" prepend="And">
				C_BRANCHCODE =
				#C_BRANCHCODE#
			</isNotEmpty>

			<!-- <isNotEmpty property="q" prepend="And"> C_INDNAME like '$q$%' </isNotEmpty> -->

		</dynamic>

	</select>

	<select id="searchGroupResolveToCode" resultClass="java.lang.String">
		select
		C_GROUPCODE from [GROUP]
		where C_GROUPNAME = #C_GROUP#
	</select>


	<select id="searchGroupResolveToDesc" resultClass="java.lang.String">
		select
		C_GROUPNAME from [GROUP]
		where C_GROUPCODE = #C_GROUP#
	</select>


</sqlMap>