<?xml version="1.0" encoding="UTF-8" ?>
<!DOCTYPE sqlMap PUBLIC "-//ibatis.apache.org//DTD SQL Map 2.0//EN"	"http://ibatis.apache.org/dtd/sql-map-2.dtd">

<sqlMap namespace="Factors">

	<select id="searchHoliday" resultClass="java.util.HashMap">

		SELECT C_BRANCHCODE, B_STDHOLIDAY=case b_stdholiday When '1' then
		'Standard' When '0' then 'Non-standard' end, C_DESC,
		CONVERT(varchar,
		CONVERT(varchar(10), D_HOLIDAYDATE, 101), 111) as D_HOLIDAYDATE,
		D_HOLIDAYDATE,CONVERT(varchar, CONVERT(varchar(10), D_HOLIDAYDATE,
		101), 111) as D_HOLIDAYDATE_ORIG
		FROM (SELECT COUNT(*) AS rn,
		h1.C_BRANCHCODE, h1.D_HOLIDAYDATE,
		h1.B_STDHOLIDAY, h1.C_DESC
		FROM
		(SELECT C_BRANCHCODE, D_HOLIDAYDATE, B_STDHOLIDAY,
		C_DESC, tblkey =
		C_BRANCHCODE + CONVERT(varchar(10), D_HOLIDAYDATE, 101 )
		FROM Holiday
		WHERE C_BRANCHCODE = #C_BRANCHCODE#
		)h1

		INNER JOIN Holiday h2
		ON
		h1.tblkey &lt;= h2.C_BRANCHCODE + CONVERT(varchar(10),
		h2.D_HOLIDAYDATE, 101) AND h2.C_BRANCHCODE = #C_BRANCHCODE#
		GROUP BY
		h1.C_BRANCHCODE, h1.D_HOLIDAYDATE, h1.B_STDHOLIDAY, h1.C_DESC

		)DERIVEDTBL

		WHERE
		(rn BETWEEN #start# AND #end#)


		<!-- select C_BRANCHCODE,B_STDHOLIDAY=case b_stdholiday When '1' then 'Standard' 
			When '0' then 'Non-standard' end -->
		<!-- ,C_DESC,CONVERT(varchar, CONVERT(varchar(10), D_HOLIDAYDATE, 101), 
			111) as D_HOLIDAYDATE,CONVERT(varchar, CONVERT(varchar(10), D_HOLIDAYDATE, 
			101), 111) as D_HOLIDAYDATE_ORIG,C_BRANCHCODE as C_BRANCHCODE_ORIG from (select 
			*,(select count(*) from HOLIDAY a2 where a2.D_HOLIDAYDATE &lt;= a.D_HOLIDAYDATE) 
			as rn from HOLIDAY a) DERIVEDTBL -->
		<!-- where rn between #start# and #end# -->
		<!-- AND C_BRANCHCODE = #C_BRANCHCODE# -->

	</select>

	<select id="searchHolidayByDate" resultClass="java.util.HashMap">
		select * from
		HOLIDAY
		where D_HOLIDAYDATE = #D_HOLIDAYDATE#
		and C_BRANCHCODE =
		#C_BRANCHCODE#
	</select>

	<select id="getHolidayCountByDate" resultClass="java.util.HashMap">
		select * from
		HOLIDAY
		where D_HOLIDAYDATE BETWEEN #start# AND #end#
		AND C_BRANCHCODE =
		#branchCode#
	</select>

	<update id="addHoliday" parameterClass="java.util.Map">

		insert into HOLIDAY (
		C_BRANCHCODE, D_HOLIDAYDATE, B_STDHOLIDAY,
		C_DESC
		)
		values (
		#C_BRANCHCODE#,
		#D_HOLIDAYDATE#,
		#B_STDHOLIDAY#,
		#C_DESC#
		)

	</update>


	<update id="updateHoliday" parameterClass="java.util.Map">

		update HOLIDAY
		set

		D_HOLIDAYDATE=#D_HOLIDAYDATE#,
		B_STDHOLIDAY=#B_STDHOLIDAY#,
		C_DESC=#C_DESC#

		where D_HOLIDAYDATE = #D_HOLIDAYDATE_ORIG#
		and
		C_BRANCHCODE =
		#C_BRANCHCODEOLD#

	</update>

	<update id="deleteHoliday" parameterClass="java.util.Map">
		delete from HOLIDAY
		where C_BRANCHCODE = #C_BRANCHCODE#
		and D_HOLIDAYDATE = #D_HOLIDAYDATE#
	</update>

	<select id="getTotalRecordsHoliday" resultClass="java.lang.String">
		select count(*)
		from HOLIDAY
		where C_BRANCHCODE = #C_BRANCHCODE#
	</select>
</sqlMap>