<?xml version="1.0" encoding="UTF-8" ?>
<!DOCTYPE sqlMap PUBLIC "-//ibatis.apache.org//DTD SQL Map 2.0//EN"	"http://ibatis.apache.org/dtd/sql-map-2.dtd">

<sqlMap namespace="Factors">



	<select id="searchIND" resultClass="java.util.HashMap">
		<!--select * from INDUSTRY -->

		select *,C_INDCODE as C_INDCODE_ORIG from (select *,(select count(*)
		from INDUSTRY a2 where a2.C_INDCODE &lt;= a.C_INDCODE) as rn from
		INDUSTRY a) DERIVEDTBL
		where rn between #start# and #end#

	</select>


	<update id="addIND" parameterClass="java.util.Map">

		insert into INDUSTRY (
		C_INDCODE,
		C_INDNAME
		)
		values (
		#C_INDCODE#,
		#C_INDNAME#
		)

	</update>


	<update id="updateIND" parameterClass="java.util.Map">

		update INDUSTRY
		set
		C_INDNAME=#C_INDNAME#

		where C_INDCODE = #C_INDCODE_ORIG#

	</update>

	<select id="searchINDByCode" resultClass="java.util.HashMap">
		select * from INDUSTRY
		where C_INDCODE = #C_INDCODE#
	</select>


	<update id="deleteIND" parameterClass="java.util.Map">
		delete from INDUSTRY
		where
		C_INDCODE = #C_INDCODE#
	</update>

	<select id="getTotalRecordsIND" resultClass="java.lang.String">
		select count(*) from
		INDUSTRY
	</select>


	<select id="searchIndustryAutoComplete" resultClass="java.util.HashMap">
		select C_INDNAME from INDUSTRY
		<!-- <dynamic prepend="Where"> <isNotEmpty property="q" prepend="And"> 
			C_INDNAME like '$q$%' </isNotEmpty> </dynamic> -->
	</select>


	<select id="searchIndustryResolveToCode" resultClass="java.lang.String">
		select
		C_INDCODE from INDUSTRY
		where C_INDNAME = #C_INDUSTRYCODE#
	</select>

	<select id="searchIndustryResolveToDesc" resultClass="java.lang.String">
		select
		C_INDNAME from INDUSTRY
		where C_INDCODE = #C_INDUSTRYCODE#
	</select>


	<select id="getExposureByIndustry" resultClass="com.bdo.factor.beans.ExposureByIndustry">
		SELECT
		ROUND(ISNULL(exposureByIndustry.balanceFIU, 0), 3) AS
		balanceOfFIU,
		ROUND(ISNULL(exposureByIndustry.balanceReceivables, 0),
		3) AS balanceOfReceivables,
		ROUND(ISNULL(exposureByIndustry.mtd, 0), 3)
		AS balanceOfMTD,
		ROUND(ISNULL(exposureByIndustry.ytd, 0), 3) AS
		balanceOfYTD,
		exposureByIndustry.divCode AS indCd,
		fpmsIndustry.Header
		AS header,
		fpmsIndustry.Detail AS detail
		FROM
		(
		SELECT  <!-- before: MONTH(GETDATE()) -->

		CASE WHEN (MONTH(#monthYear#) = (select month([currentdate]) FROM
		[factorsGetDa ) AND MONTH(#monthYear#) = 1) THEN

		SUM(distinct t1.N_PREVYRFIU)

		WHEN (MONTH(#monthYear#) = (select month([currentdate]) FROM
		[factorsGetDate]) AND MONTH(#monthYear#) = 2) THEN

		SUM(distinct t1.N_JANFIU)

		WHEN (MONTH(#monthYear#) = (select month([currentdate]) FROM
		[factorsGetDate]) AND MONTH(#monthYear#) = 3) THEN

		SUM(distinct t1.N_FEBFIU)

		WHEN (MONTH(#monthYear#) = (select month([currentdate]) FROM
		[factorsGetDate]) AND MONTH(#monthYear#) = 4) THEN

		SUM(distinct t1.N_MARFIU)

		WHEN (MONTH(#monthYear#) = (select month([currentdate]) FROM
		[factorsGetDate]) AND MONTH(#monthYear#) = 5) THEN

		SUM(distinct t1.N_APRFIU)

		WHEN (MONTH(#monthYear#) = (select month([currentdate]) FROM
		[factorsGetDate]) AND MONTH(#monthYear#) = 6) THEN

		SUM(distinct t1.N_MAYFIU)

		WHEN (MONTH(#monthYear#) = (select month([currentdate]) FROM
		[factorsGetDate]) AND MONTH(#monthYear#) = 7) THEN

		SUM(distinct t1.N_JUNFIU)

		WHEN (MONTH(#monthYear#) = (select month([currentdate]) FROM
		[factorsGetDate]) AND MONTH(#monthYear#) = 8) THEN

		SUM(distinct t1.N_JULFIU)

		WHEN (MONTH(#monthYear#) = (select month([currentdate]) FROM
		[factorsGetDate]) AND MONTH(#monthYear#) = 9) THEN

		SUM(distinct t1.N_AUGFIU)

		WHEN (MONTH(#monthYear#) = (select month([currentdate]) FROM
		[factorsGetDate]) AND MONTH(#monthYear#) = 10) THEN

		SUM(distinct t1.N_SEPFIU)

		WHEN (MONTH(#monthYear#) = (select month([currentdate]) FROM
		[factorsGetDate]) AND MONTH(#monthYear#) = 11) THEN

		SUM(distinct t1.N_OCTFIU)

		WHEN (MONTH(#monthYear#) = (select month([currentdate]) FROM
		[factorsGetDate]) AND MONTH(#monthYear#) = 12) THEN

		SUM(distinct t1.N_NOVFIU)


		ELSE

		CASE WHEN (MONTH(#monthYear#) = 1) THEN
		SUM(distinct t1.N_JANFIU)
		WHEN (MONTH(#monthYear#) = 2) THEN
		SUM(distinct t1.N_FEBFIU)
		WHEN (MONTH(#monthYear#) = 3) THEN
		SUM(distinct t1.N_MARFIU)
		WHEN (MONTH(#monthYear#) = 4) THEN
		SUM(N_APRFIU)
		WHEN (MONTH(#monthYear#) = 5) THEN
		SUM(distinct t1.N_MAYFIU)
		WHEN (MONTH(#monthYear#) = 6) THEN
		SUM(distinct t1.N_JUNFIU)
		WHEN (MONTH(#monthYear#) = 7) THEN
		SUM(distinct t1.N_JULFIU)
		WHEN (MONTH(#monthYear#) = 8) THEN
		SUM(distinct t1.N_AUGFIU)
		WHEN (MONTH(#monthYear#) = 9) THEN
		SUM(distinct t1.N_SEPFIU)
		WHEN (MONTH(#monthYear#) = 10) THEN
		SUM(distinct t1.N_OCTFIU)
		WHEN (MONTH(#monthYear#) = 11) THEN
		SUM(distinct t1.N_NOVFIU)
		WHEN (MONTH(#monthYear#) = 12) THEN
		SUM(distinct t1.N_DECFIU)
		ELSE
		0
		END
		END

		AS balanceFIU,
		<!-- before: MONTH(GETDATE()) -->
		CASE WHEN (MONTH(#monthYear#) = (select month([currentdate]) FROM
		[factorsGetDate]) AND MONTH(#monthYear#) = 1) THEN

		SUM(distinct t1.N_PREVYRREC)

		WHEN (MONTH(#monthYear#) = (select month([currentdate]) FROM
		[factorsGetDate]) AND MONTH(#monthYear#) = 2) THEN

		SUM(distinct t1.N_JANREC)

		WHEN (MONTH(#monthYear#) = (select month([currentdate]) FROM
		[factorsGetDate]) AND MONTH(#monthYear#) = 3) THEN

		SUM(distinct t1.N_FEBREC)

		WHEN (MONTH(#monthYear#) = (select month([currentdate]) FROM
		[factorsGetDate]) AND MONTH(#monthYear#) = 4) THEN

		SUM(distinct t1.N_MARREC)

		WHEN (MONTH(#monthYear#) = (select month([currentdate]) FROM
		[factorsGetDate]) AND MONTH(#monthYear#) = 5) THEN

		SUM(distinct t1.N_APRREC)

		WHEN (MONTH(#monthYear#) = (select month([currentdate]) FROM
		[factorsGetDate]) AND MONTH(#monthYear#) = 6) THEN

		SUM(distinct t1.N_MAYREC)

		WHEN (MONTH(#monthYear#) = (select month([currentdate]) FROM
		[factorsGetDate]) AND MONTH(#monthYear#) = 7) THEN

		SUM(distinct t1.N_JUNREC)

		WHEN (MONTH(#monthYear#) = (select month([currentdate]) FROM
		[factorsGetDate]) AND MONTH(#monthYear#) = 8) THEN

		SUM(distinct t1.N_JULREC)

		WHEN (MONTH(#monthYear#) = (select month([currentdate]) FROM
		[factorsGetDate]) AND MONTH(#monthYear#) = 9) THEN

		SUM(distinct t1.N_AUGREC)

		WHEN (MONTH(#monthYear#) = (select month([currentdate]) FROM
		[factorsGetDate]) AND MONTH(#monthYear#) = 10) THEN

		SUM(distinct t1.N_SEPREC)

		WHEN (MONTH(#monthYear#) = (select month([currentdate]) FROM
		[factorsGetDate]) AND MONTH(#monthYear#) = 11) THEN

		SUM(distinct t1.N_OCTREC)

		WHEN (MONTH(#monthYear#) = (select month([currentdate]) FROM
		[factorsGetDate]) AND MONTH(#monthYear#) = 12) THEN

		SUM(distinct t1.N_NOVREC)
		ELSE

		CASE WHEN (MONTH(#monthYear#) = 1) THEN
		SUM(distinct t1.N_JANREC)
		WHEN (MONTH(#monthYear#) = 2) THEN
		SUM(distinct t1.N_FEBREC)
		WHEN (MONTH(#monthYear#) = 3) THEN
		SUM(distinct t1.N_MARREC)
		WHEN (MONTH(#monthYear#) = 4) THEN
		SUM(distinct t1.N_APRREC)
		WHEN (MONTH(#monthYear#) = 5) THEN
		SUM(distinct t1.N_MAYREC)
		WHEN (MONTH(#monthYear#) = 6) THEN
		SUM(distinct t1.N_JUNREC)
		WHEN (MONTH(#monthYear#) = 7) THEN
		SUM(distinct t1.N_JULREC)
		WHEN (MONTH(#monthYear#) = 8) THEN
		SUM(distinct t1.N_AUGREC)
		WHEN (MONTH(#monthYear#) = 9) THEN
		SUM(distinct t1.N_SEPREC)
		WHEN (MONTH(#monthYear#) = 10) THEN
		SUM(distinct t1.N_OCTREC)
		WHEN (MONTH(#monthYear#) = 11) THEN
		SUM(distinct t1.N_NOVREC)
		WHEN (MONTH(#monthYear#) = 12) THEN
		SUM(distinct t1.N_DECREC)
		ELSE
		0
		END
		END

		AS balanceReceivables,v1.IndCd, t1.C_CLNTCODE, v2.divCode,

		ISNULL((
		SELECT SUM(N_INVOICEAMT)
		FROM Invoices WHERE C_CLNTCODE = t1.C_CLNTCODE
		AND MONTH(#monthYear#) = MONTH(D_INVOICEDATE)
		),0)AS mtd,

		ISNULL((
		SELECT SUM(N_INVOICEAMT)
		FROM Invoices WHERE C_CLNTCODE = t1.C_CLNTCODE
		AND YEAR(#monthYear#) = YEAR(D_INVOICEDATE)
		),0)AS ytd

		FROM MonthlyBalances t1, CC v1,
		fpmsIndustry v2

		WHERE
		t1.C_CLNTCODE = v1.C_CLNTCODE
		AND v1.C_BRANCHCODE = #branchCode#
		AND v1.IndCd = v2.IndustryCode

		GROUP BY v1.IndCd, t1.C_CLNTCODE, v2.divCode

		)AS exposureByIndustry right JOIN fpmsIndustry
		ON exposureByIndustry.IndCd
		= fpmsIndustry.IndustryCode
		GROUP BY
		exposureByIndustry.balanceReceivables,
		exposureByIndustry.balanceFIU,
		exposureByIndustry.mtd,
		exposureByIndustry.ytd,
		exposureByIndustry.divCode,
		fpmsIndustry.Header,
		fpmsIndustry.Detail
	</select>

	<select id="searchIndustryList" resultClass="java.util.HashMap">

		select * from IndustryDetail order by C_Desc

	</select>

	<select id="searchIndustryList2" resultClass="com.bdo.factor.beans.Industry">
		
			select C_Desc from IndustryDetail order by C_Desc
		
	</select>
	<select id="searchIndustryResolveToCode2" resultClass="java.lang.String">
		select IndCd from IndustryDetail
		where C_Desc = #C_Desc#
	</select>
	
	<select id="searchIndustryResolveToDesc2" resultClass="java.lang.String">
		select C_Desc from IndustryDetail
		where IndCd = #IndCd#
	</select>
</sqlMap>