<?xml version="1.0" encoding="UTF-8" ?>
<!DOCTYPE sqlMap PUBLIC "-//ibatis.apache.org//DTD SQL Map 2.0//EN"	"http://ibatis.apache.org/dtd/sql-map-2.dtd">

<sqlMap namespace="Factors">
	<typeAlias type="com.bdo.factor.beans.PDOInvoice" alias="PDOInvoice" />

	<select id="searchInvoice" resultClass="java.util.HashMap">
		SELECT *
		FROM (
		SELECT
		C_BRANCHCODE + '-' + CAST(C_CLNTCODE AS nvarchar)
		+ '-' + CAST(C_CUSTCODE AS
		nvarchar) + '-' + C_INVOICENO + '-'
		+CAST(D_INVOICEDATE AS nvarchar)
		AS tblKEY,
		C_BRANCHCODE,
		stat = CASE
		WHEN C_STATUS = '1' THEN
		'for verification'
		ELSE CASE WHEN C_STATUS =
		'2' THEN
		'for release of advances'
		ELSE CASE WHEN C_STATUS = '3' THEN
		'released advances'
		ELSE CASE WHEN C_STATUS = '4' THEN
		'partially paid'
		ELSE CASE WHEN C_STATUS = '5' THEN
		'fully paid'
		ELSE CASE WHEN C_STATUS
		= '6' THEN
		'closed'
		ELSE CASE WHEN C_STATUS = '7' THEN
		'cancelled/disapproved'
		END END END END END END END,
		C_CLNTCODE,
		C_NAME,
		C_CUSTCODE,
		C_CUSTNAME,
		C_INVOICENO,
		D_INVOICEDATE,
		D_INVOICEDUEDATE,
		D_TRANSACTIONDATE,
		N_ORIGINVOICEAMT,
		N_INVOICEAMT,
		N_TERM,
		CCTerm,
		C_STATUS,
		C_CURRENCYCODE,
		N_EXCHANGERATE,
		Currency = (SELECT
		C_DESCRIPTION FROM Currency WHERE invoices.C_CURRENCYCODE =
		Currency.C_CURRENCYCODE),
		N_INVNO,
		D_ACTUALPAIDDATE,
		ROW_NUMBER()
		OVER(ORDER BY convert(smalldatetime,D_TRANSACTIONDATE) desc) AS rn
		FROM Invoices
		WHERE (C_BRANCHCODE = #C_BRANCHCODE#)
		<isNotEmpty property="clfilter" prepend="And">
			<!-- from '$clfilter$%' to #clfilter#+'%' by Cherrie garcia 10/06/15 -->
			C_NAME LIKE #clfilter#+'%'
		</isNotEmpty>
		<isNotEmpty property="cufilter" prepend="And">
			<!-- from '$cufilter$%' to #cufilter#+'%' by Cherrie garcia 10/06/15 -->
			C_CUSTNAME LIKE #cufilter#+'%'
		</isNotEmpty>
		<isNotEmpty property="stfilter" prepend="And">
			C_STATUS =
			#stfilter#
		</isNotEmpty>
		)q1
		WHERE rn between #start# AND #end#
		ORDER BY
		convert(smalldatetime,D_TRANSACTIONDATE) desc

		<!-- SELECT a.*, tblKEY = C_BRANCHCODE + '-' + cast(C_CLNTCODE AS nvarchar) 
			+ '-' + cast(C_CUSTCODE AS nvarchar) + '-' + C_INVOICENO + '-' + D_INVOICEDATE, 
			stat = CASE WHEN C_STATUS = '1' THEN 'for verification' ELSE CASE WHEN C_STATUS 
			= '2' THEN 'for release of advances' ELSE CASE WHEN C_STATUS = '3' THEN 'released 
			advances' ELSE CASE WHEN C_STATUS = '4' THEN 'partially paid' ELSE CASE WHEN 
			C_STATUS = '5' THEN 'fully paid' ELSE CASE WHEN C_STATUS = '6' THEN 'closed' 
			ELSE CASE WHEN C_STATUS = '7' THEN 'cancelled/disapproved' END END END END 
			END END END, Currency = (SELECT C_DESCRIPTION FROM Currency WHERE a.C_CURRENCYCODE 
			= Currency.C_CURRENCYCODE), N_INVNO FROM (SELECT COUNT(*) AS rn, i1.C_BRANCHCODE, 
			i1.C_CLNTCODE, i1.C_CUSTCODE, i1.C_NAME, i1.C_CUSTNAME, i1.C_INVOICENO, i1.D_INVOICEDATE, 
			i1.D_INVOICEDUEDATE, i1.D_TRANSACTIONDATE, i1.N_ORIGINVOICEAMT, i1.N_INVOICEAMT, 
			i1.N_TERM, i1.CCTerm, i1.C_STATUS, i1.C_CURRENCYCODE, i1.N_EXCHANGERATE, 
			i1.N_INVNO FROM (SELECT C_BRANCHCODE, C_NAME, C_CUSTNAME, C_CLNTCODE, C_CUSTCODE, 
			C_INVOICENO, D_INVOICEDATE, D_INVOICEDUEDATE, D_TRANSACTIONDATE, N_ORIGINVOICEAMT, 
			N_INVOICEAMT, N_TERM, CCTerm, C_STATUS, C_CURRENCYCODE, N_EXCHANGERATE, N_INVNO, 
			C_BRANCHCODE + '-' + CAST(C_CLNTCODE AS nvarchar) + '-' + CAST(C_CUSTCODE 
			AS nvarchar) + '-' + C_INVOICENO + CAST(D_INVOICEDATE AS nvarchar) AS tblkey 
			FROM Invoices WHERE (C_BRANCHCODE = #C_BRANCHCODE#) <isNotEmpty property="clfilter" 
			prepend="And"> C_NAME LIKE '$clfilter$%' </isNotEmpty> <isNotEmpty property="cufilter" 
			prepend="And"> C_CUSTNAME LIKE '$cufilter$%' </isNotEmpty> <isNotEmpty property="stfilter" 
			prepend="And"> C_STATUS = #stfilter# </isNotEmpty> ) i1 INNER JOIN Invoices 
			i2 ON i1.tblkey >= i2.C_BRANCHCODE + '-' + CAST(i2.C_CLNTCODE AS nvarchar) 
			+ '-' + CAST(i2.C_CUSTCODE AS nvarchar) + '-' + i2.C_INVOICENO + CAST(i2.D_INVOICEDATE 
			AS nvarchar) AND i2.C_BRANCHCODE = #C_BRANCHCODE# <isNotEmpty property="clfilter" 
			prepend="And"> i2.C_NAME LIKE '$clfilter$%' </isNotEmpty> <isNotEmpty property="cufilter" 
			prepend="And"> i2.C_CUSTNAME LIKE '$cufilter$%' </isNotEmpty> <isNotEmpty 
			property="stfilter" prepend="And"> i2.C_STATUS = #stfilter# </isNotEmpty> 
			GROUP BY i1.C_BRANCHCODE, i1.C_CLNTCODE, i1.C_CUSTCODE, i1.C_NAME, i1.C_CUSTNAME, 
			i1.C_INVOICENO, i1.D_INVOICEDATE, i1.D_INVOICEDUEDATE, i1.D_TRANSACTIONDATE, 
			i1.N_ORIGINVOICEAMT, i1.N_INVOICEAMT, i1.N_TERM, i1.CCTerm, i1.C_STATUS, 
			i1.C_CURRENCYCODE, i1.N_EXCHANGERATE, i1.N_INVNO) a WHERE rn BETWEEN #start# 
			AND #end# ORDER BY C_NAME,C_CUSTNAME,D_TRANSACTIONDATE desc -->
	</select>

	<select id="searchInvoiceByStatus" resultClass="java.util.HashMap">
		<!-- select inv.C_INVOICENO, CONVERT(varchar, CONVERT(varchar(10), inv.D_INVOICEDATE, 
			101), 111) as D_INVOICEDATE, CONVERT(varchar, CONVERT(varchar(10), inv.D_INVOICEDUEDATE, 
			101), 111) as D_INVOICEDUEDATE, inv.N_INVOICEAMT, inv.N_TERM, inv.C_STATUS, 
			inv.N_INVNO, (ISNULL(sum(rd.n_receiptamt),0)- ISNULL( (select sum(rd.n_receiptamt) 
			from receiptsdtl rd inner join receiptshdr rh on rh.n_refno = rd.n_refno 
			where rh.c_status = '3' and rd.n_invno = inv.n_invno ),0) )as totalCollected, 
			(inv.N_INVOICEAMT- (ISNULL(sum(rd.n_receiptamt),0)- ISNULL( (select sum(rd.n_receiptamt) 
			from receiptsdtl rd inner join receiptshdr rh on rh.n_refno = rd.n_refno 
			where rh.c_status = '3' and rd.n_invno = inv.n_invno ),0)) ) as remainingAmount 
			from invoice inv left outer join receiptsdtl rd on rd.n_invno = inv.n_invno 
			inner join dbcif..client c on c.c_clntcode = inv.c_clntcode where inv.c_branchcode 
			= #C_BRANCHCODE# and inv.c_clntcode = #C_CLNTCODE# and inv.c_custcode = #C_CUSTCODE# -->

		SELECT *,*,(N_INVOICEAMT*(N_ADVANCEDRATIO/100))-totalCollected AS
		netRemainingAmount FROM (SELECT
		inv.C_INVOICENO,
		c.N_ADVANCEDRATIO,
		CONVERT(varchar, CONVERT(varchar(10),inv.D_INVOICEDATE, 101), 111) as
		D_INVOICEDATE,
		CONVERT(varchar, CONVERT(varchar(10),
		inv.D_INVOICEDUEDATE, 101), 111) as D_INVOICEDUEDATE,
		inv.N_INVOICEAMT,
		inv.N_TERM,
		inv.C_STATUS,
		inv.N_INVNO,
		(ISNULL(sum(rd.n_receiptamt),0)-ISNULL((select sum(rd.n_receiptamt)
		from receiptsdtl rd inner join receiptshdr rh on rh.n_refno =
		rd.n_refno where rh.c_status = '3' and rd.n_invno = inv.n_invno),0))
		AS totalCollected,
		(inv.N_INVOICEAMT-(ISNULL(sum(rd.n_receiptamt),0)-ISNULL((select
		sum(rd.n_receiptamt)from receiptsdtl rd inner join receiptshdr rh on
		rh.n_refno = rd.n_refno where rh.c_status = '3' and rd.n_invno =
		inv.n_invno),0))) AS remainingAmount
		FROM
		invoice inv
		LEFT OUTER JOIN
		receiptsdtl rd on rd.n_invno = inv.n_invno
		INNER JOIN
		dbcif..client c on c.c_clntcode = inv.c_clntcode
		WHERE
		inv.c_branchcode = #C_BRANCHCODE#
		and inv.c_clntcode = #C_CLNTCODE#
		and inv.c_custcode = #C_CUSTCODE#
		<isNotEmpty property="C_STATUS" prepend="And">


			inv.C_STATUS IN
			$C_STATUS$
		</isNotEmpty>
		GROUP BY
		inv.C_INVOICENO,
		inv.D_INVOICEDATE,
		inv.D_INVOICEDUEDATE,
		inv.N_INVOICEAMT,
		inv.N_TERM,
		inv.C_STATUS, inv.N_INVNO,c.N_ADVANCEDRATIO
		)q1


		<!-- group by inv.C_INVOICENO, inv.D_INVOICEDATE,inv.D_INVOICEDUEDATE,inv.N_INVOICEAMT, 
			inv.N_TERM, inv.C_STATUS, inv.N_INVNO -->
	</select>

	<select id="searchInvoiceByStatusWithPaging" resultClass="java.util.HashMap">
		select
		* from (SELECT C_INVOICENO,
		CONVERT(varchar, CONVERT(varchar(10),
		D_INVOICEDATE, 101), 111) as D_INVOICEDATE,
		CONVERT(varchar,
		CONVERT(varchar(10), D_INVOICEDUEDATE, 101), 111) as D_INVOICEDUEDATE,
		N_ORIGINVOICEAMT,
		N_TERM,
		C_STATUS,
		(select count(*) from invoice a2
		where C_BRANCHCODE &lt;= #C_BRANCHCODE#
		and a.c_INVOICENO &lt;=
		a2.c_invoiceno
		AND C_CLNTCODE = #C_CLNTCODE#
		AND C_CUSTCODE =
		#C_CUSTCODE#
		AND C_STATUS IN $C_STATUS$) as rn
		from INVOICE a
		WHERE
		C_BRANCHCODE &lt;=
		#C_BRANCHCODE#
		AND C_CLNTCODE = #C_CLNTCODE#
		AND
		C_CUSTCODE = #C_CUSTCODE#
		AND C_STATUS IN $C_STATUS$

		)DERIVEDTBL
		where
		DERIVEDTBL.rn between #start#
		and #end#
	</select>

	<update id="addInvoice" parameterClass="java.util.Map">

		insert into Invoice
		(C_BRANCHCODE, C_CLNTCODE, C_CUSTCODE, C_INVOICENO,
		D_INVOICEDATE,
		D_INVOICEDUEDATE, D_TRANSACTIONDATE, N_INVOICEAMT,
		N_ORIGINVOICEAMT,
		N_TERM, C_STATUS,
		C_CURRENCYCODE,N_EXCHANGERATE,C_KEYIN)
		values
		(#C_BRANCHCODE#,#C_CLNTCODE#,#C_CUSTCODE#,#C_INVOICENO#,
		#D_INVOICEDATE#,#D_INVOICEDUEDATE#,#D_TRANSACTIONDATE#,#N_INVOICEAMT#,
		#N_ORIGINVOICEAMT#,#N_TERM#,'1',#C_CURRENCYCODE#,#N_EXCHANGERATE#,#C_KEYIN#)

	</update>


	<update id="updateInvoice" parameterClass="java.util.Map">

		update Invoice
		set
		C_CLNTCODE=#C_CLNTCODE#,
		C_CUSTCODE=#C_CUSTCODE#,
		C_INVOICENO=#C_INVOICENO#,
		D_INVOICEDATE=#D_INVOICEDATE#,
		D_INVOICEDUEDATE=#D_INVOICEDUEDATE#,
		D_TRANSACTIONDATE=#D_TRANSACTIONDATE#,
		N_INVOICEAMT=#N_INVOICEAMT#,
		N_ORIGINVOICEAMT=#N_ORIGINVOICEAMT#,
		N_TERM=#N_TERM#,
		C_CURRENCYCODE=#C_CURRENCYCODE#
		where C_BRANCHCODE + '-' +
		cast(C_CLNTCODE AS nvarchar) + '-' +
		cast(C_CUSTCODE AS nvarchar) + '-'
		+ C_INVOICENO + '-' +
		CONVERT(varchar(10), D_INVOICEDATE, 101) =
		#tblKEY#

	</update>

	<update id="updateInvoice2" parameterClass="java.util.Map">

		update Invoice
		set
		C_INVOICENO=#C_INVOICENO#,
		D_INVOICEDATE=#D_INVOICEDATE#,
		N_TERM=#N_TERM#,
		D_INVOICEDUEDATE=#D_INVOICEDUEDATE#,
		D_ACTUALPAIDDATE =
		#D_ACTUALPAIDDATE#
		where N_INVNO = #N_INVNO#

	</update>

	<update id="updateInvoiceStatusByCode" parameterClass="java.util.HashMap">

		update Invoice
		set
		C_STATUS=#C_STATUS#
		<dynamic prepend=",">
			<isNotEmpty property="D_FULLYPAIDDATE" prepend=",">
				D_FULLYPAIDDATE = #D_FULLYPAIDDATE#
			</isNotEmpty>
		</dynamic>

		where N_INVNO IN $invoices$

	</update>

	<update id="updateInvoiceStatusAndDateByCode" parameterClass="java.util.HashMap">

		update Invoice
		set
		C_STATUS=#C_STATUS#,
		D_FULLYPAIDDATE =
		#D_FULLYPAIDDATE#
		where N_INVNO IN $invoices$

	</update>

	<update id="updateInvoiceStatusByInvNo" parameterClass="java.util.HashMap">

		update Invoice
		set
		C_STATUS=#C_STATUS#
		<dynamic prepend=",">
			<isNotEmpty property="D_FULLYPAIDDATE" prepend=",">
				D_FULLYPAIDDATE = #D_FULLYPAIDDATE#
			</isNotEmpty>
			<isEmpty property="D_FULLYPAIDDATE" prepend=",">
				D_PARTIALPAIDDATE = #D_TRANSACTIONDATE#,
				N_PARTIALREFERENCE =
				#N_REFNO#
			</isEmpty>
		</dynamic>

		where N_INVNO IN $invNos$

	</update>

	<!-- added BY CVG as of 04-14-16 for Invoice Status (C_status / C_type) 
		bug -->
	<update id="updateInvoiceFullyPaidDateByCodeNew" parameterClass="java.util.HashMap">

		update Invoice
		set
		D_FULLYPAIDDATE=#D_FULLYPAIDDATE#

		where N_INVNO =
		#invoices#

	</update>

	<update id="updateInvoiceFullyPaidNew" parameterClass="java.util.HashMap">

		update
		INVOICE set C_STATUS = #C_STATUS#, D_FULLYPAIDDATE =
		#D_FULLYPAIDDATE#
		where N_INVNO in(select a.N_INVNO from
		(select rd1.N_INVNO,
		rd1.C_INVOICENO, rd1.N_AMTINV, (
		(
		select
		sum(rd.n_receiptamt) from
		receiptsdtl rd
		inner join receiptshdr rh on
		rh.n_refno = rd.n_refno
		where rd.N_INVNO = rd1.N_INVNO and
		rd.C_INVOICENO = rd1.C_INVOICENO
		) -
		ISNULL((
		select sum(rd.n_receiptamt)
		from receiptsdtl rd
		inner join
		receiptshdr rh on rh.n_refno =
		rd.n_refno
		where rd.N_INVNO = rd1.N_INVNO
		and rd.C_INVOICENO =
		rd1.C_INVOICENO and rh.c_status = '3'
		),0)
		) as
		totalCollected
		from RECEIPTSDTL rd1
		group by N_INVNO, C_INVOICENO,
		N_AMTINV) as a where
		a.N_AMTINV = a.totalCollected
		and N_INVNO =
		#invNos#)

	</update>


	<update id="updateInvoiceStatusByInvNoNew" parameterClass="java.util.HashMap">

		update Invoice
		set
		C_STATUS=#C_STATUS#
		<dynamic prepend=",">
			<isNotEmpty property="D_FULLYPAIDDATE" prepend=",">
				D_FULLYPAIDDATE = #D_FULLYPAIDDATE#
			</isNotEmpty>
			<isEmpty property="D_FULLYPAIDDATE" prepend=",">
				D_PARTIALPAIDDATE = #D_TRANSACTIONDATE#,
				N_PARTIALREFERENCE =
				#N_REFNO#
			</isEmpty>
		</dynamic>

		where N_INVNO = #invNos#

	</update>

	<!-- end -->


	<update id="updateInvoiceFullyPaidDateByCode" parameterClass="java.util.HashMap">

		update Invoice
		set
		D_FULLYPAIDDATE=#D_FULLYPAIDDATE#

		where N_INVNO IN
		$invoices$

	</update>

	<update id="updateInvoiceFullyPaid" parameterClass="java.util.HashMap">

		update
		INVOICE set C_STATUS = #C_STATUS#, D_FULLYPAIDDATE =
		#D_FULLYPAIDDATE#
		where N_INVNO in(select a.N_INVNO from
		(select rd1.N_INVNO,
		rd1.C_INVOICENO, rd1.N_AMTINV, (
		(
		select
		sum(rd.n_receiptamt) from
		receiptsdtl rd
		inner join receiptshdr rh on
		rh.n_refno = rd.n_refno
		where rd.N_INVNO = rd1.N_INVNO and
		rd.C_INVOICENO = rd1.C_INVOICENO
		) -
		ISNULL((
		select sum(rd.n_receiptamt)
		from receiptsdtl rd
		inner join
		receiptshdr rh on rh.n_refno =
		rd.n_refno
		where rd.N_INVNO = rd1.N_INVNO
		and rd.C_INVOICENO =
		rd1.C_INVOICENO and rh.c_status = '3'
		),0)
		) as
		totalCollected
		from RECEIPTSDTL rd1
		group by N_INVNO, C_INVOICENO,
		N_AMTINV) as a where
		a.N_AMTINV = a.totalCollected
		and N_INVNO IN
		$invNos$)

	</update>

	<update id="updateInvoiceStatusByInvoiceOnly" parameterClass="java.util.HashMap">
		update Invoice set
		C_STATUS=#C_STATUS#,
		D_FULLYPAIDDATE =
		#D_FULLYPAIDDATE#
		where C_INVOICENO = #C_INVOICENO#
	</update>

	<select id="getTotalRecordsInvoice" resultClass="java.lang.String"
		parameterClass="java.util.Map">
		select count(*) from Invoices where C_BRANCHCODE = #C_BRANCHCODE#
		<isNotEmpty property="clfilter" prepend="And">
			<!-- from '$clfilter$%' to #clfilter#+'%' by Cherrie garcia 10/06/15 -->
			C_NAME LIKE #clfilter#+'%'
		</isNotEmpty>
		<isNotEmpty property="cufilter" prepend="And">
			<!-- from '$cufilter$%' to #cufilter#+'%' by Cherrie garcia 10/06/15 -->
			C_CUSTNAME LIKE #cufilter#+'%'
		</isNotEmpty>
		<isNotEmpty property="stfilter" prepend="And">
			C_STATUS =
			#stfilter#
		</isNotEmpty>
	</select>

	<select id="getDueInvoiceForReport" parameterClass="java.util.Map"
		resultClass="com.bdo.factor.beans.Invoice">
		SELECT * FROM ReportInvoice WHERE (C_STATUS=3 OR
		C_STATUS=4) AND CONVERT(nvarchar,D_TRANSACTIONDATE,101) &gt;=
		#startDate# AND CONVERT(nvarchar,D_TRANSACTIONDATE,101) &lt;=
		#endDate#
	</select>

	<select id="getUniqueClientCode" parameterClass="java.util.Map"
		resultClass="java.lang.String">
		SELECT DISTINCT C_CLNTCODE FROM Invoice WHERE C_STATUS=1
		AND CONVERT(nvarchar,D_TRANSACTIONDATE,101) &gt;= #startDate# AND
		CONVERT(nvarchar,D_TRANSACTIONDATE,101) &lt;= #endDate#
	</select>

	<select id="getTotalRecordsInvoiceByStatus" resultClass="java.lang.String">
		select count(*) from Invoice
		where C_BRANCHCODE = #C_BRANCHCODE#
		AND
		C_CLNTCODE = #C_CLNTCODE#
		AND
		C_CUSTCODE = #C_CUSTCODE#


		<dynamic prepend="AND">
			<isNotEmpty property="C_STATUS" prepend="And">
				C_STATUS IN
				$C_STATUS$
			</isNotEmpty>
		</dynamic>

	</select>




	<select id="getTotalRecordsScheduleInvoice" resultClass="java.util.HashMap">

		SELECT a.*, tblKEY = C_BRANCHCODE + '-' + cast(C_CLNTCODE AS nvarchar)
		+ '-' + cast(C_CUSTCODE AS nvarchar) + '-' + C_INVOICENO + '-' +
		D_INVOICEDATE,
		stat = CASE WHEN C_STATUS = '1' THEN 'for verification'
		ELSE CASE WHEN
		C_STATUS = '2' THEN 'for release of advances' ELSE CASE
		WHEN C_STATUS
		= '3' THEN 'released advances' ELSE CASE WHEN C_STATUS =
		'4' THEN
		'partially paid' ELSE CASE WHEN C_STATUS = '5' THEN 'fully
		paid' ELSE
		CASE
		WHEN C_STATUS = '6' THEN 'closed' ELSE CASE WHEN
		C_STATUS = '7' THEN
		'cancelled/disapproved' END END END END END END
		END,
		Currency = (SELECT C_DESCRIPTION FROM Currency WHERE
		a.C_CURRENCYCODE =
		Currency.C_CURRENCYCODE)
		FROM (SELECT COUNT(*) AS rn,
		a1.C_BRANCHCODE, a1.C_CLNTCODE,
		a1.C_CUSTCODE, a1.C_NAME,
		a1.C_CUSTNAME, a1.C_INVOICENO,
		a1.D_INVOICEDATE, a1.D_INVOICEDUEDATE,
		a1.D_TRANSACTIONDATE,
		a1.N_ORIGINVOICEAMT, a1.N_INVOICEAMT, a1.N_TERM,
		a1.CCTerm, a1.C_STATUS, a1.C_CURRENCYCODE, a1.N_EXCHANGERATE
		FROM
		Invoices a1 INNER JOIN
		Invoices a2 ON a1.C_BRANCHCODE + '-' +
		CAST(a1.C_CLNTCODE AS nvarchar) + '-' +
		CAST(a1.C_CUSTCODE AS nvarchar)
		+ '-' + a1.C_INVOICENO + CAST(a1.D_INVOICEDATE AS nvarchar) >=
		a2.C_BRANCHCODE + '-' + CAST(a2.C_CLNTCODE AS nvarchar)
		+ '-' +
		CAST(a2.C_CUSTCODE AS nvarchar) + '-' + a2.C_INVOICENO +
		CAST(a2.D_INVOICEDATE AS nvarchar)
		GROUP BY a1.C_BRANCHCODE,
		a1.C_CLNTCODE, a1.C_CUSTCODE, a1.C_NAME,
		a1.C_CUSTNAME, a1.C_INVOICENO,
		a1.D_INVOICEDATE,
		a1.D_INVOICEDUEDATE, a1.D_TRANSACTIONDATE,
		a1.N_ORIGINVOICEAMT, a1.N_INVOICEAMT,
		a1.N_TERM, a1.CCTerm,
		a1.C_STATUS,
		a1.C_CURRENCYCODE, a1.N_EXCHANGERATE) a, Currency
		WHERE
		Currency.C_CURRENCYCODE = a.C_CURRENCYCODE
		AND (C_BRANCHCODE =
		#C_BRANCHCODE#)

		<isNotEmpty property="C_CLNTCODE" prepend="And">
			C_CLNTCODE =
			#C_CLNTCODE#
		</isNotEmpty>
		<isNotEmpty property="C_CUSTCODE" prepend="And">
			C_CUSTCODE =
			#C_CUSTCODE#
		</isNotEmpty>
		<isNotEmpty property="D_INVOICEDATE_START" prepend="And">
			D_INVOICEDATE &gt;= #D_INVOICEDATE_START#
		</isNotEmpty>
		<isNotEmpty property="D_INVOICEDATE_END" prepend="And">
			D_INVOICEDATE &lt; #D_INVOICEDATE_END#
		</isNotEmpty>
		<isNotEmpty property="D_INVOICEDATE_END" prepend="And">
			Currency.C_CURRENCYCODE = #C_CURRENCYCODE#
		</isNotEmpty>

	</select>







	<select id="searchScheduleInvoice" resultClass="java.util.HashMap">

		SELECT a.*, tblKEY = C_BRANCHCODE + '-' + cast(C_CLNTCODE AS nvarchar)
		+ '-' + cast(C_CUSTCODE AS nvarchar) + '-' + C_INVOICENO + '-' +
		D_INVOICEDATE,
		stat = CASE WHEN C_STATUS = '1' THEN 'For Verification'
		ELSE CASE WHEN
		C_STATUS = '2' THEN 'For Release of Advances' ELSE CASE
		WHEN C_STATUS
		= '3' THEN 'Released Advances' ELSE CASE WHEN C_STATUS =
		'4' THEN
		'Partially Paid' ELSE CASE WHEN C_STATUS = '5' THEN 'For
		Refund' ELSE
		CASE
		WHEN C_STATUS = '6' THEN 'Closed' ELSE CASE WHEN
		C_STATUS = '7' THEN
		'Cancelled/Disapproved' END END END END END END
		END,
		Currency = (SELECT C_DESCRIPTION FROM Currency WHERE
		a.C_CURRENCYCODE =
		Currency.C_CURRENCYCODE)
		FROM (SELECT COUNT(*) AS rn,
		i1.C_BRANCHCODE,
		i1.C_CLNTCODE, i1.C_CUSTCODE, i1.C_NAME,
		i1.C_CUSTNAME,
		i1.C_INVOICENO,
		i1.D_INVOICEDATE, i1.D_INVOICEDUEDATE,
		i1.D_TRANSACTIONDATE, i1.N_ORIGINVOICEAMT,
		i1.N_INVOICEAMT, i1.N_TERM,
		i1.CCTerm,
		i1.C_STATUS, i1.C_CURRENCYCODE, i1.N_EXCHANGERATE
		FROM
		(SELECT C_BRANCHCODE, C_CLNTCODE, C_CUSTCODE, C_NAME, C_CUSTNAME,
		C_INVOICENO, D_INVOICEDATE, D_INVOICEDUEDATE,
		D_TRANSACTIONDATE,
		N_ORIGINVOICEAMT, N_INVOICEAMT, N_TERM, CCTerm, C_STATUS,
		C_CURRENCYCODE, N_EXCHANGERATE, N_INVNO,
		C_BRANCHCODE + '-' +
		CAST(C_CLNTCODE AS nvarchar) + '-' + CAST(C_CUSTCODE AS
		nvarchar) + '-'
		+ C_INVOICENO + CAST(D_INVOICEDATE AS nvarchar) AS
		tblkey
		FROM Invoices
		WHERE (C_BRANCHCODE = #C_BRANCHCODE#)
		<isNotEmpty property="C_NAME" prepend="And">
			<!-- from '$C_NAME$%' to #C_NAME#+'%' by Cherrie garcia 10/06/15 -->
			C_NAME LIKE #C_NAME#+'%'
		</isNotEmpty>
		<isNotEmpty property="C_CUSTNAME" prepend="And">
			<!-- from '$C_CUSTNAME$%' to #C_CUSTNAME#+'%' by Cherrie garcia 10/06/15 -->
			C_CUSTNAME LIKE #C_CUSTNAME#+'%'
		</isNotEmpty>
		<isNotEmpty property="C_STATUS" prepend="And">
			C_STATUS =
			#C_STATUS#
		</isNotEmpty>
		) i1 INNER JOIN
		Invoices i2 ON i1.tblkey >= i2.C_BRANCHCODE + '-' +
		CAST(i2.C_CLNTCODE AS nvarchar) + '-' + CAST(i2.C_CUSTCODE AS
		nvarchar)
		+ '-' + i2.C_INVOICENO + CAST(i2.D_INVOICEDATE AS nvarchar)
		AND
		i2.C_BRANCHCODE = #C_BRANCHCODE#
		<isNotEmpty property="C_NAME" prepend="And">
			<!-- from '$C_NAME$%' to #C_NAME#+'%' by Cherrie garcia 10/06/15 -->
			i2.C_NAME LIKE #C_NAME#+'%'
		</isNotEmpty>
		<isNotEmpty property="C_CUSTNAME" prepend="And">
			<!-- from '$C_CUSTNAME$%' to #C_CUSTNAME#+'%' by Cherrie garcia 10/06/15 -->
			i2.C_CUSTNAME LIKE #C_CUSTNAME#+'%'
		</isNotEmpty>
		<isNotEmpty property="C_STATUS" prepend="And">
			i2.C_STATUS =
			#C_STATUS#
		</isNotEmpty>
		GROUP BY i1.C_BRANCHCODE, i1.C_CLNTCODE, i1.C_CUSTCODE, i1.C_NAME,
		i1.C_CUSTNAME, i1.C_INVOICENO, i1.D_INVOICEDATE, i1.D_INVOICEDUEDATE,
		i1.D_TRANSACTIONDATE, i1.N_ORIGINVOICEAMT, i1.N_INVOICEAMT, i1.N_TERM,
		i1.CCTerm, i1.C_STATUS, i1.C_CURRENCYCODE, i1.N_EXCHANGERATE) a
		WHERE
		rn BETWEEN #start# AND #end#
		<!-- AND C_BRANCHCODE = #C_BRANCHCODE# -->
	</select>

	<!-- added by Jefferson M. Francisco Jr. -->
	<select id="getPDOInvoiceCnt" resultClass="java.lang.Integer">
		SELECT COUNT
		(v1.C_CLNTCODE)
		FROM Invoices v1 CROSS JOIN CC v2
		WHERE
		v1.C_CLNTCODE =
		v2.C_CLNTCODE
		AND
		v1.C_CUSTCODE = v2.C_CUSTCODE
		AND
		v1.D_INVOICEDATE &lt;=
		#asOfDate#
		AND v1.C_BRANCHCODE = v2.C_BRANCHCODE
		AND
		v1.C_BRANCHCODE =
		#branchCode#
		AND v1.C_STATUS BETWEEN 2 AND 4
	</select>

	<select id="getPDOInvoice" resultClass="com.bdo.factor.beans.PDODelinquent">
		SELECT
		C_CLNTCODE as c_clntcode,
		Client as c_clntName,
		AO as ao,
		Customer
		as c_custName,
		DunningPerLAM as dunningPerLam,
		CreditTerm as creditTerm,
		InvoiceNumber as c_invoiceNo,
		InvoiceAge as actualInvoiceAge,
		ABS(DunningPerLAM - InvoiceAge) AS actualInvoiceAgeLessLam,
		d_invoiceduedate as
		d_dateBasedOnDunning,
		PrePaymentRatio as n_advRatio,

		Amount as n_origAmount,
		(Amount-ISNULL(RemainingAmount,0)) as
		outstandingInvBalance,
		PrePaymentRatio*(Amount-RemainingAmount) as
		prePaymentAdvAmount,
		ISNULL(Amount, 0)*ISNULL(PrePaymentRatio,0) AS
		netInvoice,
		CASE WHEN ABS(DunningPerLAM - InvoiceAge) &gt; 1 AND
		ABS(DunningPerLAM -
		InvoiceAge) &lt; 31 THEN
		ROUND((PrePaymentRatio *
		(Amount-RemainingAmount)), 3)
		ELSE
		0.00
		END AS NetBal1_30,
		CASE WHEN
		ABS(DunningPerLAM - InvoiceAge) &gt; 31 AND ABS(DunningPerLAM -
		InvoiceAge) &lt; 61 THEN
		ROUND((PrePaymentRatio *
		(Amount-RemainingAmount)), 3)
		ELSE
		0.00
		END AS NetBal31_60,
		CASE WHEN
		ABS(DunningPerLAM - InvoiceAge) &gt; 61 AND ABS(DunningPerLAM -
		InvoiceAge) &lt; 91 THEN
		ROUND((PrePaymentRatio *
		(Amount-RemainingAmount)), 3)
		ELSE
		0.00
		END AS NetBal61_90,
		CASE WHEN
		ABS(DunningPerLAM - InvoiceAge) &gt; 90 THEN
		ROUND((PrePaymentRatio *
		(Amount-RemainingAmount)), 3)
		ELSE
		0.00
		END AS NetBalgt90
		FROM
		(

		SELECT TOP
		100 PERCENT
		v2.C_ACCTOFFICERCODE AS AO,
		v2.C_NAME AS Client,
		v2.C_CUSTNAME AS Customer,
		V2.N_DUNNING AS DunningPerLAM,
		v1.N_TERM AS
		CreditTerm,
		v1.d_invoiceduedate,
		v2.c_clntcode,
		v1.C_INVOICENO AS
		InvoiceNumber,
		ISNULL((select sum(rd.n_receiptamt) from receiptsdtl rd
		inner join receiptshdr rh on
		rh.n_refno = rd.n_refno where rh.c_status
		in('2','4') and rd.n_invno =
		v1.n_invno),0) as remainingAmount,
		CASE
		WHEN v1.D_FULLYPAIDDATE = '' THEN
		(DATEDIFF(d,v1.D_FULLYPAIDDATE,#asOfDate#)+ 1)
		ELSE
		(DATEDIFF(d,v1.D_INVOICEDATE,#asOfDate#))
		END AS InvoiceAge,

		ROUND(v1.N_INVOICEAMT, 3) AS Amount, (v2.N_ADVANCEDRATIO/100) AS
		PrePaymentRatio


		FROM

		Invoice v1 CROSS JOIN CC v2
		left outer join
		receiptsdtl rd on rd.n_invno = v1.n_invno
		WHERE
		v1.C_CLNTCODE =
		v2.C_CLNTCODE
		AND
		v1.C_CUSTCODE = v2.C_CUSTCODE
		AND
		v1.D_INVOICEDATE &lt;=
		#asOfDate#
		AND v1.C_BRANCHCODE = v2.C_BRANCHCODE
		AND v1.C_BRANCHCODE =
		01
		AND v1.C_STATUS BETWEEN 2 AND 4
		GROUP BY
		v1.d_transactiondate,v1.N_TERM,v1.n_invno,v1.c_invoiceno,v1.d_invoicedate,v1.d_invoiceduedate,v1.c_status,v1.n_invoiceamt,v1.d_fullypaiddate,v2.C_ACCTOFFICERCODE,v2.c_name,v2.C_CUSTNAME,v2.n_dunning,v2.c_clntcode,v2.N_ADVANCEDRATIO,v2.c_custcode
		ORDER BY v2.C_NAME, v2.C_CUSTNAME, v1.D_INVOICEDATE

		) AS PDOInvoices
		WHERE InvoiceAge > DunningPerLAM
		ORDER BY client,customer

		<!-- SELECT AO, Client,Customer, DunningPerLAM, CreditTerm, InvoiceNumber, 
			InvoiceAge, ABS(DunningPerLAM - InvoiceAge) AS ActualInvoiceAge, Amount, 
			PrePaymentRatio, CASE WHEN ABS(DunningPerLAM - InvoiceAge) &lt; 90 THEN ROUND((PrePaymentRatio 
			* Amount), 3) ELSE 0.00 END AS lt90DPD, CASE WHEN ABS(DunningPerLAM - InvoiceAge) 
			&gt; 90 THEN ROUND((PrePaymentRatio * Amount), 3) ELSE 0.00 END AS gt90DPD 
			FROM ( SELECT TOP 100 PERCENT v2.C_ACCTOFFICERCODE AS AO, v2.C_NAME AS Client, 
			v2.C_CUSTNAME AS Customer, V2.N_DUNNING AS DunningPerLAM, v1.N_TERM AS CreditTerm, 
			v1.C_INVOICENO AS InvoiceNumber, CASE WHEN v1.D_FULLYPAIDDATE = '' THEN (DATEDIFF(d,v1.D_FULLYPAIDDATE,#asOfDate#) 
			+ 1) ELSE (DATEDIFF(d,v1.D_TRANSACTIONDATE,#asOfDate#) + 1) (DATEDIFF(d,v1.D_INVOICEDATE,#asOfDate#)) 
			END AS InvoiceAge, ROUND(v1.N_INVOICEAMT, 3) AS Amount, (v2.N_ADVANCEDRATIO/100) 
			AS PrePaymentRatio FROM Invoice v1 CROSS JOIN CC v2 WHERE v1.C_CLNTCODE = 
			v2.C_CLNTCODE AND v1.C_CUSTCODE = v2.C_CUSTCODE AND v1.D_INVOICEDATE &lt;= 
			#asOfDate# AND v1.C_BRANCHCODE = v2.C_BRANCHCODE AND v1.C_BRANCHCODE = #branchCode# 
			AND v1.C_STATUS BETWEEN 2 AND 4 ORDER BY v2.C_NAME, v2.C_CUSTNAME, v1.D_INVOICEDATE 
			) AS PDOInvoices WHERE InvoiceAge > DunningPerLAM -->
	</select>
	<!-- End of added -->

	<!-- added by kath: for paging of schedule of invoices -->
	<select id="getScheduleOfInvoicesCount" parameterClass="java.util.HashMap"
		resultClass="java.lang.String">
		select count(*) from (SELECT C_BRANCHCODE, C_CLNTCODE, C_CUSTCODE,
		C_NAME, C_CUSTNAME, C_INVOICENO, D_INVOICEDATE, D_INVOICEDUEDATE,
		D_TRANSACTIONDATE, N_ORIGINVOICEAMT, N_INVOICEAMT, N_TERM, CCTerm,
		C_STATUS, C_CURRENCYCODE, N_EXCHANGERATE, N_INVNO,
		C_BRANCHCODE + '-' +
		CAST(C_CLNTCODE AS nvarchar) + '-' + CAST(C_CUSTCODE AS
		nvarchar) + '-'
		+ C_INVOICENO + CAST(D_INVOICEDATE AS nvarchar) AS
		tblkey
		FROM Invoices
		WHERE (C_BRANCHCODE = #C_BRANCHCODE#)
		<isNotEmpty property="C_NAME" prepend="And">
			<!-- from '$C_NAME$%' to #C_NAME#+'%' by Cherrie garcia 10/06/15 -->
			C_NAME LIKE #C_NAME#+'%'
		</isNotEmpty>
		<isNotEmpty property="C_CUSTNAME" prepend="And">
			<!-- from '$C_CUSTNAME$%' to #C_CUSTNAME#+'%' by Cherrie garcia 10/06/15 -->
			C_CUSTNAME LIKE #C_CUSTNAME#+'%'
		</isNotEmpty>
		<isNotEmpty property="C_STATUS" prepend="And">
			C_STATUS =
			#C_STATUS#
		</isNotEmpty>
		)derivedtb
	</select>
	<!-- end added by kath -->
	<select id="getInvoiceAccruals" parameterClass="java.util.HashMap"
		resultClass="java.lang.Double">
		SELECT ISNULL(
		(
		SELECT SUM(inv) FROM (SELECT
		(N_INVOICEAMT*#ADVRATIO#*(#BLR# +
		#DCR#)*DATEDIFF(d, (
		SELECT
		CONVERT(VARCHAR, (
		SELECT TOP 1 * FROM (
		SELECT MAX(D_TRANSACTIONDATE)
		AS D_TRANSACTIONDATE FROM REFUND WHERE
		C_CLNTCODE=#C_CLNTCODE# AND
		C_STATUS='4' AND D_TRANSACTIONDATE &lt;=
		#today#
		UNION
		SELECT
		MAX(D_TRANSACTIONDATE) AS D_TRANSACTIONDATE FROM ADVANCES WHERE
		C_CLNTCODE=#C_CLNTCODE# AND C_STATUS='2' AND C_TYPE&lt;&gt;'2' AND
		D_TRANSACTIONDATE &lt;= #today#
		) a ORDER BY D_TRANSACTIONDATE
		DESC),101))
		, #today#)/360) AS inv
		FROM INVOICE WHERE
		C_CLNTCODE=#C_CLNTCODE# AND C_STATUS IN
		('3','4','5','6') AND
		D_TRANSACTIONDATE &lt;= #today#) AS b
		),0.00
		) AS AMOUNT
	</select>
	<select id="getInvoiceAccrualsToday" parameterClass="java.util.HashMap"
		resultClass="java.lang.Double">
		SELECT ISNULL(
		(
		SELECT SUM(inv) FROM (SELECT
		(N_INVOICEAMT*#ADVRATIO#*(#BLR# +
		#DCR#)*DATEDIFF(d, (
		SELECT
		CONVERT(VARCHAR, (
		SELECT TOP 1 * FROM (
		SELECT MAX(D_TRANSACTIONDATE)
		AS D_TRANSACTIONDATE FROM REFUND WHERE
		C_CLNTCODE=#C_CLNTCODE# AND
		C_STATUS='4' AND D_TRANSACTIONDATE &lt;=
		#today#
		UNION
		SELECT
		MAX(D_TRANSACTIONDATE) AS D_TRANSACTIONDATE FROM ADVANCES WHERE
		C_CLNTCODE=#C_CLNTCODE# AND C_STATUS='2' AND C_TYPE&lt;&gt;'2' AND
		D_TRANSACTIONDATE &lt;= #today#
		) a ORDER BY D_TRANSACTIONDATE
		DESC),101))
		, #asOfDate#)/360) AS inv
		FROM INVOICE WHERE
		C_CLNTCODE=#C_CLNTCODE# AND C_STATUS IN
		('3','4','5','6') AND
		D_TRANSACTIONDATE &lt;= #today#) AS b
		),0.00
		) AS AMOUNT
	</select>
	<select id="getLastAccrual" parameterClass="java.util.HashMap"
		resultClass="java.lang.Double">
		<isEqual prepend="" property="MMM" compareValue="N_JANACC">
			SELECT
			ISNULL(N_JANACC,0.00) FROM MONTHLYBALANCES WHERE
			C_CLNTCODE=#C_CLNTCODE#
		</isEqual>
		<isEqual prepend="" property="MMM" compareValue="N_FEBACC">
			SELECT
			ISNULL(N_FEBACC,0.00) FROM MONTHLYBALANCES WHERE
			C_CLNTCODE=#C_CLNTCODE#
		</isEqual>
		<isEqual prepend="" property="MMM" compareValue="N_MARACC">
			SELECT
			ISNULL(N_MARACC,0.00) FROM MONTHLYBALANCES WHERE
			C_CLNTCODE=#C_CLNTCODE#
		</isEqual>
		<isEqual prepend="" property="MMM" compareValue="N_APRACC">
			SELECT
			ISNULL(N_APRACC,0.00) FROM MONTHLYBALANCES WHERE
			C_CLNTCODE=#C_CLNTCODE#
		</isEqual>
		<isEqual prepend="" property="MMM" compareValue="N_MAYACC">
			SELECT
			ISNULL(N_MAYACC,0.00) FROM MONTHLYBALANCES WHERE
			C_CLNTCODE=#C_CLNTCODE#
		</isEqual>
		<isEqual prepend="" property="MMM" compareValue="N_JUNACC">
			SELECT
			ISNULL(N_JUNACC,0.00) FROM MONTHLYBALANCES WHERE
			C_CLNTCODE=#C_CLNTCODE#
		</isEqual>
		<isEqual prepend="" property="MMM" compareValue="N_JULACC">
			SELECT
			ISNULL(N_JULACC,0.00) FROM MONTHLYBALANCES WHERE
			C_CLNTCODE=#C_CLNTCODE#
		</isEqual>
		<isEqual prepend="" property="MMM" compareValue="N_AUGACC">
			SELECT
			ISNULL(N_AUGACC,0.00) FROM MONTHLYBALANCES WHERE
			C_CLNTCODE=#C_CLNTCODE#
		</isEqual>
		<isEqual prepend="" property="MMM" compareValue="N_SEPACC">
			SELECT
			ISNULL(N_SEPACC,0.00) FROM MONTHLYBALANCES WHERE
			C_CLNTCODE=#C_CLNTCODE#
		</isEqual>
		<isEqual prepend="" property="MMM" compareValue="N_OCTACC">
			SELECT
			ISNULL(N_OCTACC,0.00) FROM MONTHLYBALANCES WHERE
			C_CLNTCODE=#C_CLNTCODE#
		</isEqual>
		<isEqual prepend="" property="MMM" compareValue="N_NOVACC">
			SELECT
			ISNULL(N_NOVACC,0.00) FROM MONTHLYBALANCES WHERE
			C_CLNTCODE=#C_CLNTCODE#
		</isEqual>
		<isEqual prepend="" property="MMM" compareValue="N_DECACC">
			SELECT
			ISNULL(N_DECACC,0.00) FROM MONTHLYBALANCES WHERE
			C_CLNTCODE=#C_CLNTCODE#
		</isEqual>
		<isEqual prepend="" property="MMM" compareValue="N_PREVYRACC">
			SELECT
			ISNULL(N_PREVYRACC,0.00) FROM MONTHLYBALANCES WHERE
			C_CLNTCODE=#C_CLNTCODE#
		</isEqual>

		<isEqual prepend="" property="MMM" compareValue="N_PREVJANACC">
			SELECT
			ISNULL(N_PREVJANACC,0.00) FROM MONTHLYBALANCES WHERE
			C_CLNTCODE=#C_CLNTCODE#
		</isEqual>
		<isEqual prepend="" property="MMM" compareValue="N_PREVFEBACC">
			SELECT
			ISNULL(N_PREVFEBACC,0.00) FROM MONTHLYBALANCES WHERE
			C_CLNTCODE=#C_CLNTCODE#
		</isEqual>
		<isEqual prepend="" property="MMM" compareValue="N_PREVMARACC">
			SELECT
			ISNULL(N_PREVMARACC,0.00) FROM MONTHLYBALANCES WHERE
			C_CLNTCODE=#C_CLNTCODE#
		</isEqual>
		<isEqual prepend="" property="MMM" compareValue="N_PREVAPRACC">
			SELECT
			ISNULL(N_PREVAPRACC,0.00) FROM MONTHLYBALANCES WHERE
			C_CLNTCODE=#C_CLNTCODE#
		</isEqual>
		<isEqual prepend="" property="MMM" compareValue="N_PREVMAYACC">
			SELECT
			ISNULL(N_PREVMAYACC,0.00) FROM MONTHLYBALANCES WHERE
			C_CLNTCODE=#C_CLNTCODE#
		</isEqual>
		<isEqual prepend="" property="MMM" compareValue="N_PREVJUNACC">
			SELECT
			ISNULL(N_PREVJUNACC,0.00) FROM MONTHLYBALANCES WHERE
			C_CLNTCODE=#C_CLNTCODE#
		</isEqual>
		<isEqual prepend="" property="MMM" compareValue="N_PREVJULACC">
			SELECT
			ISNULL(N_PREVJULACC,0.00) FROM MONTHLYBALANCES WHERE
			C_CLNTCODE=#C_CLNTCODE#
		</isEqual>
		<isEqual prepend="" property="MMM" compareValue="N_PREVAUGACC">
			SELECT
			ISNULL(N_PREVAUGACC,0.00) FROM MONTHLYBALANCES WHERE
			C_CLNTCODE=#C_CLNTCODE#
		</isEqual>
		<isEqual prepend="" property="MMM" compareValue="N_PREVSEPACC">
			SELECT
			ISNULL(N_PREVSEPACC,0.00) FROM MONTHLYBALANCES WHERE
			C_CLNTCODE=#C_CLNTCODE#
		</isEqual>
		<isEqual prepend="" property="MMM" compareValue="N_PREVOCTACC">
			SELECT
			ISNULL(N_PREVOCTACC,0.00) FROM MONTHLYBALANCES WHERE
			C_CLNTCODE=#C_CLNTCODE#
		</isEqual>
		<isEqual prepend="" property="MMM" compareValue="N_PREVNOVACC">
			SELECT
			ISNULL(N_PREVNOVACC,0.00) FROM MONTHLYBALANCES WHERE
			C_CLNTCODE=#C_CLNTCODE#
		</isEqual>
		<isEqual prepend="" property="MMM" compareValue="N_PREVYRTWOACC">
			SELECT
			ISNULL(N_PREVYRTWOACC,0.00) FROM MONTHLYBALANCES WHERE
			C_CLNTCODE=#C_CLNTCODE#
		</isEqual>

	</select>

	<select id="getDCAccrual" parameterClass="java.util.HashMap"
		resultClass="java.lang.Double">
		SELECT DBO.GetRefundDCrpt(#C_CLNTCODE#,#asOfDate#)
	</select>

	<select id="getDCAccrualPrev" parameterClass="java.util.HashMap"
		resultClass="java.lang.Double">
		SELECT DBO.GetRefundDCrptPrev(#C_CLNTCODE#,#asOfDate#)
	</select>

	<select id="getRefundDC" parameterClass="java.util.HashMap"
		resultClass="java.lang.Double">
		SELECT DBO.GetRefundDC(#C_CLNTCODE#,#asOfDate#)
	</select>

	<!-- ACCOUNTING MODULE -->
	<select id="getFactoredReceivable" parameterClass="java.util.HashMap">
		SELECT
		SUM(n_invoiceamt) FROM invoices WHERE c_clntcode =#C_CLNTCODE# and
		c_status=#C_STATUS#
	</select>

	<!-- ADDED October 03, 2012 -->
	<select id="searchDelinquent" resultClass="java.util.HashMap">
		select *,n_invoiceamt as orig_invoiceamt from
		(select *,
		datediff(day,dueDateBasedOnDunning,#d_transactionDate#) as
		daysExceeded from
		(select
		cc.c_clntcode,
		ISNULL(n_advancedRatio,0)/100 as
		advancedRatio,
		cc.c_name,
		cc.c_custcode,
		cc.c_custname,
		inv.n_invno,
		inv.c_invoiceno,
		CONVERT(varchar(20), inv.d_invoicedate,101)as
		d_invoicedate,
		cc.n_dunning,
		(inv.N_INVOICEAMT-
		(ISNULL(sum(rd.n_receiptamt),0)- ISNULL( (select sum(rd.n_receiptamt)
		from receiptsdtl rd inner join receiptshdr rh on rh.n_refno =
		rd.n_refno where rh.c_status = '3' and rd.n_invno = inv.n_invno ),0))
		) as n_invoiceamt,
		CONVERT(varchar(20),dateadd(day,cc.n_dunning,inv.d_invoicedate),101)
		as dueDateBasedOnDunning
		from invoice inv
		left join receiptsdtl rd on
		rd.n_invno=inv.n_invno
		inner join cc on inv.c_clntcode=cc.c_clntcode
		and inv.c_custcode=cc.c_custcode
		where inv.c_status in ('2','3','4')
		and inv.c_clntcode=#C_CLNTCODE#
		<!-- and c_custname=#C_CUSTNAME# -->
		group by
		cc.c_clntcode,CC.C_CUSTCODE,cc.c_custname,inv.n_invno,inv.c_invoiceno,inv.n_invoiceamt,cc.n_dunning,cc.c_name,inv.d_invoicedate,cc.N_ADVANCEDRATIO
		)t1
		)t2
		where daysExceeded >= 1
		and n_invoiceamt >0
		order by c_custname
	</select>

	<select id="getAmountDelinquent" resultClass="java.lang.String">
		select
		ISNULL(sum(n_invoiceamt),0)as total from
		(select *,
		datediff(day,dueDateBasedOnDunning,#d_transactionDate#) as
		daysExceeded from
		(select
		cc.c_clntcode,
		cc.c_name,
		cc.c_custcode,
		cc.c_custname,
		inv.n_invno,
		inv.c_invoiceno,
		CONVERT(varchar(20),
		inv.d_invoicedate,101)as d_invoicedate,
		cc.n_dunning,
		(inv.N_INVOICEAMT- (ISNULL(sum(rd.n_receiptamt),0)- ISNULL( (select
		sum(rd.n_receiptamt)
		from receiptsdtl rd inner join receiptshdr rh on
		rh.n_refno =
		rd.n_refno where rh.c_status = '3' and rd.n_invno =
		inv.n_invno ),0))
		) as n_invoiceamt,
		CONVERT(varchar(20),dateadd(day,cc.n_dunning,inv.d_invoicedate),101)
		as dueDateBasedOnDunning
		from invoice inv
		left join receiptsdtl rd on
		rd.n_invno=inv.n_invno
		inner join cc on inv.c_clntcode=cc.c_clntcode
		and inv.c_custcode=cc.c_custcode
		where inv.c_status in ('2','3','4')
		and inv.c_clntcode=#C_CLNTCODE#
		group by
		cc.c_clntcode,CC.C_CUSTCODE,cc.c_custname,inv.n_invno,inv.c_invoiceno,inv.n_invoiceamt,cc.n_dunning,cc.c_name,inv.d_invoicedate
		)t1
		)t2
		where daysExceeded >= 1
	</select>

	<select id="getTotalDelinquent" resultClass="java.lang.String"
		parameterClass="java.util.Map">
		select count(*) from (
		select *,
		datediff(day,dueDateBasedOnDunning,#d_transactionDate#) as
		daysExceeded from(
		select cc.c_name,
		cc.c_custname,
		inv.n_invno,
		inv.c_invoiceno,
		inv.d_invoicedate,
		cc.n_dunning,
		dateadd(day,30,inv.d_invoicedate) as dueDateBasedOnDunning
		from invoice
		inv
		inner join cc on
		inv.c_clntcode=cc.c_clntcode and
		inv.c_custcode=cc.c_custcode
		where inv.c_status in ('2','3','4')
		and
		inv.c_clntcode=#C_CLNTCODE#)t1
		)t2
		where daysExceeded >= 1
	</select>

	<update id="updateInvoiceFromTransaction">
		update invoice set c_status = #C_STATUS#
		<isNotEmpty property="D_FULLYPAIDDATE" prepend=",">
			D_FULLYPAIDDATE = #D_FULLYPAIDDATE#
		</isNotEmpty>
		<isNotEmpty property="D_PARTIALPAIDDATE" prepend=",">
			D_PARTIALPAIDDATE = #D_PARTIALPAIDDATE#
		</isNotEmpty>
		<isNotEmpty property="N_PARTIALREFERENCE" prepend=",">
			N_PARTIALREFERENCE = #N_PARTIALREFERENCE#
		</isNotEmpty>
		WHERE n_invno IN
		<iterate property="invoiceList" open="(" close=")"
			conjunction=",">
			#invoiceList[]#
		</iterate>
	</update>

	<update id="updateInvoiceTransaction">
		UPDATE invoice set B_FROMTRANSACTION = #B_FROMTRANSACTION#
		WHERE
		n_invno IN
		<iterate property="invoiceList" open="(" close=")"
			conjunction=",">
			#invoiceList[]#
		</iterate>
	</update>

	<select id="getInvoiceForCancel" resultClass="java.util.HashMap">
		SELECT *,CASE WHEN lastPayment IS NULL THEN c_status else 4 end AS
		status FROM
		(SELECT
		rh.n_refno,
		rd.n_invno,
		lastPayment = (SELECT
		MAX(d_transactiondate) FROM receiptshdr rh INNER JOIN
		receiptsdtl rd ON
		rh.n_refno = rd.n_refno WHERE rd.n_invno
		=inv.n_invno AND d_datebounced
		IS NULL
		<isNotEmpty property="N_ADVPAYMENTNO" prepend="AND">
			(
			N_ADVPAYMENTNO &#60;&#62; #N_REFNO# OR N_ADVPAYMENTNO IS NULL)
		</isNotEmpty>
		<isNotEmpty property="N_REFPAYMENTNO" prepend="AND">
			(N_REFPAYMENTNO &#60;&#62; #N_REFNO# OR N_REFPAYMENTNO IS NULL)
		</isNotEmpty>
		),
		lastrefno = (SELECT MAX(rh.n_refno) FROM receiptshdr rh INNER JOIN
		receiptsdtl
		rd ON rh.n_refno = rd.n_refno WHERE rd.n_invno =inv.n_invno
		AND
		d_datebounced IS NULL
		<isNotEmpty property="N_ADVPAYMENTNO" prepend="AND">
			(N_ADVPAYMENTNO &#60;&#62; #N_REFNO# OR N_ADVPAYMENTNO IS NULL)
		</isNotEmpty>
		<isNotEmpty property="N_REFPAYMENTNO" prepend="AND">
			(N_REFPAYMENTNO &#60;&#62; #N_REFNO# OR N_REFPAYMENTNO IS NULL)
		</isNotEmpty>
		),
		CASE WHEN inv.N_ADVREFNO IS NOT NULL THEN 3 ELSE 2 END AS c_status
		FROM
		receiptshdr rh
		INNER JOIN
		receiptsdtl rd
		on rd.n_refno = rh.n_refno
		INNER JOIN
		invoice inv
		on rh.c_clntcode=inv.c_clntcode and rd.n_invno =
		inv.n_invno
		WHERE
		<isNotEmpty property="N_ADVPAYMENTNO">
			N_ADVPAYMENTNO = #N_REFNO#
		</isNotEmpty>
		<isNotEmpty property="N_REFPAYMENTNO">
			N_REFPAYMENTNO = #N_REFNO#
		</isNotEmpty>
		)a


		<!-- SELECT rh.n_refno, rd.n_invno, case when d_partialpaiddate is not 
			null then 4 else case when b_advances = 1 then 3 else 2 end end as c_status 
			FROM receiptshdr rh INNER JOIN receiptsdtl rd on rd.n_refno = rh.n_refno 
			INNER JOIN invoice inv on rh.c_clntcode=inv.c_clntcode and rd.n_invno = inv.n_invno 
			WHERE <isNotEmpty property="N_ADVPAYMENTNO" > N_ADVPAYMENTNO = #N_REFNO# 
			</isNotEmpty > <isNotEmpty property="N_REFPAYMENTNO"> N_REFPAYMENTNO = #N_REFNO# 
			</isNotEmpty> -->
	</select>


	<select id="getDelinquentInvoice" parameterClass="java.util.HashMap"
		resultClass="java.util.HashMap">
		select ISNULL(rb.n_creditnoteamt,0) as
		creditNote,ISNULL(rb.n_collected,0) as collected, t2.*,t2.n_invoiceamt
		as orig_invoiceamt from
		(select *,
		datediff(day,dueDateBasedOnDunning,#D_TRANSACTIONDATE#) as
		daysExceeded from
		(select
		cc.c_clntcode,
		ISNULL(n_advancedRatio,0)/100 as
		advancedRatio,
		cc.c_name,
		cc.c_custcode,
		cc.c_custname,
		inv.n_invno,
		inv.c_invoiceno,
		CONVERT(varchar(20), inv.d_invoicedate,101)as
		d_invoicedate,
		cc.n_dunning,
		(inv.N_INVOICEAMT-
		(ISNULL(sum(rd.n_receiptamt),0)- ISNULL( (select sum(rd.n_receiptamt)
		from receiptsdtl rd inner join receiptshdr rh on rh.n_refno =
		rd.n_refno where rh.c_status = '3' and rd.n_invno = inv.n_invno ),0))
		) as n_invoiceamt,
		CONVERT(varchar(20),dateadd(day,cc.n_dunning,inv.d_invoicedate),101)
		as dueDateBasedOnDunning
		from invoice inv
		left join receiptsdtl rd on
		rd.n_invno=inv.n_invno

		inner join cc on inv.c_clntcode=cc.c_clntcode
		and inv.c_custcode=cc.c_custcode
		where inv.c_status in ('2','3','4')
		<!-- and inv.c_clntcode=#C_CLNTCODE# -->

		group by
		cc.c_clntcode,CC.C_CUSTCODE,cc.c_custname,inv.n_invno,inv.c_invoiceno,inv.n_invoiceamt,cc.n_dunning,cc.c_name,inv.d_invoicedate,cc.N_ADVANCEDRATIO
		)t1
		)t2
		inner join receipts_bak rb on rb.n_invno = t2.n_invno and
		rb.c_custcode=
		t2.c_custcode

		where daysExceeded >= 1
		AND t2.n_invoiceamt
		>0
		AND n_refno = #N_REFNO#
		AND c_receipttype
		=#RECEIPTTYPE#
		order by
		c_custname
	</select>



	<select id="getTempReceipt" resultClass="java.util.List">
		select n_invno from
		receipts_bak where n_refno = #N_REFNO#
	</select>

	<select id="getInvoiceAmount" parameterClass="java.util.HashMap"
		resultClass="java.lang.Double">
		select isnull(SUM(N_INVOICEAMT),0) from invoice
		where
		D_TRANSACTIONDATE &lt;= #asOfDate# and (d_fullypaiddate &gt;=
		#asOfDate# or d_fullypaiddate is null)
		and C_Clntcode = #clntcode# and
		c_status !=7
	</select>

	<select id="getOutstandingPaymentNumber" parameterClass="java.util.HashMap"
		resultClass="java.lang.Integer">
		select COUNT(C_INVOICENO) from invoice where C_CLNTCODE =
		#clntcode#
		and D_TRANSACTIONDATE &lt;= #asOfDate# and (d_fullypaiddate
		&gt;=
		#asOfDate# or d_fullypaiddate is null)
		and c_status !=7
	</select>

	<select id="getInvoiceDuedate" parameterClass="java.util.HashMap"
		resultClass="java.util.Date">
		select top 1 (D_INVOICEDUEDATE) from InvoiceDueDate
		where
		c_clntcode = #clntcode# order by D_INVOICEDUEDATE desc
	</select>

	<select id="checkClientInvoice" resultClass="java.lang.Integer">
		SELECT
		COUNT(C_CLNTCODE) from invoice WHERE C_CLNTCODE = #clntcode#
	</select>

	<select id="updateInvoiceSC" resultClass="java.lang.Byte">
		update invoice set
		N_SVCCHGTYPE = #serviceChg# WHERE C_CLNTCODE = #clntcode#
		and
		N_ADVREFNO = #advrefno#
	</select>

	<select id="getCEFromInvoice">
		SELECT
		i.N_INVNO,sum(i.N_INVOICEAMT)- sum(ISNULL(rd.N_RECEIPTAMT,0)) - sum(ISNULL(cn.N_AMOUNT,0))
		FROM
		Invoice i
		LEFT JOIN
		ReceiptsDtl rd on rd.N_INVNO = i.N_INVNO
		LEFT JOIN
		ReceiptsHdr rh on rh.N_REFNO = rd.N_REFNO
		LEFT JOIN
		CreditNote cn on cn.C_RECEIPTNO = rh.N_REFNO
		WHERE
		i.C_CLNTCODE = 10334
		GROUP BY
		i.n_invno
		,i.N_INVOICEAMT
	</select>

	<select id="getPreviousPartial" resultClass="java.util.HashMap">
		SELECT
		*
		FROM
		ReceiptsHdr rh
		INNER JOIN
		ReceiptsDtlOther rdo on rdo.N_RefNo = rh.N_REFNO
		WHERE
		rdo.charge_status = 2
		and rh.D_DATEBOUNCED IS NULL
	</select>
	
	<select id="getFullyPaidDate" resultClass="java.lang.String">
	select dbo.GetInvoiceFullyPaidDate (#branchCode#,#clientName#,#asOfDate#)  as fullyPaidDate
	</select>
	
	<select id="getInvoiceCount" resultClass="java.lang.Integer">
	select count(*) from invoice i
	left join dbcif..client c on  c.c_clntcode = i.c_clntcode
	where c.c_name = #clientName# and d_transactiondate &gt;=(convert(varchar(10),dateadd(day,1,convert(date,#asOfDate#)), 101))
	and (select count(d_fullypaiddate) from invoice i
	left join dbcif..client c on  c.c_clntcode = i.c_clntcode
	where i.d_fullypaiddate &lt;(convert(varchar(10),dateadd(day,1,convert(date,#asOfDate#)), 101))
 	and c.c_name =#clientName#)=0
 </select>
	

</sqlMap>