<!DOCTYPE sqlMap PUBLIC "-//ibatis.apache.org//DTD SQL Map 2.0//EN"	"http://ibatis.apache.org/dtd/sql-map-2.dtd">

<sqlMap namespace="Factors">
	<select id="getClientClassificationToCode" resultClass="java.lang.String">
		SELECT
		CODE
		FROM BusInfoClientClassification
		<dynamic prepend="Where">
			<isNotEmpty property="C_CLNTCODE" prepend="And">
				DESCRIPTION=#C_CLIENTCLASSIFICATION#
			</isNotEmpty>
		</dynamic>
	</select>

	<select id="getClientClassificationToDescription" resultClass="java.util.HashMap">
		SELECT
		DESCRIPTION
		FROM BusInfoClientClassification
		order by DESCRIPTION
	</select>

</sqlMap> 