<?xml version="1.0" encoding="UTF-8" ?>
<!DOCTYPE sqlMap PUBLIC "-//ibatis.apache.org//DTD SQL Map 2.0//EN"	"http://ibatis.apache.org/dtd/sql-map-2.dtd">

<sqlMap namespace="PDC">

	<insert id="addPDC" parameterClass="java.util.HashMap">

		insert into PDC (
		C_CLNTCODE,
		C_CUSTCODE,
		D_RECEIVEDDATE,
		D_CHECKDATE,
		D_DEPOSITDATE,
		C_BANKCODE,
		N_CHECKNO,
		N_CHECKAMT,
		C_CURRENCYCODE,
		C_RECEIVER,
		C_CHECKTYPECODE,
		B_PROCESSED,
		D_DATEBOUNCED,
		C_BRANCHCODE
		)
		values (
		#C_CLNTCODE#,
		#C_CUSTCODE#,
		#D_RECEIVEDDATE#,
		#D_CHECKDATE#,
		#D_DEPOSITDATE#,
		#C_BANKCODE#,
		#N_CHECKNO#,
		#N_CHECKAMT#,
		#C_CURRENCYCODE#,
		#C_RECEIVER#,
		#C_CHECKTYPECODE#,
		#B_PROCESSED#,
		#D_DATEBOUNCED#,
		#C_BRANCHCODE#
		)
		<selectKey resultClass="int" keyProperty="id">
			SELECT @@identity
			AS id
		</selectKey>
	</insert>

	<update id="updatePDC" parameterClass="java.util.HashMap">

		update PDC
		SET
		D_RECEIVEDDATE = #D_RECEIVEDDATE#,
		D_CHECKDATE = #D_CHECKDATE#,
		D_DEPOSITDATE = #D_DEPOSITDATE#,
		C_BANKCODE = #C_BANKCODE#,
		N_CHECKNO =
		#N_CHECKNO#,
		N_CHECKAMT = #N_CHECKAMT#,
		C_CURRENCYCODE =
		#C_CURRENCYCODE#,
		C_RECEIVER = #C_RECEIVER#,
		C_CHECKTYPECODE =
		#C_CHECKTYPECODE#,
		B_PROCESSED = #B_PROCESSED#,
		D_DATEBOUNCED =
		#D_DATEBOUNCED#
		WHERE N_REFNO = #N_REFNO#
	</update>

	<update id="updatePDCStatus" parameterClass="java.util.HashMap">

		update PDC
		SET
		B_PROCESSED = #B_PROCESSED#
		WHERE N_CHECKNO = #N_CHECKNO#
		AND C_CLNTCODE
		= #C_CLNTCODE#
		AND C_CUSTCODE =
		#C_CUSTCODE#
		AND C_BANKCODE =
		#C_BANKCODE#
		and D_CHECKDATE = #D_CHECKDATE#
	</update>

	<update id="deletePDC" parameterClass="java.util.Map">
		delete from PDC
		where
		N_REFNO = #N_REFNO#
	</update>

	<select id="searchPDC" resultClass="java.util.HashMap">
		SELECT
		DERIVEDTBL.C_CLNTCODE,
		DERIVEDTBL.C_CUSTCODE,
		CONVERT(varchar, CONVERT(varchar(10),
		DERIVEDTBL.D_RECEIVEDDATE, 101), 111) as
		D_RECEIVEDDATE,
		CONVERT(varchar, CONVERT(varchar(10), DERIVEDTBL.D_CHECKDATE, 101),
		111) as
		D_CHECKDATE,
		CONVERT(varchar, CONVERT(varchar(10),
		DERIVEDTBL.D_DEPOSITDATE, 101), 111) as
		D_DEPOSITDATE,
		DERIVEDTBL.C_BANKCODE,
		DERIVEDTBL.N_CHECKNO,
		DERIVEDTBL.N_CHECKAMT,
		DERIVEDTBL.C_CURRENCYCODE,
		DERIVEDTBL.C_RECEIVER,
		DERIVEDTBL.C_CHECKTYPECODE,
		DERIVEDTBL.C_BRANCHCODE,
		CONVERT(varchar,
		CONVERT(varchar(10), DERIVEDTBL.D_DATEBOUNCED, 101), 111) as
		D_DEPOSITDATE,
		B_PROCESSED = CASE B_PROCESSED
		WHEN '1' THEN 'True'
		WHEN
		'0' THEN 'False'
		END,
		DERIVEDTBL.N_REFNO,
		CC.C_CUSTNAME,
		CC.C_NAME
		FROM
		(SELECT *,(SELECT count(*)
		from PDC a2 where a2.n_refNO &lt;= a.N_refno
		and a2.c_BranchCode &lt;= a.C_BRANCHCODE
		and a2.c_branchcode =
		#C_BRANCHCODE#)
		as rn from PDC a) DERIVEDTBL
		INNER JOIN
		CC ON
		DERIVEDTBL.C_CLNTCODE = CC.C_CLNTCODE
		AND DERIVEDTBL.C_CUSTCODE =
		CC.C_CUSTCODE
		AND DERIVEDTBL.C_BRANCHCODE = #C_BRANCHCODE#
		where rn
		between #start# and #end#
		order by n_refno
	</select>

	<select id="searchPDCByCustomer" resultClass="java.util.HashMap">
		SELECT C_CLNTCODE,
		C_CUSTCODE,
		CONVERT(varchar, CONVERT(varchar(10),
		D_RECEIVEDDATE, 101), 111) as D_RECEIVEDDATE,
		CONVERT(varchar,
		CONVERT(varchar(10), D_CHECKDATE, 101), 111) as D_CHECKDATE,
		CONVERT(varchar, CONVERT(varchar(10), D_DEPOSITDATE, 101), 111) as
		D_DEPOSITDATE,
		C_BANKCODE,
		N_CHECKNO,
		N_CHECKAMT,
		C_CURRENCYCODE,
		C_RECEIVER,
		C_CHECKTYPECODE,
		CONVERT(varchar, CONVERT(varchar(10),
		D_DATEBOUNCED, 101), 111) as D_DATEBOUNCED,
		B_PROCESSED = CASE
		B_PROCESSED
		WHEN '1' THEN 'True'
		WHEN '0' THEN 'False'
		END
		FROM
		(SELECT
		*,(SELECT count(*)
		from PDC a2 where a2.n_CHECKNO &lt;= a.N_CHECKNO
		and
		a2.C_BANKCODE &lt;= a.C_BANKCODE
		AND C_CLNTCODE = #C_CLNTCODE#
		AND
		C_CUSTCODE = #C_CUSTCODE#
		<dynamic prepend="AND">
			<isNotEmpty property="B_PROCESSED" prepend="And">
				B_PROCESSED =
				#B_PROCESSED#
			</isNotEmpty>
		</dynamic>
		)
		as rn from PDC a) DERIVEDTBL
		where C_CLNTCODE = #C_CLNTCODE#
		AND
		C_CUSTCODE = #C_CUSTCODE#
		and rn between #start# and #end#
		<dynamic prepend="AND">
			<isNotEmpty property="B_PROCESSED" prepend="And">
				B_PROCESSED =
				#B_PROCESSED#
			</isNotEmpty>
		</dynamic>
	</select>

	<select id="getTotalPDCRecords" resultClass="java.lang.String">
		select count(*) from
		PDC
		WHERE C_BRANCHCODE = #C_BRANCHCODE#
	</select>

	<select id="getTotalPDCRecordsByCustomer" resultClass="java.lang.String">
		select
		count(*) from PDC
		where C_CLNTCODE = #C_CLNTCODE#
		AND C_CUSTCODE =
		#C_CUSTCODE#
	</select>

	<update id="updatePDCBouncedDate" parameterClass="java.util.HashMap">
		update PDC
		SET
		D_DATEBOUNCED = #D_DATEBOUNCED#
		WHERE N_CHECKNO = #N_CHECKNO#
		AND
		C_BANKCODE = #C_BANKCODE#
		AND N_CHECKAMT =
		#N_CHECKAMT#
		AND C_CLNTCODE =
		#C_CLNTCODE#
		AND C_CUSTCODE = #C_CUSTCODE#
	</update>

</sqlMap>