<?xml version="1.0" encoding="UTF-8" ?>
<!DOCTYPE sqlMap PUBLIC "-//ibatis.apache.org//DTD SQL Map 2.0//EN"	"http://ibatis.apache.org/dtd/sql-map-2.dtd">

<sqlMap namespace="PDO">


	<select id="countPDO" resultClass="java.lang.String">
		select count(*) from PDO
	</select>

	<select id="getPDO" resultClass="java.util.HashMap"
		parameterClass="java.util.Map">
		select n_invno,ExceededDays,c_custname,c_name from(
		select p.n_invno,
		p.ExceededDays,
		cc.c_custname,
		c_name

		<isNotEmpty property="sidx" prepend=",">
			rn=(row_number()
			over(order by $sidx$ $sord$))
		</isNotEmpty>

		<isEmpty property="sidx" prepend=",">
			rn=(row_number() over(order
			by ExceededDays asc))
		</isEmpty>

		from pdo p
		inner join invoice i on p.n_invno=i.n_invno
		inner join cc on
		i.c_clntcode=cc.c_clntcode and
		i.c_custcode=cc.c_custcode)q1
		where rn
		between #start# and #end#
		<isNotEmpty property="c_name" prepend="And">
			c_name = #c_name#
		</isNotEmpty>
	</select>
</sqlMap>