<?xml version="1.0" encoding="UTF-8" ?>
<!DOCTYPE sqlMap PUBLIC "-//ibatis.apache.org//DTD SQL Map 2.0//EN"	"http://ibatis.apache.org/dtd/sql-map-2.dtd">

<sqlMap namespace="postDate">

	<select id="searchDayEnd" resultClass="java.util.Date">
		select D_DAYEND
		FROM
		PostDate
		WHERE C_BRANCHCODE = #C_BRANCHCODE#
	</select>

	<select id="searchDInitialize" resultClass="java.util.Date">
		select D_INITIALIZE
		FROM PostDate
		WHERE C_BRANCHCODE = #C_BRANCHCODE#
	</select>

	<select id="searchMonthEnd" resultClass="java.util.Date">
		select D_MONTHEND
		FROM
		PostDate
		WHERE C_BRANCHCODE = #C_BRANCHCODE#
	</select>

	<update id="updateDInitialize" parameterClass="java.util.Map">
		update PostDate
		set
		D_INITIALIZE = #D_INITIALIZE#
		WHERE C_BRANCHCODE = #C_BRANCHCODE#
	</update>

	<select id="getPostDateByBranchCode" parameterClass="java.util.HashMap"
		resultClass="java.util.HashMap">
		SELECT
		CAST(CONVERT(NVARCHAR,D_INITIALIZE,101)AS
		DATETIME)AS
		D_INITIALIZE,CAST(CONVERT(NVARCHAR,D_DAYEND,101)AS
		DATETIME) AS
		D_DAYEND,
		CAST(CONVERT(NVARCHAR,D_MONTHEND,101)AS
		DATETIME)AS D_MONTHEND,CAST(CONVERT(NVARCHAR,D_YEAREND,101)AS
		DATETIME)AS D_YEAREND
		FROM PostDate
		WHERE C_BRANCHCODE = #C_BRANCHCODE#
	</select>

	<update id="updateMonthEnd" parameterClass="java.util.HashMap">
		UPDATE PostDate
		SET
		D_MONTHEND = #D_MONTHEND#
		WHERE C_BRANCHCODE = #C_BRANCHCODE#
	</update>


	<update id="updateDayEnd" parameterClass="java.util.HashMap">
		UPDATE PostDate
		SET
		D_DAYEND = #D_DAYEND#
		WHERE C_BRANCHCODE = #C_BRANCHCODE#
	</update>

	<select id="getAllClientFromCC" parameterClass="java.util.HashMap"
		resultClass="com.bdo.factor.beans.CC">
		SELECT DISTINCT CAST(C_CLNTCODE AS varchar)as
		clientCode,C_NAME AS
		clientName FROM CC WHERE
		C_BRANCHCODE=#C_BRANCHCODE# AND
		C_CLNTCODE>=124
	</select>

	<select id="searchProcessingDates" resultClass="com.bdo.factor.beans.PostDate">
		select *
		FROM
		PostDate
		WHERE C_BRANCHCODE = #C_BRANCHCODE#
	</select>

	<update id="updateYearEnd" parameterClass="java.util.HashMap">
		UPDATE PostDate
		SET
		D_YEAREND = #D_YEAREND#
		WHERE C_BRANCHCODE = #C_BRANCHCODE#
	</update>

	<update id="insertPostDate" parameterClass="java.util.HashMap">
		INSERT INTO POSTDATE
		(C_BRANCHCODE)
		VALUES (#C_BRANCHCODE#)
	</update>

	<update id="insertPostDateFromBranch" parameterClass="java.util.HashMap">
		INSERT INTO
		POSTDATE (D_INITIALIZE, D_DAYEND, D_MONTHEND, C_BRANCHCODE, D_YEAREND)
		VALUES (#D_INITIALIZE#, #D_DAYEND#, #D_MONTHEND#, #C_BRANCHCODE#,
		#D_YEAREND#)
	</update>

	<select id="getClientProceeds" resultClass="java.util.HashMap">
		SELECT
		C_BranchCode
		,C_ClientCode
		,'REVERSAL OF '+c_particular as
		particular
		,N_Amount
		,N_transactionno
		FROM subheader
		WHERE
		c_transactiontype ='m'
		AND (select month([currentdate])-1 FROM
		[factorsGetDate])=month(d_transactiondate) <!-- before: month(getdate())-1 -->
	</select>

	<select id="getClientProceedsMonthEnd" resultClass="java.util.HashMap">
		select * from
		(select c_clntcode,dbo.getproceedsdc(c_clntcode,#fromDate#) AS
		proceedsDC from dbcif..client)q1 where proceedsDC>0 AND
		c_clntcode>=124
	</select>




	<update id="setAccrualLedger">
		INSERT into subledger (D_TransactionDate
		,N_TransactionNo
		,C_AccountName
		,C_GLCode
		,N_Debit
		,N_Credit
		,N_Code
		,N_CostCenter)
		SELECT
		cast(convert(varchar(10),(select [currentdate] FROM
		[factorsGetDate]),101) as smalldatetime) <!--before: getDate() -->
		,#ref#
		,C_AccountName
		,C_GLCODE
		,case when C_GLCODE
		IN(500101101000,500102201000) then N_CREDIT else null
		end
		,case when
		C_GLCODE =144601101000 then N_DEBIT
		else null end
		,case when C_GLCODE in
		(500101101000,500102201000) then 81
		when C_GLCODE in (144601101000)
		then 10
		end
		,n_costcenter
		FROM subledger where n_transactionno =
		#N_transactionno#

	</update>



	<update id="saveAccountBalance">
		INSERT INTO AccountingBalance
		(
		[C_GLCode]
		,[C_BranchCode]
		,[N_Amount]
		,[C_Month]
		,[N_Year]
		,[C_UserID]
		,[D_DateProcessed])
		VALUES
		(
		#C_GLCode#
		,#C_BranchCode#
		,#N_Amount#
		,#C_Month#
		,#N_Year#
		,#C_UserID#
		,#D_DateProcessed#)
	</update>

	<select id="isProcessed" resultClass="java.lang.Integer">
		SELECT COUNT(*) FROM
		accountingbalance WHERE c_month=#C_Month# AND N_YEAR=#N_Year#
	</select>

	<select id="isInitialized" resultClass="java.lang.Integer">
		select count(*) from
		subheader WHERE c_transactiontype='I' AND
		month(d_transactiondate)=#month# AND year(d_transactiondate)=#year#
	</select>

	<select id="getPDInterest" resultClass="java.lang.Double">
		select
		round(sum(n_penaltyamount),2) from
		dbo.penchargestat34(#c_clntcode#,'01','PDI',#fromDate#)
	</select>


	<delete id="deleteInitializedLedger">
		DELETE subledger WHERE n_transactionno in ( select
		n_transactionno from subheader where c_transactiontype='I' AND
		#month#=month( d_transactiondate) AND #year#=year( d_transactiondate))
	</delete>

	<delete id="deleteInitializedHeader">
		DELETE subheader WHERE c_transactiontype='I' AND
		#month#=month(d_transactiondate) AND #year#=year(d_transactiondate)
	</delete>


	<delete id="deleteMonthlySubLedger">
		DELETE subledger where n_transactionno in ( select
		n_transactionno from subheader where c_transactiontype='M' AND
		#C_Month#=month( d_transactiondate) AND #N_Year#=year(
		d_transactiondate))
	</delete>

	<delete id="deleteMonthlySubHeader">
		DELETE subheader WHERE c_transactiontype='M' AND
		month(d_transactiondate)=#C_Month# AND
		year(d_transactiondate)=#N_Year#
	</delete>

	<update id="deleteAccountBalance">
		DELETE FROM accountingbalance WHERE c_month=#C_Month#
		AND N_YEAR=#N_Year#
	</update>

	<select id="getLastWorkingDay" resultClass="java.lang.Integer">
		select
		DAY(dbo.getLastWorkingDay())
	</select>

</sqlMap>