<?xml version="1.0" encoding="UTF-8"?>
<!DOCTYPE sqlMap PUBLIC "-//ibatis.apache.org//DTD SQL Map 2.0//EN"	"http://ibatis.apache.org/dtd/sql-map-2.dtd">
<sqlMap namespace="UnfactoredInvoice">

	<insert id="insertReceiptsDtlOther" parameterClass="com.bdo.factor.beans.ReceiptsDtlOther">
		INSERT INTO
		[dbo].[ReceiptsDtlOther]
		([C_Description]
		,[N_Amount]
		,[D_TransactionDt]
		,[N_RefNo]
		,[charge_type]
		,[charge_status]
		,[collected_amount]
		,[waived_amount]
		,[charge_deduction]
		,[is_net])
		VALUES
		(#c_description#
		,#n_amount#
		,#d_transactionDt#
		,#n_refNo#
		,#charge_type#
		,#charge_status#
		,#collected_amount#
		,#waived_amount#
		,#charge_deduction#
		,#is_net#)
	</insert>

	<select id="sumAllDtlOther" resultClass="java.lang.Double">
			<!-- changed CVG 09032018  -->
	 	   select  SUM(ISNULL(
 			(case when rdo.is_net = 1 then rdo.N_Amount   
 			else rdo.N_Amount*(ISNULL(c.N_USCR/100,0.00))end),0.00)) as UNSC   
 			FROM   ReceiptsDtlOther rdo   
 			INNER JOIN   ReceiptsHdr rh on rh.N_REFNO = rdo.N_RefNo   
 			INNER JOIN   dbcif..client c on c.C_CLNTCODE = rh.C_CLNTCODE 
 			where rdo.n_refno = #n_refNo#
 			and   charge_type =2   

	</select>

	<select id="sumAllDtlOtherDC" resultClass="java.lang.Double">
		SELECT
		SUM(collected_amount)
		FROM
		ReceiptsDtlOther rdo
		INNER JOIN
		ReceiptsHdr rh on rh.N_REFNO = rdo.N_RefNo
		INNER JOIN
		dbcif..client c on c.C_CLNTCODE = rh.C_CLNTCODE where rdo.n_refno = #n_refNo# and
		charge_type =1

	</select>

	<select id="sumAllDtlOtherPenalty" resultClass="java.lang.Double">
		SELECT
		SUM(collected_amount)
		FROM
		ReceiptsDtlOther rdo
		INNER JOIN
		ReceiptsHdr rh on rh.N_REFNO = rdo.N_RefNo
		INNER JOIN
		dbcif..client c on c.C_CLNTCODE = rh.C_CLNTCODE where rdo.n_refno = #n_refNo# and
		charge_type =3
	</select>
</sqlMap>