<?xml version="1.0" encoding="UTF-8" ?>
<!DOCTYPE sqlMap PUBLIC "-//ibatis.apache.org//DTD SQL Map 2.0//EN"	"http://ibatis.apache.org/dtd/sql-map-2.dtd">

<sqlMap namespace="receiptsHeader">

	<insert id="addReceiptsHeader" parameterClass="java.util.HashMap">

		insert into ReceiptsHdr (
		C_BRANCHCODE,
		D_TRANSACTIONDATE,
		C_CLNTCODE,
		C_CUSTCODE,
		D_CHECKDATE,
		C_CHECKNO,
		C_BANKCODE,
		N_AMOUNT,
		N_CASHDELAY,
		C_STATUS,
		C_CHECKTYPE,
		D_CLEARINGDATE,
		C_RECEIPTTYPE,
		B_FROMPDC,
		N_ORIGAMOUNT,
		C_CURRENCYCODE,
		N_EXCHANGERATE,
		N_REFUNDDAYS,
		B_CLEARED,
		C_MAKER,
		N_PENALTYCHG,
		N_DISCCHG,
		B_SUMPENALTY
		)
		values (
		#C_BRANCHCODE#,
		#D_TRANSACTIONDATE#,
		#C_CLNTCODE#,
		#C_CUSTCODE#,
		#D_CHECKDATE#,
		#C_CHECKNO#,
		#C_BANKCODE#,
		#N_AMOUNT#,
		#C_NOOFDAYS#,
		#C_STATUS#,
		#C_CHECKTYPE#,
		#D_CLEARINGDATE#,
		#C_RECEIPTTYPE#,
		#B_FROMPDC#,
		#N_ORIGAMOUNT#,
		#C_CURRENCYCODE#,
		#N_EXCHANGERATE#,
		#N_REFUNDDAYS#,
		#B_CLEARED#,
		#C_USERID#,
		#N_PENALTYCHG#,
		#N_DISCCHG#,
		#B_SUMPENALTY#
		)
		<selectKey resultClass="int" keyProperty="id">
			SELECT @@identity
			AS id
		</selectKey>

	</insert>

	<insert id="addReceiptsHeaderStatus2" parameterClass="java.util.HashMap">

		insert into ReceiptsHdr (
		C_BRANCHCODE,
		D_TRANSACTIONDATE,
		C_CLNTCODE,
		C_CUSTCODE,
		D_CHECKDATE,
		N_AMOUNT,
		N_CASHDELAY,
		C_STATUS,
		D_CLEARINGDATE,
		C_RECEIPTTYPE,
		B_FROMPDC,
		N_ORIGAMOUNT,
		C_CURRENCYCODE,
		N_EXCHANGERATE,
		N_REFUNDDAYS,
		B_CLEARED,
		C_MAKER,
		N_REFFORCANCEL,
		N_PENALTYCHG,
		N_DISCCHG,
		B_SUMPENALTY
		)
		values (
		#C_BRANCHCODE#,
		#D_TRANSACTIONDATE#,
		#C_CLNTCODE#,
		#C_CUSTCODE#,
		#D_CHECKDATE#,
		#N_AMOUNT#,
		#C_NOOFDAYS#,
		#C_STATUS#,
		#D_CLEARINGDATE#,
		#C_RECEIPTTYPE#,
		#B_FROMPDC#,
		#N_ORIGAMOUNT#,
		#C_CURRENCYCODE#,
		#N_EXCHANGERATE#,
		#N_REFUNDDAYS#,
		#B_CLEARED#,
		#C_USERID#,
		#N_REFFORCANCEL#,
		#N_PENALTYCHG#,
		#N_DISCCHG#,
		#B_SUMPENALTY#
		)

		<selectKey resultClass="int" keyProperty="id">
			SELECT @@identity
			AS id
		</selectKey>
	</insert>

	<select id="searchNRefNo" resultClass="java.lang.String">
		SELECT N_REFNO
		FROM
		RECEIPTSHDR
		WHERE C_BRANCHCODE = #C_BRANCHCODE#
		AND C_CLNTCODE =
		#C_CLNTCODE#
		AND C_CUSTCODE = #C_CUSTCODE#
		AND D_CHECKDATE =
		#D_CHECKDATE#
		AND C_CHECKNO = #C_CHECKNO#
	</select>

	<select id="searchReceiptsByNRefNo" resultClass="java.util.HashMap">
		SELECT N_OPAMT,
		C_STATUS, N_REFUNDREFNO
		FROM RECEIPTSHDR
		WHERE N_REFNO = #N_REFNO#
	</select>

	<select id="searchCDByNRefNo" resultClass="java.util.HashMap">
		SELECT N_CASHDELAY
		FROM RECEIPTSHDR
		WHERE N_REFNO = #N_REFNO#
	</select>

	<select id="searchNRefNoStatus2" resultClass="java.lang.String">
		SELECT N_REFNO
		FROM
		RECEIPTSHDR
		WHERE C_BRANCHCODE = #C_BRANCHCODE#
		AND C_CLNTCODE =
		#C_CLNTCODE#
		AND C_CUSTCODE = #C_CUSTCODE#
		AND D_CHECKDATE =
		#D_CHECKDATE#
		AND D_CLEARINGDATE = #D_CLEARINGDATE#
		AND N_AMOUNT =
		#N_AMOUNT#
		AND D_TRANSACTIONDATE = #D_TRANSACTIONDATE#
	</select>

	<select id="searchCheckNo" resultClass="java.lang.String">
		select count(c_checkno)
		from receiptshdr
		where c_checkno = #C_CHECKNO#
		AND C_CLNTCODE =
		#C_CLNTCODE#
		AND C_CUSTCODE = #C_CUSTCODE#
		AND B_CLEARED
		!= 0 AND
		C_STATUS = '3'
	</select>


	<select id="searchScheduleReceiptsHeader" resultClass="java.util.HashMap">

		select
		C_BRANCHCODE,
		N_REFNO,
		CONVERT(varchar, CONVERT(varchar(10),
		D_TRANSACTIONDATE, 101), 111) as
		D_TRANSACTIONDATE,
		C_CLNTCODE,
		C_CUSTCODE,
		CONVERT(varchar, CONVERT(varchar(10), D_CHECKDATE, 101),
		111) as D_CHECKDATE,
		C_CHECKNO,
		C_BANKCODE,
		N_AMOUNT,
		N_CASHDELAY,
		C_STATUS = CASE C_STATUS
		WHEN '1' THEN 'For Clearing'
		WHEN '2' THEN
		'Cleared'
		WHEN '3' THEN 'Bounced/Dishonored'
		WHEN '4' THEN 'Refunded'
		END,
		C_CHECKTYPE,
		CONVERT(varchar, CONVERT(varchar(10), D_CLEARINGDATE,
		101), 111) as D_CLEARINGDATE,
		C_RECEIPTTYPE,
		C_AMS
		from ReceiptsHdr
		where
		C_BRANCHCODE = #C_BRANCHCODE#
		and
		C_CLNTCODE = #C_CLNTCODE#
		and
		C_CUSTCODE = #C_CUSTNAME#
		and
		D_TRANSACTIONDATE &gt;=
		#D_RECEIPTDATE_START#
		and
		D_TRANSACTIONDATE &lt;= #D_RECEIPTDATE_END#

	</select>


	<select id="searchScheduleReceiptsDetail" resultClass="java.util.HashMap">

		select
		C_BRANCHCODE,
		N_REFNO,
		C_INVOICENO,
		CONVERT(varchar, CONVERT(varchar(10),
		D_INVOICEDATE, 101), 111) as D_INVOICEDATE,
		N_AMTINV,
		N_RECEIPTAMT,
		C_TYPE
		from ReceiptsDtl
		where
		C_BRANCHCODE = #C_BRANCHCODE#
		and
		N_REFNO =
		#N_REFNO#

	</select>


	<select id="searchDiscountChargeReceiptsDetail" resultClass="java.util.HashMap">

		select
		a.C_BRANCHCODE,
		a.N_REFNO,
		CONVERT(varchar, CONVERT(varchar(10),
		D_TRANSACTIONDATE, 101), 111) as
		D_TRANSACTIONDATE,
		a.C_CLNTCODE,
		a.C_CUSTCODE,
		CONVERT(varchar, CONVERT(varchar(10), D_CHECKDATE, 101),
		111) as D_CHECKDATE,
		a.C_CHECKNO,
		a.C_BANKCODE,
		a.N_AMOUNT,
		a.N_CASHDELAY,
		a.C_STATUS,
		a.C_CHECKTYPE,
		CONVERT(varchar,
		CONVERT(varchar(10), D_CLEARINGDATE, 101), 111) as D_CLEARINGDATE,
		a.C_RECEIPTTYPE,
		a.C_AMS,
		c.C_CUSTNAME,
		a.N_OPAMT

		FROM
		ReceiptsHdr a INNER
		JOIN
		Customer c ON a.C_CUSTCODE = c.C_CUSTCODE
		WHERE
		(a.C_BRANCHCODE =
		#C_BRANCHCODE#) AND (a.D_TRANSACTIONDATE BETWEEN
		#D_DISCOUNTCHARGEDATE_START# AND #D_DISCOUNTCHARGEDATE_END#)

	</select>
	<select id="searchReceiptsHdrByCustomer" resultClass="java.util.HashMap">
		select
		C_CHECKNO,
		CONVERT(varchar, CONVERT(varchar(10), D_CHECKDATE, 101),
		111) as D_CHECKDATE,
		CONVERT(varchar, CONVERT(varchar(10),
		D_transactiondate, 101), 111) as
		D_transactiondate,
		C_BANKCODE,
		N_AMOUNT,
		C_CHECKTYPE,
		checktype,
		B_FROMPDC = CASE B_FROMPDC
		WHEN '1' THEN
		'TRUE'
		WHEN '2' THEN 'FALSE'
		END,
		N_REFNO
		from (select
		a.*,ct.c_description as checktype, (SELECT count(*)
		from ReceiptsHdr a2
		where a2.n_refNO &lt;= a.N_refno
		and a2.c_branchcode &lt;=
		a.c_branchcode
		and a2.C_CLNTCODE = #C_CLNTCODE#
		and a2.C_CUSTCODE =
		#C_CUSTCODE#
		and a2.C_RECEIPTTYPE = #C_RECEIPTTYPE#
		and a2.C_STATUS IN
		$C_STATUS$)
		as rn from ReceiptsHdr a
		inner join checktype ct
		on
		a.c_checktype = ct.C_DESCRIPTION) DERIVEDTBL <!-- ct.c_checktype changed to ct.C_DESCRIPTION -->
		where C_CLNTCODE =
		#C_CLNTCODE#
		and C_CUSTCODE = #C_CUSTCODE#
		and
		C_RECEIPTTYPE =
		#C_RECEIPTTYPE#
		and C_STATUS IN $C_STATUS$
		and rn
		between #start# and
		#end#

	</select>

	<select id="getTotalReceiptsHdrByCustomer" resultClass="java.lang.String">
		select
		count(*) from RECEIPTSHDR
		where C_CLNTCODE = #C_CLNTCODE#
		and C_CUSTCODE
		= #C_CUSTCODE#
		and
		C_RECEIPTTYPE = #C_RECEIPTTYPE#
		and C_STATUS IN
		$C_STATUS$
	</select>

	<select id="getTotalReceiptsHdrByBranch" resultClass="java.lang.String">
		<!-- select count(*) from RECEIPTSHDR rh inner join dbCIF.dbo.Client cl 
			on rh.C_CLNTCODE = cl.C_CLNTCODE where rh.C_BRANCHCODE = #C_BRANCHCODE# <isNotEmpty 
			property="C_NAME" prepend="And"> C_NAME like '$C_NAME$%' </isNotEmpty> -->
		select count(*) from RECEIPTSHDR rh inner join CC cl on rh.C_CLNTCODE
		= cl.C_CLNTCODE and rh.C_CLNTCODE = cl.C_CLNTCODE
		and rh.C_CUSTCODE =
		cl.C_CUSTCODE where rh.C_BRANCHCODE = #C_BRANCHCODE#
		<isNotEmpty property="C_NAME" prepend="And">
			<!-- from '$C_NAME$%' to #C_NAME#+'%' by Cherrie garcia 10/06/15 -->
			C_NAME like #C_NAME#+'%'
		</isNotEmpty>
	</select>

	<select id="searchReceiptsByBranch" resultClass="java.util.HashMap">


		SELECT
		r1.C_CLNTCODE,
		r1.C_CUSTCODE,
		r1.C_NAME,
		r1.C_CUSTNAME,
		r1.N_REFNO,
		r1.N_AMOUNT,
		r1.C_STATUS,
		r1.C_RECEIPTTYPE ,
		r1.D_TRANSACTIONDATE,
		r1.D_CHECKDATE,
		r1.C_BANKCODE,
		r1.N_ORIGAMOUNT,
		r1.C_CURRENCYCODE,
		r1.N_EXCHANGERATE,
		r1.C_CHECKNO,
		r1.C_CHECKTYPE,
		r1.N_CASHDELAY,
		r1.D_CLEARINGDATE,
		r1.N_REFUNDDAYS,
		r1.N_TOTINVAMT,
		r1.N_REFFORCANCEL,
		r1.rn
		FROM
		(select
		rh.C_CLNTCODE,
		rh.C_CUSTCODE,
		C_NAME,
		C_CUSTNAME,
		N_REFNO,
		N_AMOUNT,
		C_STATUS = case rh.C_STATUS
		when '1' then 'For
		Clearing'
		when '2' then 'Cleared'
		when '3' then 'Dishonored/Bounced'
		when '4' then 'Refunded'
		end
		,C_RECEIPTTYPE = case C_RECEIPTTYPE
		when '1'
		then 'Check Payment'
		when '2' then 'Direct Credit/Cash'
		when '3' then
		'Receipt from Advances'
		when '4' then 'Receipt from Refunds'
		end,
		CONVERT(varchar, CONVERT(varchar(10), D_TRANSACTIONDATE, 101), 111) as
		D_TRANSACTIONDATE,
		CONVERT(varchar, CONVERT(varchar(10), D_CHECKDATE,
		101), 111) as D_CHECKDATE,
		C_BANKCODE,
		N_ORIGAMOUNT,
		rh.C_CURRENCYCODE,
		N_EXCHANGERATE,
		C_CHECKNO,
		C_CHECKTYPE,
		N_CASHDELAY,
		D_CLEARINGDATE,
		N_REFUNDDAYS,
		N_TOTINVAMT,
		N_REFFORCANCEL,
		ROW_NUMBER() OVER(ORDER BY
		convert(smalldatetime,n_REFNO) desc) AS rn
		from ReceiptsHdr rh inner
		join CC ON rh.C_BRANCHCODE = CC.C_BRANCHCODE
		and rh.C_CLNTCODE =
		CC.C_CLNTCODE
		and rh.C_CUSTCODE = CC.C_CUSTCODE
		where rh.c_branchcode =
		#C_BRANCHCODE#
		<isNotEmpty property="C_NAME" prepend="And">
			<!-- from '$C_NAME$%' to #C_NAME#+'%' by Cherrie garcia 10/06/15 -->
			C_NAME like #C_NAME#+'%'
		</isNotEmpty>
		)r1
		WHERE rn between #start# and #end#
		ORDER BY N_REFNO
		<!-- SELECT * FROM ( select r1.C_CLNTCODE, r1.C_CUSTCODE, r1.C_NAME, r1.C_CUSTNAME,r1.N_REFNO, 
			r1.N_AMOUNT, r1.C_STATUS, r1.C_RECEIPTTYPE , r1.D_TRANSACTIONDATE, r1.D_CHECKDATE, 
			r1.C_BANKCODE, r1.N_ORIGAMOUNT, r1.C_CURRENCYCODE, r1.N_EXCHANGERATE, r1.C_CHECKNO,r1.C_CHECKTYPE, 
			r1.N_CASHDELAY, r1.D_CLEARINGDATE, r1.N_REFUNDDAYS, r1.N_TOTINVAMT, r1.N_REFFORCANCEL, 
			rn=count(*) FROM (select rh.C_CLNTCODE, rh.C_CUSTCODE, C_NAME, C_CUSTNAME,N_REFNO, 
			N_AMOUNT, C_STATUS = case rh.C_STATUS when '1' then 'For Clearing' when '2' 
			then 'Cleared' when '3' then 'Dishonored/Bounced' when '4' then 'Refunded' 
			end , C_RECEIPTTYPE = case C_RECEIPTTYPE when '1' then 'Check Payment' when 
			'2' then 'Direct Credit/Cash' when '3' then 'Receipt from Advances' when 
			'4' then 'Receipt from Refunds' end, CONVERT(varchar, CONVERT(varchar(10), 
			D_TRANSACTIONDATE, 101), 111) as D_TRANSACTIONDATE, CONVERT(varchar, CONVERT(varchar(10), 
			D_CHECKDATE, 101), 111) as D_CHECKDATE, C_BANKCODE, N_ORIGAMOUNT, rh.C_CURRENCYCODE, 
			N_EXCHANGERATE, C_CHECKNO,C_CHECKTYPE, N_CASHDELAY, D_CLEARINGDATE, N_REFUNDDAYS, 
			N_TOTINVAMT, N_REFFORCANCEL from ReceiptsHdr rh inner join CC ON rh.C_BRANCHCODE 
			= CC.C_BRANCHCODE and rh.C_CLNTCODE = CC.C_CLNTCODE and rh.C_CUSTCODE = CC.C_CUSTCODE 
			where rh.c_branchcode = #C_BRANCHCODE# <isNotEmpty property="C_NAME" prepend="And"> 
			C_NAME like '$C_NAME$%' </isNotEmpty> ) as r1, (select rh.C_CLNTCODE, rh.C_CUSTCODE, 
			C_NAME, C_CUSTNAME,N_REFNO, N_AMOUNT, C_STATUS = case rh.C_STATUS when '1' 
			then 'For Clearing' when '2' then 'Cleared' when '3' then 'Dishonored/Bounced' 
			when '4' then 'Refunded' end , C_RECEIPTTYPE = case C_RECEIPTTYPE when '1' 
			then 'Check Payment' when '2' then 'Direct Credit/Cash' when '3' then 'Receipt 
			from Advances' when '4' then 'Receipt from Refunds' end, CONVERT(varchar, 
			CONVERT(varchar(10), D_TRANSACTIONDATE, 101), 111) as D_TRANSACTIONDATE, 
			CONVERT(varchar, CONVERT(varchar(10), D_CHECKDATE, 101), 111) as D_CHECKDATE, 
			C_BANKCODE, N_ORIGAMOUNT, rh.C_CURRENCYCODE, N_EXCHANGERATE, C_CHECKNO,C_CHECKTYPE, 
			N_CASHDELAY, D_CLEARINGDATE, N_REFUNDDAYS, N_TOTINVAMT, N_REFFORCANCEL from 
			ReceiptsHdr rh inner join CC ON rh.C_BRANCHCODE = CC.C_BRANCHCODE and rh.C_CLNTCODE 
			= CC.C_CLNTCODE and rh.C_CUSTCODE = CC.C_CUSTCODE where rh.c_branchcode = 
			#C_BRANCHCODE# <isNotEmpty property="C_NAME" prepend="And"> C_NAME like '$C_NAME$%' 
			</isNotEmpty> ) as r2 WHERE r1.N_REFNO &gt;=r2.N_REFNO GROUP BY r1.C_CLNTCODE, 
			r1.C_CUSTCODE, r1.C_NAME, r1.C_CUSTNAME,r1.N_REFNO, r1.N_AMOUNT, r1.c_status, 
			r1.c_receipttype, r1.D_TRANSACTIONDATE, r1.D_CHECKDATE,r1.C_BANKCODE, r1.N_ORIGAMOUNT, 
			r1.C_CURRENCYCODE, r1.N_EXCHANGERATE, r1.C_CHECKNO,r1.C_CHECKTYPE, r1.N_CASHDELAY, 
			r1.D_CLEARINGDATE, r1.N_REFUNDDAYS, r1.N_TOTINVAMT, r1.N_REFFORCANCEL ) DERIVEDTBL 
			WHERE rn between #start# and #end# ORDER BY N_REFNO desc,rn -->
	</select>

	<update id="updateReceiptsIneligible" parameterClass="java.util.HashMap">
		update cclink set N_INELIGIBLEREC=case when N_RUNNINGBAL &gt;
		dbo.GetCCLimit(#C_CLNTCODE#,#C_CUSTCODE#,(select [currentdate] FROM
		[factorsGetDate])) then <!--before:getdate() -->
		N_RUNNINGBAL-dbo.GetCCLimit(#C_CLNTCODE#,#C_CUSTCODE#,(select
		[currentdate] FROM [factorsGetDate])) else 0 end  <!--before:getdate() -->
		where c_branchcode = #C_BRANCHCODE# and C_CLNTCODE = #C_CLNTCODE# and
		C_CUSTCODE = #C_CUSTCODE#
	</update>

	<update id="updateReceiptsCancelIneligible" parameterClass="java.util.HashMap">
		update cclink set N_INELIGIBLEREC=case when N_RUNNINGBAL &gt;
		dbo.GetCCLimit(#C_CLNTCODE#,#C_CUSTCODE#,(select [currentdate] FROM
		[factorsGetDate])) then  <!--before:getdate() -->
		N_RUNNINGBAL-dbo.GetCCLimit(#C_CLNTCODE#,#C_CUSTCODE#,(select
		[currentdate] FROM [factorsGetDate])) else 0 end  <!--before:getdate() -->
		where c_branchcode = #C_BRANCHCODE# and C_CLNTCODE = #C_CLNTCODE# and
		C_CUSTCODE = #C_CUSTCODE#
	</update>

	<update id="updateReceiptsBouncedCheck" parameterClass="java.util.HashMap">
		update
		ReceiptsHdr set
		C_STATUS = #C_STATUS#,
		D_DATEBOUNCED = #D_DATEBOUNCED#,
		C_APPROVER = #C_USERID#,
		N_DCREVERSAL = #N_DCREVERSAL#
		where N_REFNO =
		#N_REFNO#
	</update>
	<!--before:getdate() -->
	<select id="getReceiptsDCReversal" parameterClass="java.lang.Integer"
		resultClass="java.lang.String">
		select
		receiptsDCReversal=rh.n_amount*(cc.n_advancedratio/100)*(dbo.getBLR(255,(select
		[currentdate] FROM
		[factorsGetDate]))+(cc.n_dcr/100))*datediff(d,rh.d_transactiondate,(select
		[currentdate] FROM [factorsGetDate]))/360 from receiptshdr rh
		inner
		join cc on rh.c_clntcode=cc.c_clntcode
		and rh.c_custcode=cc.c_custcode
		where N_REFNO=#N_REFNO#

	</select>

	<update id="updateReceiptsStatusByBatch" parameterClass="java.util.HashMap">
		update
		ReceiptsHdr set
		C_STATUS = #C_STATUS#
		where N_REFNO IN $N_REFNO$
	</update>
	<update id="updateReceiptsStatusByRefund" parameterClass="java.util.HashMap">
		update
		ReceiptsHdr set
		C_STATUS = #C_STATUS#,
		N_REFUNDREFNO = #N_REFUNDREFNO#
		where N_REFNO = #N_REFNO#
	</update>

	<update id="updateReceiptsStatusByCARefund" parameterClass="java.util.HashMap">
		update ReceiptsHdr set
		C_STATUS = #C_STATUS#,
		N_REFUNDREFNO =
		#N_REFUNDREFNO#
		where N_REFNO = (select N_REFNO from ReceiptsHdr where
		n_refundrefno =
		#N_REFNO#)
	</update>

	<update id="updateBClearedByBatch" parameterClass="java.util.HashMap">
		update
		ReceiptsHdr set
		B_CLEARED = #B_CLEARED#
		where N_REFNO IN $N_REFNO$
	</update>

	<update id="updateReceiptsStatusBCleared" parameterClass="java.util.HashMap">
		update
		ReceiptsHdr set
		C_STATUS = #C_STATUS#,
		B_CLEARED = #B_CLEARED#
		where
		N_REFNO = #N_REFNO#
	</update>

	<select id="searchReceiptsForClearing" resultClass="java.util.HashMap">
		SELECT
		rh.N_REFNO, rh.N_AMOUNT, rh.C_CLNTCODE,sum(rd.N_RECEIPTAMT) as
		N_RECEIPTAMT, rh.N_OPAMT, rh.C_STATUS
		FROM RECEIPTSHDR rh
		left join
		receiptsdtl rd
		on rh.n_refno = rd.n_refno
		WHERE rh.C_BRANCHCODE =
		#C_BRANCHCODE#
		AND rh.C_STATUS IN $C_STATUS$
		AND rh.D_CLEARINGDATE =
		#D_CLEARINGDATE#
		AND rh.B_CLEARED = #B_CLEARED#
		group by rh.n_refno,
		rh.n_amount, rh.c_clntcode, rh.n_opamt,
		rh.c_status
		order by c_clntcode
	</select>

	<update id="updateReceiptsTotalInvAmount" parameterClass="java.util.HashMap">
		update
		ReceiptsHdr set
		N_TOTINVAMT = #N_TOTINVAMT#,
		N_OPAMT = #N_OPAMT#
		where
		N_REFNO = #N_REFNO#
	</update>

	<update id="updateReceiptsAmount" parameterClass="java.util.HashMap">
		update
		ReceiptsHdr set
		N_AMOUNT = #N_AMOUNT# + #N_OPAMT#
		where N_REFNO =
		#N_REFNO#
	</update>

	<select id="getReceiptsDueForRefundCount" parameterClass="java.util.HashMap"
		resultClass="java.lang.String">
		select count(*)
		from
		(select (d_transactiondate +
		n_refunddays - 1) as startdate, d_transactiondate as enddate,
		case when
		n_refunddays is null then '0'
		else n_refunddays end as
		n_refunddays,
		dbCIF.dbo.Client.c_name as c_name,
		dbo.Customer.c_custname, n_refno,
		c_receipttype,
		dbo.ReceiptsHdr.c_bankcode,dbo.ReceiptsHdr.c_status,
		dbo.ReceiptsHdr.c_branchcode,c_checkno,
		dbo.ReceiptsHdr.c_currencycode, n_origamount, n_exchangerate, n_amount
		from dbo.ReceiptsHdr inner join dbCIF.dbo.Client on
		dbCIF.dbo.Client.c_clntcode = dbo.ReceiptsHdr.c_clntcode inner join
		dbo.Customer on dbo.ReceiptsHdr.c_custcode = dbo.Customer.c_custcode)
		a
		where startdate between #startDate# and #endDate#
		and c_status =
		#status#
		and c_branchcode = #branchCode#
	</select>

	<update id="updateReceiptsHeader" parameterClass="java.util.HashMap">
		UPDATE
		RECEIPTSHDR
		SET D_CHECKDATE = #D_CHECKDATE#,
		C_CHECKNO = #C_CHECKNO#,
		C_BANKCODE = #C_BANKCODE#,
		N_ORIGAMOUNT = #N_ORIGAMOUNT#,
		C_CURRENCYCODE = #C_CURRENCYCODE#,
		N_EXCHANGERATE = #N_EXCHANGERATE#,
		N_AMOUNT = #N_AMOUNT#,
		N_CASHDELAY = #C_NOOFDAYS#,
		N_REFUNDDAYS =
		#N_REFUNDDAYS#,
		C_STATUS = #C_STATUS#,
		C_CHECKTYPE = #C_CHECKTYPECODE#,
		D_CLEARINGDATE = #D_CLEARINGDATE#,
		N_OPAMT = #N_OPAMT#
		WHERE N_REFNO =
		#N_REFNO#
	</update>

	<select id="searchReceiptsOPByRefNo" resultClass="java.lang.String">
		SELECT N_OPAMT
		FROM RECEIPTSHDR
		WHERE N_REFNO = #N_REFNO#
	</select>

	<select id="getDiscountChargeOnCashDelay" resultClass="com.bdo.factor.beans.DiscountChargeOnCashDelay">
		SELECT
		C_NAME AS cName,
		C_CUSTNAME AS cCustName,
		D_TRANSACTIONDATE AS
		dTransactionDate,
		N_REFNO AS refno,
		totalAmount, N_CASHDELAY AS
		nCashDelay,
		((totalAmount * (ISNULL(dbo.GetBLR(C_CLNTCODE,
		D_TRANSACTIONDATE), 0) +
		ISNULL(N_DCR,0)/100))/360) * N_CASHDELAY AS
		dCharge
		FROM
		(
		SELECT TOP 100 PERCENT ROUND(t1.N_AMOUNT, 3) AS
		totalAmount,
		t1.D_TRANSACTIONDATE,
		v1.C_NAME, v1.C_CUSTNAME,
		t1.N_CASHDELAY, v1.C_CLNTCODE, v1.N_DCR, t1.N_REFNO

		FROM
		ReceiptsHdr t1
		CROSS JOIN cc v1
		WHERE
		t1.C_CLNTCODE = v1.C_CLNTCODE
		AND
		t1.C_CUSTCODE =
		v1.C_CUSTCODE
		AND
		t1.D_TRANSACTIONDATE
		BETWEEN #startDate# AND #endDate#
		AND v1.C_BRANCHCODE = t1.C_BRANCHCODE
		AND t1.C_BRANCHCODE =
		#branchCode#
		AND t1.C_STATUS &lt;&gt; 3
		ORDER BY v1.C_NAME,
		v1.C_CUSTNAME, t1.D_TRANSACTIONDATE
		)
		AS derivedTable
	</select>

	<select id="getDiscountChargeOnCashDelayCount" resultClass="java.lang.Integer">
		SELECT COUNT(t1.N_REFNO) AS retVal
		FROM
		ReceiptsHdr t1 CROSS JOIN cc v1
		WHERE
		t1.C_CLNTCODE = v1.C_CLNTCODE
		AND
		t1.C_CUSTCODE = v1.C_CUSTCODE
		AND
		t1.D_TRANSACTIONDATE
		BETWEEN #startDate# AND #endDate#
		AND
		v1.C_BRANCHCODE = t1.C_BRANCHCODE
		AND t1.C_BRANCHCODE = #branchCode#
		AND t1.C_STATUS &lt;&gt; 3
	</select>
	<select id="getTotalReceiptsForRefund" resultClass="java.lang.String">
		select
		count(*) from (
		select rh.C_CLNTCODE,
		rh.C_CUSTCODE,cl.C_NAME,cu.C_CUSTNAME,rh.N_REFNO, rh.N_AMOUNT,
		sum(rd.N_RECEIPTAMT) N_RECEIPTAMT,
		CONVERT(DECIMAL(18,2),((cl.N_ADVANCEDRATIO)/100)*(((100-cl.N_ADVANCEDRATIO)/100)*sum(rd.N_RECEIPTAMT)))
		N_REFUNDAMT,
		(case rh.C_RECEIPTTYPE when '1' then 'Check Payment'
		when
		'2' then 'Direct Credit/Cash' end) C_RECEIPTTYPE
		from receiptshdr rh
		inner join receiptsdtl rd on rh.N_REFNO = rd.N_REFNO
		inner join
		dbCIF.dbo.Client cl on rh.C_CLNTCODE = cl.C_CLNTCODE
		inner join
		Customer cu on cu.C_CUSTCODE = rh.C_CUSTCODE
		where
		rh.c_branchcode =
		#C_BRANCHCODE#
		and rh.C_STATUS = #C_STATUS#
		and rh.C_RECEIPTTYPE IN
		$C_RECEIPTTYPE$
		and rh.C_CLNTCODE = #C_CLNTCODE#
		group by rh.C_CLNTCODE,
		rh.C_CUSTCODE,cl.C_NAME,cu.C_CUSTNAME,rh.N_REFNO,
		rh.N_AMOUNT,cl.N_ADVANCEDRATIO,rh.C_RECEIPTTYPE
		) x
	</select>
	<select id="searchReceiptsForRefund" resultClass="java.util.HashMap">
		select
		rh.C_CLNTCODE, rh.C_CUSTCODE,cl.C_NAME,cu.C_CUSTNAME,rh.N_REFNO,
		rh.N_AMOUNT, sum(rd.N_RECEIPTAMT) N_RECEIPTAMT,
		CONVERT(DECIMAL(18,2),(((100-cl.N_ADVANCEDRATIO)/100)*sum(rd.N_RECEIPTAMT)))
		N_REFUNDAMT,
		(case rh.C_RECEIPTTYPE when '1' then 'Check Payment'
		when
		'2' then 'Direct Credit/Cash' end) C_RECEIPTTYPE
		from receiptshdr rh
		inner join receiptsdtl rd on rh.N_REFNO = rd.N_REFNO
		inner join
		dbCIF.dbo.Client cl on rh.C_CLNTCODE = cl.C_CLNTCODE
		inner join
		Customer cu on cu.C_CUSTCODE = rh.C_CUSTCODE
		where
		rh.c_branchcode =
		#C_BRANCHCODE#
		and rh.C_STATUS = #C_STATUS#
		and rh.C_RECEIPTTYPE IN
		$C_RECEIPTTYPE$
		and rh.C_CLNTCODE = #C_CLNTCODE#
		group by rh.C_CLNTCODE,
		rh.C_CUSTCODE,cl.C_NAME,cu.C_CUSTNAME,rh.N_REFNO,
		rh.N_AMOUNT,cl.N_ADVANCEDRATIO,rh.C_RECEIPTTYPE
		order by rh.n_refno
		desc
	</select>
	<select id="getTotalReceiptsFromRefunds" resultClass="java.lang.String">
		SELECT
		COUNT (*) FROM (
		SELECT C_CLNTCODE, N_REFNO, N_REFAMT FROM REFUND
		WHERE
		C_BRANCHCODE = #C_BRANCHCODE#
		AND C_STATUS = #C_STATUS#
		AND C_CLNTCODE =
		#C_CLNTCODE#
		AND B_CLNTRELEASE = 0
		) R
	</select>
	<select id="searchReceiptsFromRefunds" resultClass="java.util.HashMap">
		SELECT
		C_CLNTCODE, N_REFNO,
		CONVERT(varchar, CONVERT(varchar(10),
		D_TRANSACTIONDATE, 101), 111) as
		D_TRANSACTIONDATE,
		N_REFAMT AS N_AMOUNT
		FROM REFUND
		WHERE C_BRANCHCODE =
		#C_BRANCHCODE#
		AND C_STATUS = #C_STATUS#
		AND C_CLNTCODE = #C_CLNTCODE#
		AND B_CLNTRELEASE = 0
	</select>
	<select id="getTotalReceiptsFromAdvances" resultClass="java.lang.String">
		SELECT
		COUNT (*) FROM (
		SELECT C_CLNTCODE, N_REFNO, N_ADVAMT FROM ADVANCES
		WHERE C_BRANCHCODE = #C_BRANCHCODE#
		AND C_STATUS = #C_STATUS#
		AND
		C_CLNTCODE = #C_CLNTCODE#
		AND B_CLNTRELEASE = 0
		) A
	</select>
	<select id="searchReceiptsFromAdvances" resultClass="java.util.HashMap">
		SELECT
		C_CLNTCODE, N_REFNO,
		CONVERT(varchar, CONVERT(varchar(10),
		D_TRANSACTIONDATE, 101), 111) as
		D_TRANSACTIONDATE,
		N_ADVAMT AS N_AMOUNT
		FROM ADVANCES
		WHERE C_BRANCHCODE
		= #C_BRANCHCODE#
		AND C_STATUS =
		#C_STATUS#
		AND C_CLNTCODE = #C_CLNTCODE#
		AND B_CLNTRELEASE = 0
	</select>

	<select id="getReceiptsHdrMap" resultClass="java.util.HashMap">
		select
		C_CUSTCODE,N_Amount,C_CLNTCODE,C_Type='P',C_TransactionType='P',C_CheckNo,C_Bankcode
		as C_BankName,N_REFNO,d_checkdate as D_DepositedDate from receiptshdr
		WHERE n_refno=#N_REFNO#
	</select>



	<insert id="receiptsFromTransaction">
		INSERT INTO ReceiptsHdr
		(C_BRANCHCODE
		,D_TRANSACTIONDATE
		,C_CLNTCODE
		,C_CUSTCODE
		,N_ORIGAMOUNT
		,C_CURRENCYCODE
		,N_EXCHANGERATE
		,N_AMOUNT
		,N_TOTINVAMT
		,C_STATUS
		,C_RECEIPTTYPE
		,C_MAKER
		<isNotEmpty property="N_ADVPAYMENTNO" prepend=",">
			N_ADVPAYMENTNO
		</isNotEmpty>
		<isNotEmpty property="N_REFPAYMENTNO" prepend=",">
			N_REFPAYMENTNO
		</isNotEmpty>
		,N_REFUNDDAYS
		,D_CLEARINGDATE
		,B_FROMPDC
		,D_CHECKDATE
		,B_CLEARED)
		VALUES
		(#C_BRANCHCODE#
		,convert(nvarchar,(select [currentdate] FROM
		[factorsGetDate]),101) <!--before:getdate() -->
		,#C_CLNTCODE#
		,#C_CUSTCODE#
		,#N_ORIGAMOUNT#
		,#C_CURRENCYCODE#
		,#N_EXCHANGERATE#
		,#N_AMOUNT#
		,#N_TOTINVAMT#
		,#C_STATUS#
		,#C_RECEIPTTYPE#
		,#C_USERID#
		<isNotEmpty property="N_ADVPAYMENTNO" prepend=",">
			#N_ADVPAYMENTNO#
		</isNotEmpty>
		<isNotEmpty property="N_REFPAYMENTNO" prepend=",">
			#N_REFPAYMENTNO#
		</isNotEmpty>
		,0
		,convert(nvarchar,(select [currentdate] FROM [factorsGetDate]),101) <!--before:getdate() -->
		,0
		,convert(nvarchar,(select [currentdate] FROM [factorsGetDate]),101) <!--before:getdate() -->
		,1)

		<selectKey resultClass="int" keyProperty="id">
			SELECT @@identity
			AS id
		</selectKey>
	</insert>

	<insert id="createTempReceipt">
		INSERT INTO [Receipts_bak]
		([C_BRANCHCODE]
		,[N_REFNO]
		,[D_TRANSACTIONDATE]
		,[D_INVOICEDATE]
		,[C_CLNTCODE]
		,[C_CUSTCODE]
		,[N_INVNO]
		,[C_INVOICENO]
		,[N_CREDITNOTEAMT]
		,[N_INVOICEAMT]
		,[N_COLLECTED]
		,[C_RECEIPTTYPE]
		,[C_MAKER])
		VALUES
		(#C_BRANCHCODE#
		<isNotEmpty property="N_ADVPAYMENTNO" prepend=",">
			#N_ADVPAYMENTNO#
		</isNotEmpty>
		<isNotEmpty property="N_REFPAYMENTNO" prepend=",">
			#N_REFPAYMENTNO#
		</isNotEmpty>
		,#D_TRANSACTIONDATE#
		,#D_INVOICEDATE#
		,#C_CLNTCODE#
		,#C_CUSTCODE#
		,#N_INVNO#
		,#C_INVOICENO#
		,#N_CREDITNOTEAMT#
		,#N_INVOICEAMT#
		,#N_COLLECTED#
		,#C_RECEIPTTYPE#
		,#C_USERID#)
	</insert>

	<insert id="createHeader">
		INSERT INTO ReceiptsHdr
		(C_BRANCHCODE
		,D_TRANSACTIONDATE
		,C_CLNTCODE
		,C_CUSTCODE
		,N_ORIGAMOUNT
		,C_CURRENCYCODE
		,N_EXCHANGERATE
		,N_AMOUNT
		,N_TOTINVAMT
		,C_STATUS
		,C_RECEIPTTYPE
		,C_MAKER
		<isNotEmpty property="N_ADVPAYMENTNO" prepend=",">
			N_ADVPAYMENTNO
		</isNotEmpty>
		<isNotEmpty property="N_REFPAYMENTNO" prepend=",">
			N_REFPAYMENTNO
		</isNotEmpty>
		,N_REFUNDDAYS
		,D_CLEARINGDATE
		,B_FROMPDC
		,D_CHECKDATE
		,B_CLEARED)
		VALUES
		(#C_BRANCHCODE#
		,convert(nvarchar,(select [currentdate] FROM
		[factorsGetDate]),101) <!--before:getdate() -->
		,#C_CLNTCODE#
		,#C_CUSTCODE#
		,#N_ORIGAMOUNT#
		,#C_CURRENCYCODE#
		,#N_EXCHANGERATE#
		,#N_AMOUNT#
		,#N_TOTINVAMT#
		,#C_STATUS#
		,#C_RECEIPTTYPE#
		,#C_USERID#
		<isNotEmpty property="N_ADVPAYMENTNO" prepend=",">
			#N_ADVPAYMENTNO#
		</isNotEmpty>
		<isNotEmpty property="N_REFPAYMENTNO" prepend=",">
			#N_REFPAYMENTNO#
		</isNotEmpty>
		,0
		,convert(nvarchar,(select [currentdate] FROM [factorsGetDate]),101) <!--before:getdate() -->
		,0
		,convert(nvarchar,(select [currentdate] FROM [factorsGetDate]),101) <!--before:getdate() -->
		,1)
		<selectKey resultClass="int" keyProperty="id">
			SELECT @@identity
			AS id
		</selectKey>
	</insert>

	<statement id="insertDiscountDetailReceipt" parameterClass="java.util.Map">
		insert tempdiscdtl
		select
		discountCharge,'P',invoiceNo,#N_REFNO#,(select [currentdate] FROM
		[factorsGetDate]),fromDate,toDate,noOfDays <!--before:getdate() -->
		from
		(select * from dbo.getDiscountCharge(#C_CLNTCODE#,#TODAY#))a
	</statement>

	<statement id="insertPenaltyDetailReceipt" parameterClass="java.util.Map">
		insert temppenaltydetail
		select
		pc.n_penaltyamount,'P',#N_REFNO#,pc.N_INVNO,pc.N_INVOICEAMT,
		cc.n_dunning,cc.n_advancedratio,pc.fromDate,pc.toDate,pc.noOfDays,'PC',(select
		[currentdate] FROM [factorsGetDate]) from <!--before:getdate() -->
		(select * from
		dbo.getPenaltyForReceipts(#C_CLNTCODE#,#C_CUSTCODE#,#invNos#,#TODAY#,#paymentReceivedDate#,#B_SUMPENALTY#))pc
		inner join cc on cc.c_clntcode=pc.c_clntcode and
		cc.c_custcode=pc.c_custcode
	</statement>

	<select id="transactionRateReceipts" resultClass="java.util.HashMap">


		select D_TransactionDate
		,ref.C_CLNTCODE as C_ClientCode
		,N_RefNo
		,'P' as
		C_Type
		,cli.N_DCR AS N_DiscountCharge
		,dbo.getBLR(#C_CLNTCODE#,(select
		[currentdate] FROM [factorsGetDate]))as N_BaseLendingRate <!--before:getdate() -->
		,cli.N_SCR As N_ServiceCharge
		,(select top 1 N_RATE from penaltyrate
		order by d_transactiondate desc) AS N_PenaltyCharge
		from ReceiptsHdr
		ref
		INNER JOIN dbcif..client cli
		on cli.C_CLNTCODE=ref.C_CLNTCODE
		WHERE
		N_REFNO=#N_REFNO#
	</select>

	<select id="getReceiptsPenalty" resultClass="java.util.HashMap">
		SELECT
		CAST(sum(ISNULL(N_PENALTYAMOUNT,0))as decimal(18,2))AS N_PENALTYAMOUNT
		from
		dbo.getPenaltyForReceipts(#clientCode#,#custCode#,#invNos#,#tranDate#,#paymentReceivedDate#,#sumClientPenalty#)
	</select>

</sqlMap>