<?xml version="1.0" encoding="UTF-8" ?>
<!DOCTYPE sqlMap PUBLIC "-//ibatis.apache.org//DTD SQL Map 2.0//EN"	"http://ibatis.apache.org/dtd/sql-map-2.dtd">

<sqlMap namespace="receiptsDtl">

	<update id="addReceiptsDetail" parameterClass="java.util.HashMap">

		insert into
		ReceiptsDtl (
		C_BRANCHCODE,
		N_REFNO,
		C_INVOICENO,
		N_INVNO,
		D_INVOICEDATE,
		N_AMTINV,
		N_RECEIPTAMT,
		C_TYPE
		)
		values (
		#C_BRANCHCODE#,
		#N_REFNO#,
		#C_INVOICENO#,
		#N_INVNO#,
		#D_INVOICEDATE#,
		#N_ORIGINVOICEAMT#,
		#N_RECEIPTAMT#,
		#C_TYPE#
		)

	</update>

	<update id="updateReceiptsDetail" parameterClass="java.util.Map">

		update
		RECEIPTSDTL
		set
		N_RECEIPTAMT = #N_RECEIPTAMT#,
		C_TYPE = #C_TYPE#
		where
		N_REFNO = #N_REFNO#
		and N_INVNO = #N_INVNO#

	</update>

	<update id="updateCheckTypeByInvoiceNo" parameterClass="java.util.Map">

		update
		RECEIPTSDTL
		set C_TYPE = #C_TYPE#
		where N_REFNO = #N_REFNO#
		and N_INVNO
		IN $N_INVNO$

	</update>



	<update id="updateStatusByInvoice" parameterClass="java.util.Map">

		update
		RECEIPTSDTL
		set C_TYPE = #C_TYPE#
		where N_REFNO = #N_REFNO#
		and N_INVNO =
		#N_INVNO#

	</update>

	<update id="updateCheckTypePartial" parameterClass="java.util.Map">

		update
		RECEIPTSDTL
		set C_TYPE = #C_TYPE#
		where C_INVOICENO = #C_INVOICENO#

	</update>

	<!-- added BY CVG as of 04-14-16 for Invoice Status (C_status / C_type) 
		bug -->
	<update id="updateCheckTypeByInvoiceNoFullyPaidNew"
		parameterClass="java.util.Map">

		update RECEIPTSDTL set C_TYPE = 1 where N_INVNO in(
		select a.N_INVNO from
		(select rd1.N_INVNO, rd1.N_AMTINV, (
		(
		select
		sum(rd.n_receiptamt) from
		receiptsdtl rd
		inner join receiptshdr rh on
		rh.n_refno = rd.n_refno
		where rd.N_INVNO = rd1.N_INVNO
		) -
		ISNULL((
		select sum(rd.n_receiptamt) from receiptsdtl rd
		inner join
		receiptshdr
		rh on rh.n_refno = rd.n_refno
		where rd.N_INVNO =
		rd1.N_INVNO and
		rh.c_status = '3'
		),0)
		) as totalCollected
		from RECEIPTSDTL rd1
		group by
		N_INVNO ,N_AMTINV) as a where a.N_AMTINV =
		a.totalCollected
		and N_INVNO
		= #N_INVNO#)

	</update>


	<!-- end -->

	<update id="updateCheckTypeByInvoiceNoFullyPaid" parameterClass="java.util.Map">

		update RECEIPTSDTL set C_TYPE = 1 where N_INVNO in(
		select a.N_INVNO
		from
		(select rd1.N_INVNO, rd1.N_AMTINV, (
		(
		select sum(rd.n_receiptamt)
		from
		receiptsdtl rd
		inner join receiptshdr rh on rh.n_refno = rd.n_refno
		where rd.N_INVNO = rd1.N_INVNO
		) -
		ISNULL((
		select sum(rd.n_receiptamt)
		from receiptsdtl rd
		inner join
		receiptshdr rh on rh.n_refno = rd.n_refno
		where rd.N_INVNO =
		rd1.N_INVNO and rh.c_status = '3'
		),0)
		) as
		totalCollected
		from RECEIPTSDTL rd1
		group by N_INVNO ,N_AMTINV) as a
		where a.N_AMTINV =
		a.totalCollected
		and N_INVNO IN $N_INVNO$)

	</update>

	<select id="searchReceiptsDetailByCode" resultClass="java.util.HashMap">
		SELECT
		*,CASE WHEN is_RMU=1 THEN CAST((N_AMTINV*(N_ADVANCEDRATIO/100))as
		decimal(18,2)) ELSE 0 END netBalance from (
		SELECT
		rd1.C_BRANCHCODE,
		rd1.N_REFNO,
		rd1.C_INVOICENO,
		rd1.N_INVNO,
		CONVERT(varchar, CONVERT(varchar(10), rd1.D_INVOICEDATE, 101), 111) as
		D_INVOICEDATE,
		rd1.N_AMTINV,
		rd1.N_RECEIPTAMT,
		c.is_RMU,
		c.n_advancedRatio,
		C_TYPE = CASE rd1.C_TYPE WHEN '1' THEN
		'Full Payment' WHEN '2' THEN 'Partial Payment' END,
		((SELECT
		sum(rd.n_receiptamt) from receiptsdtl rd
		INNER JOIN
		receiptshdr rh on rh.n_refno = rd.n_refno
		WHERE
		rd.n_invno = rd1.N_INVNO
		and rd.c_invoiceno = rd1.c_invoiceno
		) -
		ISNULL((select
		sum(rd.n_receiptamt) from receiptsdtl rd
		INNER JOIN
		receiptshdr rh on rh.n_refno = rd.n_refno
		WHERE
		rd.n_invno = rd1.N_INVNO and rd.c_invoiceno = rd1.c_invoiceno
		and rh.c_status = '3'),0)
		) as totalCollected
		FROM
		RECEIPTSDTL rd1
		INNER JOIN
		ReceiptsHdr rh on rh.N_REFNO = rd1.N_REFNO
		INNER JOIN
		dbCIF..Client c on c.C_CLNTCODE = rh.C_CLNTCODE
		WHERE
		rd1.N_REFNO = #N_REFNO#)q1
	</select>

	<select id="searchReceiptsDetailByInvNo" resultClass="java.util.HashMap">
		SELECT
		rd1.C_BRANCHCODE, rd1.N_REFNO, rd1.C_INVOICENO, rd1.N_INVNO,
		CONVERT(varchar, CONVERT(varchar(10), rd1.D_INVOICEDATE, 101), 111) as
		D_INVOICEDATE,
		rd1.N_AMTINV, rd1.N_RECEIPTAMT,
		ISNULL(rd.totalCollected,0) as totalCollected,
		C_TYPE = CASE rd1.C_TYPE
		WHEN '1' THEN 'Full Payment'
		WHEN '2' THEN 'Partial Payment'
		END
		from
		RECEIPTSDTL rd1
		left join
		(select
		sum(n_receiptamt) as totalCollected,
		n_invno from receiptsdtl
		inner
		join receiptshdr
		on receiptsdtl.n_refno =
		receiptshdr.n_refno
		where
		receiptshdr.c_status in ('1', '2')
		group by
		receiptsdtl.c_invoiceno,
		receiptsdtl.n_invno)rd
		on rd.n_invno =
		rd1.n_invno
		WHERE rd1.N_INVNO =
		#N_INVNO#
		group by
		rd1.C_BRANCHCODE,
		rd1.N_REFNO, rd1.C_INVOICENO,
		rd1.d_invoicedate,
		rd1.n_amtinv,
		rd1.n_receiptamt, rd1.c_type, rd1.n_invno, rd.totalCollected
	</select>

	<select id="searchReceiptsDetailByInvoice" resultClass="java.lang.String">
		SELECT
		count(*)
		from RECEIPTSDTL
		WHERE C_INVOICENO = #C_INVOICENO#
		AND N_REFNO =
		#N_REFNO#
	</select>

	<select id="searchReceiptsDetailByInvoiceOnly" resultClass="java.lang.String">
		SELECT count(*)
		from RECEIPTSDTL
		WHERE C_INVOICENO = #C_INVOICENO#
	</select>

	<select id="getTotalRecordsReceiptDetail" resultClass="java.lang.String">
		select
		count(*) from ReceiptsDtl
		where N_REFNO = #N_REFNO#
	</select>

	<select id="searchReceiptsDetailByBatch" resultClass="java.util.HashMap">
		SELECT
		C_INVOICENO, C_TYPE
		from RECEIPTSDTL
		WHERE N_REFNO IN $N_REFNO$
	</select>

	<update id="updateReceiptsDetailAmt" parameterClass="java.util.Map">

		update
		RECEIPTSDTL
		set
		N_RECEIPTAMT = #N_RECEIPTAMT#
		where N_REFNO = #N_REFNO#
		and N_INVNO = #N_INVNO#
	</update>

	<select id="getTotalReceiptAmount" resultClass="java.lang.String">
		select
		sum(n_receiptamt) as totalReceipt
		from (SELECT rd1.N_REFNO,
		rd1.N_RECEIPTAMT
		from RECEIPTSDTL rd1
		left join
		(select sum(n_receiptamt)
		as totalCollected, n_invno from receiptsdtl
		inner join receiptshdr on
		receiptsdtl.n_refno = receiptshdr.n_refno
		where receiptshdr.c_status in
		('1', '2')
		group by receiptsdtl.c_invoiceno, receiptsdtl.n_invno
		)rd
		on
		rd.n_invno = rd1.n_invno
		WHERE rd1.N_REFNO = #N_REFNO#
		group by
		rd1.N_REFNO, rd1.C_INVOICENO, rd1.n_receiptamt, rd.totalCollected)
		dtble
	</select>

	<select id="getTotalReceiptAmountWithCN" resultClass="java.lang.String">
		select
		(totalReceipt + n_opAmt + cnAmount) as totalReceipt from (select
		sum(n_receiptamt) as totalReceipt, receipts.n_opamt, cn.cnAmount from
		(SELECT rd1.N_REFNO,
		rd1.N_RECEIPTAMT
		from RECEIPTSDTL rd1
		left join
		(select sum(n_receiptamt) as totalCollected, n_invno from receiptsdtl
		inner join receiptshdr
		on receiptsdtl.n_refno = receiptshdr.n_refno
		where receiptshdr.c_status in ('1', '2')
		group by
		receiptsdtl.c_invoiceno, receiptsdtl.n_invno)rd
		on rd.n_invno =
		rd1.n_invno
		WHERE rd1.N_REFNO = #N_REFNO#
		group by
		rd1.N_REFNO,
		rd1.C_INVOICENO, rd1.n_receiptamt, rd.totalCollected) dtble
		cross join
		(select n_opamt from receiptshdr where n_refno = #N_REFNO#)receipts
		cross join
		(select Isnull(sum(n_amount),0) as cnAmount from creditnote
		where c_receiptno = #N_REFNO#
		and c_status in ('1', '2'))cn
		group by
		receipts.n_opamt, cn.cnAmount) totalReceiptWCN
	</select>

	<insert id="receiptsDetailFromTransaction">
		<iterate property="invoices">
			INSERT INTO ReceiptsDtl
			(
			C_BRANCHCODE
			,N_REFNO
			,C_INVOICENO
			,D_INVOICEDATE
			,N_AMTINV
			,N_RECEIPTAMT
			,C_TYPE
			,N_INVNO)
			VALUES
			(
			#invoices[].C_BRANCHCODE#
			,#N_REFNO#
			,#invoices[].C_INVOICENO#
			,#invoices[].D_INVOICEDATE#
			,#invoices[].N_INVOICEAMT#
			,#invoices[].N_COLLECTED#
			,0
			,#invoices[].N_INVNO#)
		</iterate>
	</insert>

	<select id="getLastPaymentAmount" parameterClass="java.util.Map"
		resultClass="java.lang.Double">
		select isnull((select top 1 (rd.n_receiptamt) from
		ReceiptsDtl rd left join
		ReceiptsHdr rh
		on rd.N_REFNO = rh.N_REFNO
		where
		D_TRANSACTIONDATE &lt;= #asOfDate#
		and c_Clntcode = #clntcode# order by
		rh.N_REFNO desc),0)
	</select>

</sqlMap>
