<?xml version="1.0" encoding="UTF-8" ?>
<!DOCTYPE sqlMap PUBLIC "-//ibatis.apache.org//DTD SQL Map 2.0//EN"	"http://ibatis.apache.org/dtd/sql-map-2.dtd">

<sqlMap namespace="Factors">

	<select id="searchRefund" resultClass="java.util.HashMap">
		SELECT
		a.*,
		CASE a.C_STATUS WHEN '1' THEN 'Pending' WHEN '2' THEN
		'Approved' WHEN '3'
		THEN 'Cancelled' WHEN '4' THEN 'Applied To Invoice'
		END AS STATUSDESC,
		CASE a.C_TYPE WHEN '1' THEN 'Refund' WHEN '2' THEN
		'Refund with
		overpayment' WHEN '3' THEN 'Unfactored Invoice' WHEN '4'
		THEN
		'Previously CN' END AS TYPEDESC,
		a.N_DCREVERSAL,
		(SELECT C_NAME FROM
		dbCIF.dbo.Client WHERE C_BRANCHCODE = a.C_BRANCHCODE AND
		C_CLNTCODE =
		a.C_CLNTCODE) AS C_NAME
		FROM (
		SELECT
		C_BRANCHCODE,
		N_REFNO,
		CONVERT(nvarchar, D_TRANSACTIONDATE, 101) AS D_TRANSACTIONDATE,
		C_CLNTCODE,
		N_COMPUTEDAMT,
		N_REFAMT,
		N_DISCCHG,
		N_DISCCHGCD,
		C_STATUS,
		C_TYPE,
		C_RCPTREFNO,
		N_INELIGIBLEREC,
		N_DCR,
		N_PENALTYCHG,
		N_PDINTEREST,
		N_DCREVERSAL,
		case when B_CLNTRELEASE=1 then 1 else 0 end as
		B_CLNTRELEASE,
		ROW_NUMBER() OVER(ORDER BY
		convert(smalldatetime,n_REFNO) desc) AS rn
		FROM Refund
		WHERE
		C_BRANCHCODE = #C_BRANCHCODE#
		<isNotEmpty property="clfilter" prepend="And">
			<!-- from '$clfilter$%' to #clfilter#+'%' by Cherrie garcia 10/06/15 -->
			C_CLNTCODE IN (SELECT C_CLNTCODE FROM CC WHERE C_NAME LIKE
			#clfilter#+'%')
		</isNotEmpty>
		<isNotEmpty property="cufilter" prepend="And">
			<!-- from '$cufilter$%' to #cufilter#+'%' by Cherrie garcia 10/06/15 -->
			C_CUSTCODE IN (SELECT C_CUSTCODE FROM CC WHERE C_CUSTNAME LIKE
			#cufilter#+'%')
		</isNotEmpty>
		<isNotEmpty property="stfilter" prepend="And">
			C_STATUS =
			#stfilter#
		</isNotEmpty>
		)a
		WHERE (a.rn BETWEEN #start# AND #end#)
		ORDER BY N_REFNO DESC

		<!-- SELECT a.*, CASE a.C_STATUS WHEN '1' THEN 'Pending' WHEN '2' THEN 
			'Approved' WHEN '3' THEN 'Cancelled' WHEN '4' THEN 'Applied To Invoice' END 
			AS STATUSDESC, CASE a.C_TYPE WHEN '1' THEN 'Refund' WHEN '2' THEN 'Refund 
			with overpayment' WHEN '3' THEN 'Unfactored Invoice' WHEN '4' THEN 'Previously 
			CN' END AS TYPEDESC, a.N_DCREVERSAL, (SELECT C_NAME FROM dbCIF.dbo.Client 
			WHERE C_BRANCHCODE = a.C_BRANCHCODE AND C_CLNTCODE = a.C_CLNTCODE) AS C_NAME 
			FROM (SELECT COUNT(*) AS rn, a.C_BRANCHCODE, a.N_REFNO, CONVERT(nvarchar, 
			a.D_TRANSACTIONDATE, 101) AS D_TRANSACTIONDATE, a.C_CLNTCODE, a.N_COMPUTEDAMT, 
			a.N_REFAMT, a.N_DISCCHG, a.N_DISCCHGCD, a.C_STATUS, a.C_TYPE, a.C_RCPTREFNO, 
			a.N_INELIGIBLEREC, a.N_DCR, a.B_CLNTRELEASE,a.N_PENALTYCHG ,a.N_PDINTEREST,a.N_DCREVERSAL 
			FROM (SELECT C_BRANCHCODE, N_REFNO, D_TRANSACTIONDATE, C_CLNTCODE, N_COMPUTEDAMT, 
			N_REFAMT, N_DISCCHG, N_DISCCHGCD, C_STATUS, C_TYPE, C_RCPTREFNO, N_INELIGIBLEREC, 
			N_DCR, N_PENALTYCHG,N_PDINTEREST,N_DCREVERSAL, case when B_CLNTRELEASE=1 
			then 1 else 0 end as B_CLNTRELEASE FROM Refund WHERE C_BRANCHCODE = #C_BRANCHCODE# 
			<isNotEmpty property="clfilter" prepend="And"> C_CLNTCODE IN (SELECT C_CLNTCODE 
			FROM CC WHERE C_NAME LIKE '$clfilter$%') </isNotEmpty> <isNotEmpty property="cufilter" 
			prepend="And"> C_CUSTCODE IN (SELECT C_CUSTCODE FROM CC WHERE C_CUSTNAME 
			LIKE '$cufilter$%') </isNotEmpty> <isNotEmpty property="stfilter" prepend="And"> 
			C_STATUS = #stfilter# </isNotEmpty> ) a INNER JOIN Refund b ON a.N_REFNO 
			&lt;= b.N_REFNO AND b.C_BRANCHCODE = #C_BRANCHCODE# <isNotEmpty property="clfilter" 
			prepend="And"> b.C_CLNTCODE IN (SELECT C_CLNTCODE FROM CC WHERE C_NAME LIKE 
			'$clfilter$%') </isNotEmpty> <isNotEmpty property="cufilter" prepend="And"> 
			C_CUSTCODE IN (SELECT C_CUSTCODE FROM CC WHERE C_CUSTNAME LIKE '$cufilter$%') 
			</isNotEmpty> <isNotEmpty property="stfilter" prepend="And"> b.C_STATUS = 
			#stfilter# </isNotEmpty> GROUP BY a.C_BRANCHCODE, a.N_REFNO, a.D_TRANSACTIONDATE, 
			a.C_CLNTCODE, a.N_COMPUTEDAMT, a.N_REFAMT, a.N_DISCCHG, a.N_DISCCHGCD, a.C_STATUS, 
			a.C_TYPE, a.C_RCPTREFNO, a.N_INELIGIBLEREC, a.N_DCR, a.B_CLNTRELEASE,a.N_PDINTEREST,a.N_PENALTYCHG,a.N_DCREVERSAL) 
			a WHERE (rn BETWEEN #start# AND #end#) -->
	</select>

	<select id="getTotalRecordsRefund" resultClass="java.lang.String"
		parameterClass="java.util.Map">
		select count(*) from Refund where C_BRANCHCODE = #C_BRANCHCODE#
		<isNotEmpty property="clfilter" prepend="And">
			<!-- from '$clfilter$%' to #clfilter#+'%' by Cherrie garcia 10/06/15 -->
			C_CLNTCODE IN (SELECT C_CLNTCODE FROM CC WHERE C_NAME LIKE
			#clfilter#+'%')
		</isNotEmpty>
		<isNotEmpty property="cufilter" prepend="And">
			<!-- from '$cufilter$%' to #cufilter#+'%' by Cherrie garcia 10/06/15 -->
			C_CUSTCODE IN (SELECT C_CUSTCODE FROM CC WHERE C_CUSTNAME LIKE
			#cufilter#+'%')
		</isNotEmpty>
		<isNotEmpty property="stfilter" prepend="And">
			C_STATUS =
			#stfilter#
		</isNotEmpty>
	</select>

	<select id="getTotalRecordsReceipts" resultClass="java.lang.String"
		parameterClass="java.util.Map">
		select count(*) from ReceiptsHdr where C_BRANCHCODE =
		#C_BRANCHCODE#
		and
		C_CLNTCODE = #C_CLNTCODE#
		and
		C_RECEIPTTYPE IN ('1',
		'2')
		and
		C_STATUS IN ('2')
	</select>

	<select id="searchReceipts" resultClass="java.util.HashMap"
		parameterClass="java.util.Map">
		SELECT
		D_TRANSACTIONDATE=CONVERT(nvarchar,ReceiptsHdr.D_TRANSACTIONDATE,101),
		D_CHECKDATE=CONVERT(nvarchar,ReceiptsHdr.D_CHECKDATE,101),
		Customer.C_CUSTNAME, ReceiptsHdr.C_CHECKNO, Bank.C_BANKNAME,
		ReceiptsHdr.N_AMOUNT, CASE ReceiptsHdr.C_STATUS WHEN '1' THEN 'For
		Clearing' WHEN '2' THEN 'Cleared' END AS C_STATUS,
		ReceiptsHdr.N_REFNO
		FROM ReceiptsHdr INNER JOIN
		dbCIF.dbo.Client ON
		ReceiptsHdr.C_BRANCHCODE = dbCIF.dbo.Client.C_BRANCHCODE AND
		ReceiptsHdr.C_CLNTCODE = dbCIF.dbo.Client.C_CLNTCODE INNER JOIN
		Customer ON ReceiptsHdr.C_BRANCHCODE = Customer.C_BRANCHCODE AND
		ReceiptsHdr.C_CUSTCODE = Customer.C_CUSTCODE LEFT OUTER JOIN
		Bank ON
		ReceiptsHdr.C_BANKCODE = Bank.C_BANKCODE
		WHERE
		(ReceiptsHdr.C_RECEIPTTYPE IN ('1', '2')) AND (ReceiptsHdr.C_STATUS IN
		('2')) AND (ReceiptsHdr.C_BRANCHCODE = #C_BRANCHCODE#) AND
		(dbCIF.dbo.Client.C_NAME = #C_NAME#) AND N_REFUNDREFNO IS NULL
		ORDER BY
		Customer.C_CUSTNAME, ReceiptsHdr.D_TRANSACTIONDATE
	</select>

	<select id="getRefund" resultClass="java.util.HashMap" 
		parameterClass="java.util.Map">
		SELECT round(SUM(N_RECEIPTAMT * N_ADVANCEDRATIO),2) AS N_RECEIPTAMT,
		round(SUM(N_AMOUNT * (1 - N_ADVANCEDRATIO)),2) AS N_CNAMT,
		SUM(N_PENALTYCHG) N_PENALTYCHG2,
		SUM(N_DISCCHG) N_DISCCHG2,
		SUM(ISNULL(N_UnfactoredServiceCharge,0))*N_USCR
		N_UnfactoredServiceCharge2,
		0 AS N_DCCD,
		dbo.GetRefund(C_CLNTCODE,
		(select [currentdate] FROM
		[factorsGetDate]))-SUM(ISNULL(N_PENALTYCHG,0))-SUM(ISNULL(N_DISCCHG,0))-(SUM(ISNULL(N_UnfactoredServiceCharge,0))*N_USCR
		) AS N_COMPUTED, N_INELIGIBLEREC AS N_INELIGIBLEADV, <!--before:getdate() -->
		dbo.GetProceedsDC(C_CLNTCODE, (select [currentdate] FROM
		[factorsGetDate])) AS N_DCR, SUM(N_OPAMT) AS N_OPAMT, <!--before:getdate() -->
		isNull(N_PenaltyCharge,0) as N_PenaltyCharge,
		isNull(N_PastDue,0) as
		N_PastDue,N_DCREVERSAL
		FROM (
		select N_CASHDELAY,
		N_PENALTYCHG,
		N_DISCCHG,
		N_PenaltyCharge = (select round(sum(N_PENALTYAMOUNT),2) from
		dbo.penChargeStat34(#C_CLNTCODE#,#C_BRANCHCODE#,'PC',#asOfDate#)),
		N_PastDue = (select round(sum(N_PENALTYAMOUNT),2) from
		dbo.penChargeStat34(#C_CLNTCODE#,#C_BRANCHCODE#,'PDI',#asOfDate#)),
		
		N_UnfactoredServiceCharge = (select SUM(ISNULL((case when rdo.is_net = 1 then rdo.N_Amount   
			else rdo.N_Amount*(ISNULL(c.N_USCR/100,0.00))end),0.00))
	 		FROM   ReceiptsDtlOther rdo  
	 		 INNER JOIN   ReceiptsHdr rh on rh.N_REFNO = rdo.N_RefNo   
			 INNER JOIN   dbcif..client c on   c.C_CLNTCODE = rh.C_CLNTCODE where rdo.n_refno = ReceiptsHdr.n_refno 
	 		and   charge_type =2 ),
		<!--  (SELECT SUM(ISNULL(N_AMOUNT,0)) FROM
		receiptsdtlother WHERE n_refno= ReceiptsHdr.n_refno),-->
		<!-- changed CVG 08292018  -->
		<!--N_USCR = (case (select top 1 is_net from ReceiptsDtlOther where N_RefNo=ReceiptsHdr.n_refno )
				when 0 then ((SELECT ISNULL(N_USCR,0) FROM dbcif..client WHERE C_CLNTCODE =	ReceiptsHdr.C_CLNTCODE)/100) 
				when 1 then 1 else ((SELECT ISNULL(N_USCR,0) FROM dbcif..client WHERE C_CLNTCODE =	ReceiptsHdr.C_CLNTCODE)/100) end ),
		  N_USCR = (SELECT
		ISNULL(N_USCR,0) FROM dbcif..client WHERE C_CLNTCODE =
		ReceiptsHdr.C_CLNTCODE)/100,-->
		N_USCR =1,
		N_OPAMT,
		n_refno,
		C_CLNTCODE,
		N_DCREVERSAL =
		(select dbo.getdcreversal(#C_BRANCHCODE#,#C_CLNTCODE#,(select
		[currentdate] FROM [factorsGetDate]))), <!--before:getdate() -->
		N_ADVANCEDRATIO=(SELECT (100-N_ADVANCEDRATIO)/100 FROM
		dbCIF.dbo.Client where C_CLNTCODE=ReceiptsHdr.C_CLNTCODE),
		BLRDCR=(SELECT dbo.GetBLR(C_CLNTCODE, (select [currentdate] FROM
		[factorsGetDate])) + N_DCR / 100 FROM dbCIF.dbo.Client where
		C_CLNTCODE=ReceiptsHdr.C_CLNTCODE), <!--before:getdate() -->
		N_INELIGIBLEREC=(select sum(n_ineligiblerec) from advances where
		c_clntcode=ReceiptsHdr.C_CLNTCODE and c_type='1' and c_status='2' and
		b_released=0),
		N_RECEIPTAMT=(SELECT sum(N_RECEIPTAMT) from ReceiptsDtl
		where
		N_REFNO=ReceiptsHdr.N_REFNO),
		N_AMOUNT=(select sum(N_AMOUNT) from
		CreditNote where cast(c_receiptno as
		numeric)=ReceiptsHdr.N_REFNO)
		from
		ReceiptsHdr where n_refno in (select n_refno from ReceiptsHdr where
		C_CLNTCODE = #C_CLNTCODE# and C_STATUS='2' AND C_RECEIPTTYPE IN ('1',
		'2')))a
		GROUP BY C_CLNTCODE, N_ADVANCEDRATIO,
		N_INELIGIBLEREC,N_PenaltyCharge,N_PastDue,N_DCREVERSAL,N_USCR
		<!-- SELECT round(SUM(N_RECEIPTAMT * N_ADVANCEDRATIO),2) AS N_RECEIPTAMT, 
			round(SUM(N_AMOUNT * (1 - N_ADVANCEDRATIO)),2) AS N_CNAMT, 0 AS N_DCCD, dbo.GetRefund(C_CLNTCODE, 
			GETDATE()) AS N_COMPUTED, N_INELIGIBLEREC AS N_INELIGIBLEADV, dbo.GetRefundDC(C_CLNTCODE, 
			GETDATE()) AS N_DCR, SUM(N_OPAMT) AS N_OPAMT FROM ( select N_CASHDELAY, N_OPAMT, 
			n_refno, C_CLNTCODE, N_ADVANCEDRATIO=(SELECT (100-N_ADVANCEDRATIO)/100 FROM 
			dbCIF.dbo.Client where C_CLNTCODE=ReceiptsHdr.C_CLNTCODE), BLRDCR=(SELECT 
			dbo.GetBLR(C_CLNTCODE, GETDATE()) + N_DCR / 100 FROM dbCIF.dbo.Client where 
			C_CLNTCODE=ReceiptsHdr.C_CLNTCODE), N_INELIGIBLEREC=(select sum(n_ineligiblerec) 
			from advances where c_clntcode=ReceiptsHdr.C_CLNTCODE and c_type='1' and 
			c_status='2' and b_released=0), N_RECEIPTAMT=(SELECT sum(N_RECEIPTAMT) from 
			ReceiptsDtl where N_REFNO=ReceiptsHdr.N_REFNO), N_AMOUNT=(select sum(N_AMOUNT) 
			from CreditNote where cast(c_receiptno as numeric)=ReceiptsHdr.N_REFNO) from 
			ReceiptsHdr where n_refno in (select n_refno from ReceiptsHdr where C_CLNTCODE 
			= #C_CLNTCODE# and C_STATUS='2' AND C_RECEIPTTYPE IN ('1', '2')))a GROUP 
			BY C_CLNTCODE, N_ADVANCEDRATIO, N_INELIGIBLEREC -->
	</select>

	<statement id="addRefund" parameterClass="java.util.Map">
		insert into Refund
		(C_BRANCHCODE, D_TRANSACTIONDATE, C_CLNTCODE,
		N_COMPUTEDAMT, N_REFAMT,
		N_DISCCHG, C_STATUS, C_TYPE, C_RCPTREFNO,
		N_DISCCHGCD, N_INELIGIBLEREC,
		N_DCR,C_MAKER,B_CLNTRELEASE,N_PENALTYCHG,N_PDINTEREST,N_DCREVERSAL,N_USCHG)
		values (#C_BRANCHCODE#,convert(nvarchar,(select [currentdate] FROM
		[factorsGetDate]),101),#C_CLNTCODE#,#N_COMPUTEDAMT#,
		#N_REFAMT#,#N_DISCCHG#,'1',#C_TYPE#,#C_RCPTREFNO#,#N_DISCCHGCD#,#N_INELIGIBLEREC#,#N_DCR#,#C_USERID#,#B_CLNTRELEASE#,#N_PENALTYCHARGE#,#N_PDINTEREST#,#N_DCREVERSAL#,#N_USCHG#)
	</statement>

	<insert id="addDiscDtlRef" parameterClass="java.util.Map">
		insert into DISCDTL
		(n_reference,c_type,n_advancerefno,n_discchg,d_transactiondate)
		select
		n_invno,'R',#N_REFNO#,N_DISCCHG,D_TRANSACTIONDATE
		from InvoiceAmt
		where
		c_clntcode=#C_CLNTCODE#
	</insert>

	<statement id="editRefund" parameterClass="java.util.Map">
		update Refund set
		N_REFAMT=#N_REFAMT#,B_CLNTRELEASE=#B_CLNTRELEASE#
		WHERE
		N_REFNO=#N_REFNO#
	</statement>

	<statement id="updateRefundStatus" parameterClass="java.util.Map">
		update
		Refund set C_STATUS=#C_STATUS#,C_APPROVER=#C_USERID# WHERE
		N_REFNO=#N_REFNO#
	</statement>

	<select id="searchRefundAmountByRefNo" parameterClass="java.util.Map"
		resultClass="java.lang.String">
		select N_REFAMT from refund
		where N_REFNO = #N_REFNO#
	</select>

	<select id="getInvoices" resultClass="java.lang.String">
		SELECT DISTINCT(n_refno)
		FROM receiptsdtl WHERE n_refno IN(SELECT n_refno FROM receiptshdr
		WHERE N_REFUNDREFNO IS NULL AND C_STATUS='2' AND c_receipttype
		&#60;&#62; '3' AND C_CLNTCODE= #C_CLNTCODE#)
	</select>

	<select id="getRefundInfo" resultClass="java.util.HashMap">
		SELECT *
		,dbo.GetProceedsDC(c_clntcode,(select [currentdate] FROM
		[factorsGetDate])) as Interest
		,Penalty = N_PENALTYCHG
		,PD_INTEREST =
		N_PDINTEREST
		,N_DCREVERSAL
		,ISNULL(N_USCHG,0.00) N_USCHG
		from refund
		where n_refno=#N_REFNO#
	</select>

	<select id="getRefundCN" resultClass="java.lang.String">
		select convert
		(nvarchar,CN.N_REFNO)+','+ convert(nvarchar,CN.N_AMOUNT) from
		receiptshdr RH
		INNER JOIN CREDITNOTE CN ON RH.N_REFNO=CN.C_RECEIPTNO
		INNER JOIN DBCIF..CLIENT C ON RH.C_CLNTCODE=C.C_CLNTCODE
		WHERE
		N_REFUNDREFNO
		IS NULL AND RH.C_STATUS='2' and c_receipttype
		&#60;&#62;'3' and
		RH.C_CLNTCODE= #C_CLNTCODE#


	</select>

	<select id="getClientsEquity" resultClass="java.lang.Double">
		<!-- SELECT ISNULL((ISNULL(SUM(equity),0)+ISNULL(sum(CN),0)),0) FROM ( 
			SELECT DISTINCT(n_invno),rh.n_refno, cn.n_amount*((100-c.n_advancedratio)/100) 
			as CN,N_RECEIPTAMT,round(N_RECEIPTAMT*((100-c.n_advancedratio)/100),2) AS 
			equity FROM receiptshdr rh INNER JOIN receiptsdtl rd on rd.n_refno=rh.n_refno 
			INNER JOIN dbcif..client c on c.c_clntcode = rh.c_clntcode LEFT OUTER JOIN 
			creditnote cn on cn.c_receiptno=rh.n_refno AND rd.c_invoiceno =cn.c_invoiceno 
			WHERE rh.C_CLNTCODE =#C_CLNTCODE# AND rh.C_STATUS='2' AND rh.C_RECEIPTTYPE 
			IN ('1', '2') AND N_REFUNDREFNO is NULL GROUP BY n_invno,N_RECEIPTAMT,N_ADVANCEDRATIO,cn.n_amount,rh.n_refno)q1 -->
		SELECT ISNULL(round(SUM(N_RECEIPTAMT * N_ADVANCEDRATIO),2),0.00)
		+
		ISNULL(round(SUM(N_AMOUNT * (N_ADVANCEDRATIO)),2),0.00)
		+
		ISNULL(SUM(N_OPAMT),0.00)
		+ ISNULL(round(SUM(Amount * (
		N_ADVANCEDRATIO)),2),0.00)
		FROM
		(SELECT N_OPAMT,
		n_refno,
		C_CLNTCODE,
		N_ADVANCEDRATIO=(SELECT (100-N_ADVANCEDRATIO)/100 FROM
		dbCIF.dbo.Client where
		C_CLNTCODE=ReceiptsHdr.C_CLNTCODE),
		N_RECEIPTAMT=(SELECT sum(N_RECEIPTAMT) from ReceiptsDtl where
		N_REFNO=ReceiptsHdr.N_REFNO
		AND C_RECEIPTTYPE IN ('1', '2')),
		N_AMOUNT=(select sum(N_AMOUNT) from CreditNote where cast(c_receiptno
		as
		numeric)=ReceiptsHdr.N_REFNO),
		Amount = (SELECT sum(N_RECEIPTAMT)
		from ReceiptsDtl where
		N_REFNO=ReceiptsHdr.N_REFNO AND C_RECEIPTTYPE IN
		('3', '4'))
		FROM
		ReceiptsHdr
		WHERE
		n_refno in (select n_refno from
		ReceiptsHdr where C_CLNTCODE = #C_CLNTCODE#
		and C_STATUS='2' AND
		C_RECEIPTTYPE IN ('1', '2','3','4'))
		)a
		GROUP BY C_CLNTCODE,
		N_ADVANCEDRATIO
	</select>

	<select id="getCEOverpayment" resultClass="java.lang.Double">
		SELECT
		ISNULL(SUM(equity),0)FROM (
		SELECT n_opamt as equity
		FROM receiptshdr rh
		INNER JOIN dbcif..client c on c.c_clntcode = rh.c_clntcode
		WHERE
		rh.C_CLNTCODE =#C_CLNTCODE#
		AND rh.C_STATUS='2'
		AND rh.C_RECEIPTTYPE IN
		('1', '2')
		AND N_REFUNDREFNO is NULL
		)q1
	</select>

	<select id="getClientsEquityCharges" resultClass="java.lang.Double">
		SELECT
		SUM(N_PENALTYCHG)+ SUM(N_DISCCHG)
		FROM receiptshdr rh
		INNER JOIN
		dbcif..client c on c.c_clntcode = rh.c_clntcode
		WHERE
		rh.C_CLNTCODE
		=#C_CLNTCODE#
		AND rh.C_STATUS='2'
		AND rh.C_RECEIPTTYPE IN ('1', '2')
		AND
		N_REFUNDREFNO is NULL

	</select>


	<select id="transactionRateRef" resultClass="java.util.HashMap">
		<!-- select D_TransactionDate -->
		<!-- ,C_CLNTCODE as C_ClientCode -->
		<!-- ,N_RefNo -->
		<!-- ,'R' as C_Type -->
		<!-- ,n_discchg AS N_DiscountCharge -->
		<!-- ,dbo.getBLR(#C_CLNTCODE#,getdate())as N_BaseLendingRate -->
		<!-- ,n_svcchg As N_ServiceCharge -->
		<!-- ,ISNULL((select sum(N_PENALTYAMOUNT)from dbo.PenCharge(#C_CLNTCODE#,'01','PC') 
			),0) AS N_PenaltyCharge -->
		<!-- from refund WHERE N_REFNO=#N_REFNO# -->

		select D_TransactionDate
		,ref.C_CLNTCODE as C_ClientCode
		,N_RefNo
		,'R' as
		C_Type
		,cli.N_DCR AS N_DiscountCharge
		,dbo.getBLR(#C_CLNTCODE#,(select
		[currentdate] FROM [factorsGetDate]))as N_BaseLendingRate <!--before: getDate() -->
		,cli.N_SCR As N_ServiceCharge
		,(select top 1 N_RATE from penaltyrate
		order by d_transactiondate desc) AS N_PenaltyCharge
		from refund ref
		INNER JOIN dbcif..client cli
		on cli.C_CLNTCODE=ref.C_CLNTCODE
		WHERE
		N_REFNO=#N_REFNO#
	</select>


	<procedure id="getRefundToClientReport" parameterClass="java.util.Map"
		resultClass="com.bdo.factor.beans.ReportField">
		{
		CALL
		sp_SCHEDULE_OF_REFUND(#branchCode#,#startDate#,#endDate#)
		}
	</procedure>

	<statement id="insertDiscountDetailRefund" parameterClass="java.util.Map">
		insert tempdiscdtl
		select
		discountCharge,'R',invoiceNo,#N_REFNO#,(select [currentdate] FROM
		[factorsGetDate]),fromDate,toDate,noOfDays
		from
		(select * from
		dbo.getDiscountCharge(#C_CLNTCODE#,#TODAY#))a

	</statement>

	<statement id="insertPenaltyDetailRefund" parameterClass="java.util.Map">
		insert temppenaltydetail
		select
		pc.n_penaltyamount,'R',#N_REFNO#,pc.N_INVNO,pc.N_INVOICEAMT,
		cc.n_dunning,cc.n_advancedratio,pc.fromDate,pc.toDate,pc.noOfDays,'PC',(select
		[currentdate] FROM [factorsGetDate]) from
		(select * from
		dbo.PenChargeStat34(#C_CLNTCODE#,'01','PC',#TODAY#))pc
		inner join cc on
		cc.c_clntcode=pc.c_clntcode and
		cc.c_custcode=pc.c_custcode

	</statement>

</sqlMap>
