<?xml version="1.0" encoding="UTF-8" ?>
<!DOCTYPE sqlMap PUBLIC "-//ibatis.apache.org//DTD SQL Map 2.0//EN"	"http://ibatis.apache.org/dtd/sql-map-2.dtd">

<sqlMap namespace="Factors">

	<select id="getClassReference" resultClass="com.bdo.factor.beans.ClassReference">
		SELECT
		ISNULL([CLASS_NAME],'') as CLASS_NAME
		,ISNULL([CLASS_DESC],'') as
		CLASS_DESC
		,ISNULL([URL],'') as URL
		FROM [ClassReference]
		WHERE
		class_name = #CLASS_NAME#
	</select>

	<select id="getModuleClass" resultClass="com.bdo.factor.beans.ModuleClass">
		SELECT
		ISNULL([MOD_NAME],0) as MOD_NAME
		, ISNULL([CLASS_NAME],0) as CLASS_NAME
		FROM [ModuleClass]
		WHERE mod_name = #MOD_NAME# and class_name =
		#CLASS_NAME#
	</select>

	<select id="getModuleReference" resultClass="com.bdo.factor.beans.ModuleReference">
		SELECT
		ISNULL([MOD_NAME],'') as MOD_NAME
		,ISNULL([MOD_DESC],'') as MOD_DESC
		,ISNULL([PARENT_MOD_NAME],'') as PARENT_MOD_NAME
		,ISNULL([CLASS_ORDER],0) as CLASS_ORDER
		,ISNULL([SUB_ORDER],0) as
		SUB_ORDER
		FROM [ModuleReference]
		WHERE mod_name = #MOD_NAME#
	</select>

	<select id="getRoleModule" resultClass="com.bdo.factor.beans.RoleModule">
		SELECT ISNULL([ROLE],'')
		as ROLE
		,ISNULL([MOD_NAME],'')as MOD_NAME
		FROM [RoleModule]
		WHERE role =
		#ROLE# and mod_name=#MOD_NAME#
	</select>

	<select id="getRoleReference" resultClass="com.bdo.factor.beans.RoleReference">
		SELECT [ROLE]
		,[ROLE_DESC]
		FROM [RoleReference]
		WHERE role = #ROLE#
	</select>

	<select id="searchClasses" resultClass="java.util.HashMap">
		<!-- SELECT *,CLASS_NAME AS CLASS_NAME_ORIG FROM (SELECT *,(SELECT COUNT(*) 
			FROM CLASSREFERENCE a2 WHERE a2.CLASS_NAME &lt;= a.CLASS_NAME) as rn from 
			CLASSREFERENCE a) DERIVEDTBL WHERE rn BETWEEN #start# AND #end# -->
		SELECT * from(
		SELECT ROW_NUMBER() over (order by class_name) as
		rn,CLASS_NAME,CLASS_DESC,ISNULL(URL,'') AS URL,CLASS_NAME AS
		CLASS_NAME_ORIG FROM CLASSREFERENCE)q1
		where rn between #start# and
		#end#
		<!-- <dynamic prepend = "ORDER BY"> <isNotEmpty property="sortField" prepend="ORDER 
			BY"> $sortField$ $orderField$ </isNotEmpty> </dynamic> -->
	</select>

	<select id="searchClassesByCode" resultClass="java.util.ArrayList">
		SELECT * FROM
		CLASSREFERENCE
		WHERE CLASS_NAME = #CLASS_NAME#
	</select>

	<select id="getTotalRecordsClasses" resultClass="java.lang.String">
		SELECT count(*)
		FROM CLASSREFERENCE
	</select>

	<select id="getTotalRecordsModuleClasses" resultClass="java.lang.String">
		SELECT
		count(*) FROM (SELECT DISTINCT (CASE WHEN cr.CLASS_NAME IN (SELECT
		CLASS_NAME FROM MODULECLASS) THEN '1' ELSE '0' END) AS CHK_STATUS,
		(CASE WHEN cr.CLASS_NAME IN (SELECT CLASS_NAME FROM MODULECLASS) THEN
		'1' ELSE '0' END) AS CHK_STATUS_ORIG, cr.CLASS_NAME, cr.CLASS_NAME AS
		CLASS_NAME_ORIG, cr.CLASS_DESC, mc.MOD_NAME, mc.MOD_NAME AS
		MOD_NAME_ORIG, RTRIM(mc.MOD_NAME) + ' - ' + mc.MOD_DESC as MOD_DESC
		FROM CLASSREFERENCE cr LEFT JOIN (SELECT CM.MOD_NAME, CLASS_NAME,
		MOD_DESC FROM MODULECLASS CM INNER JOIN MODULEREFERENCE RM ON
		CM.MOD_NAME = RM.MOD_NAME) mc ON cr.CLASS_NAME=mc.CLASS_NAME UNION
		SELECT '0' AS CHK_STATUS, '0' AS CHK_STATUS_ORIG, CLASS_NAME,
		CLASS_NAME AS CLASS_NAME_ORIG, CLASS_DESC, '' AS MOD_NAME, '' AS
		MOD_NAME_ORIG, '' AS MOD_DESC FROM CLASSREFERENCE)q1
	</select>

	<update id="addClasses" parameterClass="java.util.Map">

		INSERT INTO
		CLASSREFERENCE (
		CLASS_NAME,
		CLASS_DESC,
		URL
		)
		VALUES (
		#CLASS_NAME#,
		#CLASS_DESC#,
		#URL#
		)

	</update>

	<update id="updateClasses" parameterClass="java.util.Map">

		UPDATE CLASSREFERENCE
		SET CLASS_DESC=#CLASS_DESC#,URL=#URL#
		WHERE CLASS_NAME =
		#CLASS_NAME_ORIG#

	</update>


	<select id="searchModules" resultClass="java.util.HashMap">
		<!-- SELECT *,MOD_NAME AS MOD_NAME_ORIG FROM (SELECT *,(SELECT COUNT(*) 
			FROM MODULEREFERENCE a2 WHERE a2.MOD_NAME &lt;= a.MOD_NAME) as rn from MODULEREFERENCE 
			a) DERIVEDTBL WHERE rn BETWEEN #start# AND #end# -->
		SELECT * FROM
		(SELECT ROW_NUMBER() over (order by mod_name) as
		rn,MOD_NAME,MOD_DESC,ISNULL(PARENT_MOD_NAME,'') AS
		PARENT_MOD_NAME,ISNULL(CLASS_ORDER,'0') AS CLASS_ORDER,
		ISNULL(SUB_ORDER,'0') AS SUB_ORDER, MOD_NAME AS MOD_NAME_ORIG FROM
		MODULEREFERENCE)q1
		where rn between #start# and #end#
		<!-- <dynamic prepend = "ORDER BY"> <isNotEmpty property="sortField" prepend="ORDER 
			BY"> $sortField$ $orderField$ </isNotEmpty> </dynamic> -->
	</select>

	<select id="searchAvailModule" resultClass="java.util.HashMap">
		SELECT DISTINCT
		MR.MOD_NAME, MR.MOD_DESC FROM MODULEREFERENCE MR, ROLEMODULE RM
		WHERE
		MR.MOD_NAME = RM.MOD_NAME
		AND RM.MOD_NAME NOT IN (SELECT MOD_NAME FROM
		ROLEMODULE WHERE ROLE =
		#ROLE1#)
	</select>

	<select id="searchAssignedModule" resultClass="java.util.HashMap">
		SELECT
		MR.MOD_NAME, MR.MOD_DESC FROM MODULEREFERENCE MR LEFT JOIN ROLEMODULE
		RM
		ON MR.MOD_NAME = RM.MOD_NAME
		WHERE RM.ROLE = #ROLE#
	</select>

	<select id="searchModulesByCode" resultClass="java.util.ArrayList">
		SELECT * FROM
		MODULEREFERENCE
		WHERE MOD_NAME = #MOD_NAME#
	</select>

	<select id="getTotalRecordsModules" resultClass="java.lang.String">
		SELECT COUNT(*)
		FROM MODULEREFERENCE
	</select>

	<update id="addModules" parameterClass="java.util.Map">

		INSERT INTO
		MODULEREFERENCE (
		MOD_NAME,
		MOD_DESC,
		PARENT_MOD_NAME,
		CLASS_ORDER,
		SUB_ORDER
		)
		VALUES (
		#MOD_NAME#,
		#MOD_DESC#,
		#PARENT_MOD_NAME#,
		#CLASS_ORDER#,
		#SUB_ORDER#
		)

	</update>

	<update id="updateModules" parameterClass="java.util.Map">

		UPDATE MODULEREFERENCE
		SET MOD_DESC=#MOD_DESC#, PARENT_MOD_NAME =
		#PARENT_MOD_NAME#,CLASS_ORDER=#CLASS_ORDER#, SUB_ORDER=#SUB_ORDER#
		WHERE MOD_NAME = #MOD_NAME_ORIG#

	</update>

	<select id="searchAvailClasses" resultClass="java.util.HashMap">
		SELECT * FROM
		CLASSREFERENCE WHERE CLASS_NAME NOT IN (SELECT DISTINCT MC.CLASS_NAME
		FROM MODULECLASS MC INNER JOIN CLASSREFERENCE CR
		ON MC.CLASS_NAME =
		CR.CLASS_NAME)
	</select>

	<select id="searchAssignedClasses" resultClass="java.util.HashMap">
		SELECT DISTINCT
		mc.CLASS_NAME, cr.CLASS_DESC FROM MODULECLASS mc INNER JOIN
		CLASSREFERENCE cr
		ON mc.CLASS_NAME = cr.CLASS_NAME
		WHERE mc.MOD_NAME =
		'TRAN' ORDER BY mc.CLASS_NAME
	</select>

	<select id="searchModuleClasses" resultClass="java.util.HashMap">
		SELECT *
		from(SELECT ROW_NUMBER() over(order by class_name) as rn,* FROM
		(SELECT DISTINCT (CASE WHEN cr.CLASS_NAME IN (SELECT CLASS_NAME FROM
		MODULECLASS) THEN '1' ELSE '0' END) AS CHK_STATUS,
		(CASE WHEN
		cr.CLASS_NAME IN (SELECT CLASS_NAME FROM MODULECLASS) THEN '1'
		ELSE '0'
		END) AS CHK_STATUS_ORIG,
		cr.CLASS_NAME, cr.CLASS_NAME AS
		CLASS_NAME_ORIG, cr.CLASS_DESC, mc.MOD_NAME,
		mc.MOD_NAME AS
		MOD_NAME_ORIG, RTRIM(mc.MOD_NAME) + ' - ' + mc.MOD_DESC
		as MOD_DESC
		FROM CLASSREFERENCE cr LEFT JOIN (SELECT CM.MOD_NAME,
		CLASS_NAME,
		MOD_DESC FROM MODULECLASS CM INNER JOIN MODULEREFERENCE RM
		ON
		CM.MOD_NAME = RM.MOD_NAME) mc
		ON cr.CLASS_NAME=mc.CLASS_NAME
		UNION
		SELECT '0' AS CHK_STATUS, '0' AS CHK_STATUS_ORIG, CLASS_NAME,
		CLASS_NAME AS CLASS_NAME_ORIG, CLASS_DESC, '' AS MOD_NAME,
		'' AS
		MOD_NAME_ORIG, '' AS MOD_DESC FROM CLASSREFERENCE)q1)q2
		where rn
		between #start# and #end#
	</select>

	<select id="searchModuleList" resultClass="java.util.HashMap">
		SELECT DISTINCT
		MOD_NAME,MOD_DESC FROM MODULEREFERENCE
	</select>

	<update id="addModuleClass" parameterClass="java.util.Map">

		INSERT INTO
		MODULECLASS (
		MOD_NAME,
		CLASS_NAME
		)
		VALUES (
		#MOD_NAME#,
		#CLASS_NAME#
		)

	</update>

	<update id="deleteModuleClass" parameterClass="java.util.HashMap">
		DELETE FROM
		MODULECLASS WHERE CLASS_NAME = #CLASS_NAME# AND MOD_NAME =
		#MOD_NAME_ORIG#
	</update>

	<update id="updateModuleClass" parameterClass="java.util.HashMap">
		UPDATE MODULECLASS
		SET MOD_NAME = #MOD_NAME# WHERE CLASS_NAME = #CLASS_NAME#
		AND MOD_NAME
		= #MOD_NAME_ORIG#
	</update>


	<select id="searchRole" resultClass="java.util.HashMap">
		SELECT *,ROLE AS ROLE_ORIG FROM (SELECT *,(SELECT COUNT(*) FROM
		ROLEREFERENCE a2 WHERE a2.ROLE &lt;= a.ROLE) as rn from ROLEREFERENCE
		a) DERIVEDTBL
		WHERE rn BETWEEN #start# AND #end#
		<dynamic prepend="ORDER BY">
			<isNotEmpty property="sortField" prepend="ORDER BY">
				<!-- from $sortField$ $orderField$ to #sortField# #orderField# by Cherrie 
					garcia 10/06/15 -->
				$sortField$ $orderField$
			</isNotEmpty>
		</dynamic>
	</select>

	<select id="searchRoleByCode" resultClass="java.util.ArrayList">
		SELECT * FROM
		ROLEREFERENCE
		WHERE ROLE = #ROLE#
	</select>

	<select id="getTotalRecordsRole" resultClass="java.lang.String">
		SELECT COUNT(*)
		FROM ROLEREFERENCE
	</select>

	<update id="addRole" parameterClass="java.util.Map">

		INSERT INTO ROLEREFERENCE (
		ROLE,
		ROLE_DESC
		)
		VALUES (
		#ROLE#,
		#ROLE_DESC#
		)

	</update>

	<update id="updateRole" parameterClass="java.util.Map">

		UPDATE ROLEREFERENCE
		SET
		ROLE_DESC=#ROLE_DESC#
		WHERE ROLE = #ROLE_ORIG#

	</update>


	<select id="searchRoleModule" resultClass="java.util.HashMap">
		SELECT * FROM (SELECT *, ROW_NUMBER() over (order by mod_name) as rn
		from(
		SELECT DISTINCT (CASE WHEN mr.MOD_NAME IN (SELECT MOD_NAME FROM
		ROLEMODULE WHERE ROLE = #ROLE#) THEN '1' ELSE '0' END) AS CHK_STATUS,
		(CASE WHEN mr.MOD_NAME IN (SELECT MOD_NAME FROM ROLEMODULE WHERE ROLE
		= #ROLE#) THEN '1' ELSE '0' END) AS CHK_STATUS_ORIG,
		mr.MOD_NAME,
		mr.MOD_NAME AS MOD_NAME_ORIG, mr.MOD_DESC
		FROM MODULEREFERENCE mr LEFT
		JOIN ROLEMODULE rm
		ON mr.MOD_NAME=rm.MOD_NAME)q1)q2 where rn between
		#start# and #end#
		<!-- <dynamic prepend = "ORDER BY"> <isNotEmpty property="sortField" prepend="ORDER 
			BY"> $sortField$ $orderField$ </isNotEmpty> </dynamic> -->

	</select>

	<select id="searchRoleList" resultClass="java.util.HashMap">
		SELECT * FROM
		ROLEREFERENCE
	</select>

	<update id="addRoleModule" parameterClass="java.util.Map">

		INSERT INTO ROLEMODULE
		(
		ROLE,
		MOD_NAME
		)
		VALUES (
		#ROLE#,
		#MOD_NAME#
		)

	</update>

	<update id="deleteRoleModule" parameterClass="java.util.HashMap">
		DELETE FROM
		ROLEMODULE WHERE MOD_NAME = #MOD_NAME# AND ROLE = #ROLE#
	</update>




	<select id="getRoleDependency" resultClass="java.lang.Integer">
		SELECT
		ISNULL(count(*),0) FROM rolemodule WHERE role=#role#
	</select>

	<delete id="deleteRole" parameterClass="java.lang.String">
		DELETE FROM rolereference
		WHERE role = #role#
	</delete>


	<select id="getModuleDependency" resultClass="java.lang.Integer">
		SELECT
		ISNULL(count(*),0) FROM rolemodule WHERE mod_name=#module#
	</select>

	<delete id="deleteModule" parameterClass="java.lang.String">
		DELETE FROM
		modulereference WHERE mod_name = #module#
	</delete>

	<select id="getClassReferenceDependency" resultClass="java.lang.Integer">
		SELECT
		ISNULL(count(*),0) FROM moduleclass WHERE class_name=#reference#
	</select>

	<delete id="deleteClassReferecene" parameterClass="java.lang.String">
		DELETE FROM
		classreference WHERE class_name = #classreference#
	</delete>

</sqlMap>