<?xml version="1.0" encoding="UTF-8" ?>
<!DOCTYPE sqlMap PUBLIC "-//ibatis.apache.org//DTD SQL Map 2.0//EN"	"http://ibatis.apache.org/dtd/sql-map-2.dtd">

<sqlMap namespace="ServiceOfficer">

	<select id="searchServiceOfficer" resultClass="java.util.HashMap">

		SELECT C_BRANCHCODE, C_SERVICEOFFICERCODE, C_SERVICEOFFICERCODE AS
		C_SERVICEOFFICERCODE_ORIG, C_NAME
		FROM (SELECT COUNT(*) AS rn,
		h1.C_BRANCHCODE, h1.C_SERVICEOFFICERCODE,
		h1.C_NAME
		FROM
		(SELECT
		C_BRANCHCODE, C_SERVICEOFFICERCODE, C_NAME,
		tblkey = (C_BRANCHCODE +
		C_SERVICEOFFICERCODE)
		FROM ServiceOfficer
		WHERE C_BRANCHCODE =
		#C_BRANCHCODE#
		)h1

		INNER JOIN ServiceOfficer h2
		ON h1.tblkey &lt;=
		(h2.C_BRANCHCODE + h2.C_SERVICEOFFICERCODE) AND
		h2.C_BRANCHCODE =
		#C_BRANCHCODE#
		GROUP BY h1.C_BRANCHCODE, h1.C_SERVICEOFFICERCODE,
		h1.C_NAME

		)DERIVEDTBL

		WHERE
		(rn BETWEEN #start# AND #end#)


		<!-- SELECT C_SERVICEOFFICERCODE, C_NAME, C_BRANCHCODE, C_SERVICEOFFICERCODE 
			as C_SERVICEOFFICERCODE_ORIG from -->
		<!-- (SELECT *,(SELECT count(*) from SERVICEOFFICER a2 where a2.C_SERVICEOFFICERCODE 
			&lt;= a.C_SERVICEOFFICERCODE) as rn from SERVICEOFFICER a) DERIVEDTBL -->
		<!-- where rn between #start# and #end# and C_BRANCHCODE = #C_BRANCHCODE# -->

	</select>

	<select id="searchServiceOfficerByCode" resultClass="java.util.ArrayList">
		SELECT *
		from SERVICEOFFICER
		where C_SERVICEOFFICERCODE =
		#C_SERVICEOFFICERCODE#
	</select>

	<insert id="addServiceOfficer" parameterClass="java.util.Map">

		insert into
		SERVICEOFFICER (
		C_SERVICEOFFICERCODE,
		C_NAME,
		C_BRANCHCODE
		)
		values (
		#C_SERVICEOFFICERCODE#,
		#C_NAME#,
		#C_BRANCHCODE#
		)

	</insert>


	<update id="updateServiceOfficer" parameterClass="java.util.Map">

		update
		SERVICEOFFICER
		set
		C_SERVICEOFFICERCODE=#C_SERVICEOFFICERCODE#,
		C_NAME=#C_NAME#,
		C_BRANCHCODE=#C_BRANCHCODE#

		where C_SERVICEOFFICERCODE
		= #C_SERVICEOFFICERCODE_ORIG#

	</update>


	<update id="deleteServiceOfficer" parameterClass="java.util.Map">
		delete from
		SERVICEOFFICER
		where C_SERVICEOFFICERCODE = #C_SERVICEOFFICERCODE#
	</update>

	<select id="getTotalRecordsServiceOfficer" resultClass="java.lang.String">
		select
		count(*) from SERVICEOFFICER
		WHERE C_BRANCHCODE = #C_BRANCHCODE#
	</select>

	<select id="searchServiceOfficerServiceAutoComplete"
		resultClass="java.util.HashMap">
		select C_NAME from SERVICEOFFICER
		<!-- <dynamic prepend="Where"> <isNotEmpty property="C_BRANCHCODE" prepend="And"> 
			C_BRANCHCODE = #C_BRANCHCODE# </isNotEmpty> <isNotEmpty property="q" prepend="And"> 
			C_INDNAME like '$q$%' </isNotEmpty> </dynamic> -->
	</select>


	<select id="searchServiceOfficerServiceResolveToCode"
		resultClass="java.lang.String">
		select C_SERVICEOFFICERCODE from SERVICEOFFICER
		where
		C_NAME = #C_SERVICEOFFICERCODE#
	</select>


	<select id="searchServiceOfficerServiceResolveToDesc"
		resultClass="java.lang.String">
		select C_NAME from SERVICEOFFICER
		where
		C_SERVICEOFFICERCODE = #C_SERVICEOFFICERCODE#
	</select>


</sqlMap>