<?xml version="1.0" encoding="UTF-8" ?>
<!DOCTYPE sqlMapConfig PUBLIC "-//ibatis.apache.org//DTD SQL Map Config 2.0//EN" "http://ibatis.apache.org/dtd/sql-map-config-2.dtd">



<sqlMapConfig>
	<sqlMap resource="xml-config/account-officer.xml" />
	<sqlMap resource="xml-config/bank.xml" />
	<sqlMap resource="xml-config/blr-file.xml" />
	<sqlMap resource="xml-config/checkType.xml" />
	<sqlMap resource="xml-config/cn.xml" />
	<sqlMap resource="xml-config/currency.xml" />
	<sqlMap resource="xml-config/group.xml" />
	<sqlMap resource="xml-config/holiday.xml" />
	<sqlMap resource="xml-config/industry.xml" />
	<sqlMap resource="xml-config/audit.xml" />
	<sqlMap resource="xml-config/customer.xml" />
	<sqlMap resource="xml-config/sOfficer.xml" />
	<sqlMap resource="xml-config/ccLink.xml" />
	<sqlMap resource="xml-config/invoice.xml" />
	<sqlMap resource="xml-config/user.xml" />
	<sqlMap resource="xml-config/branch.xml" />
	<sqlMap resource="xml-config/advances.xml" />
	<sqlMap resource="xml-config/refund.xml" />
	<sqlMap resource="xml-config/receiptsHeader.xml" />
	<sqlMap resource="xml-config/receiptsDtl.xml" />
	<sqlMap resource="xml-config/creditNote.xml" />
	<sqlMap resource="xml-config/adjustment-type.xml" />
	<sqlMap resource="xml-config/pdc.xml" />
	<sqlMap resource="xml-config/systemSettings.xml" />
	<sqlMap resource="xml-config/postDate.xml" />
	<sqlMap resource="xml-config/reports.xml" />
	<sqlMap resource="xml-config/ams.xml" />
	<sqlMap resource="xml-config/security.xml" />
	<sqlMap resource="xml-config/activityLog.xml" />
	<sqlMap resource="xml-config/docStamp.xml" />

	<sqlMap resource="xml-config/subLedger.xml" />
	<sqlMap resource="xml-config/PDO.xml" />
	<sqlMap resource="xml-config/ChartOfAccount.xml" />

	<sqlMap resource="xml-config/accountingMaintenance.xml" />

	<sqlMap resource="xml-config/reportSubledger.xml" />
	<sqlMap resource="xml-config/miscCode.xml" />

	<sqlMap resource="xml-config/actualDunning.xml" />
	<sqlMap resource="xml-config/factorsDate.xml" />

	<sqlMap resource="xml-config/receiptsDtlOther.xml" />

	<sqlMap resource="xml-config/blr.xml" />

	<sqlMap resource="xml-config/ChargeType.xml" />
	<sqlMap resource="xml-config/ldaps-configuration.xml" />
</sqlMapConfig>
