<?xml version="1.0" encoding="UTF-8" ?>
<!DOCTYPE sqlMap PUBLIC "-//ibatis.apache.org//DTD SQL Map 2.0//EN"	"http://ibatis.apache.org/dtd/sql-map-2.dtd">

<sqlMap namespace="ledger">
	<!-- ADDED BY CVG -->
	<update id="updateLedgerForCN">
		UPDATE subledger
		set $Account$ = (case c_GLCode when #C_REFERENCE# then
		$Account$ + #value# else $Account$ end)
		<!-- n_credit = (case c_GLCode when #C_REFERENCE# then n_credit + #n_credit# 
			else n_credit end) -->
		WHERE n_TransactionNo = #N_TRANSACTIONNO#

		<!-- or n_credit = (case c_GLCode when #C_REFERENCE# then n_credit + #value# 
			else n_credit end) -->
	</update>

	<select id="countSubledgerGLCode" resultClass="java.lang.Integer">
		SELECT count(*)
		FROM subledger where n_TransactionNo = #N_TRANSACTIONNO# and
		c_GLCode =
		#C_REFERENCE#
	</select>
	<!-- end -->

	<insert id="createSubHeader">
		INSERT INTO SubHeader
		(D_TransactionDate
		,C_BranchCode
		,C_ClientCode
		,C_Particular
		,C_Comments
		,N_Amount
		,C_AdjustmentCode
		,C_Type
		,C_Status
		,C_BankName
		,C_CheckNo
		,D_DepositedDate
		,N_ReferenceNo
		,C_TransactionType
		,B_Cancelled
		,D_CancelledDate
		,C_User)
		VALUES
		(#D_TRANSACTIONDATE#
		,#C_BRANCHCODE#
		,#C_CLNTCODE#
		,#C_Particular#
		,#C_Comments#
		,#N_Amount#
		,#C_AdjustmentCode#
		,#C_Type#
		,#C_Status#
		,#C_BankName#
		,#C_CheckNo#
		,#D_DepositedDate#
		,#N_REFNO#
		,#C_TransactionType#
		,#B_Cancelled#
		,#D_CancelledDate#
		,#C_USERID#)

		<selectKey resultClass="java.lang.Long" keyProperty="id">
			SELECT
			@@identity AS id
		</selectKey>
	</insert>

	<update id="updateParticulars">
		UPDATE subheader SET c_particular=#C_PARTICULAR#
		WHERE n_transactionno = #N_TRANSACTIONNO#
	</update>

	<insert id="addLedger" parameterClass="java.util.HashMap">
		INSERT INTO SubLedger
		(D_TransactionDate
		,N_TransactionNo
		,C_AccountName
		,C_GLCode
		,$Account$
		,N_CostCenter
		,N_CODE
		,N_RefNo
		,N_RecBalance
		,C_User
		)
		VALUES
		(#D_TRANSACTIONDATE#
		,#N_TRANSACTIONNO#
		,#C_ACCOUNTNAME#
		,#C_REFERENCE#
		,#value#
		,#N_CostCenter#
		,#N_CODE#
		,#N_RefNo#
		,#N_RecBalance#
		,#C_USERID#
		)
	</insert>
	<!--before: getdate() -->
	<select id="getDetails" resultClass="java.util.HashMap">
		SELECT *,(SELECT TOP 1
		N_RATE FROM PENALTYRATE ORDER BY D_TRANSACTIONDATE DESC) AS PENRATE
		from (select
		(IsNull(dbo.getBLR(c_clntcode,(select [currentdate] FROM
		[factorsGetDate])),0)*100)+ISNULL(N_DCR,0) as DC
		,CONVERT(VARCHAR(20),c_clntcode)+' '+CASE WHEN len(replace(c_name,'
		',''))>=16 THEN substring(replace(c_name,'
		',''),1,10)+'..'+substring(replace(c_name,' ',''),len(replace(c_name,'
		',''))-4,5) ELSE c_name END +'-'
		+CAST(CAST(N_ADVANCEDRATIO AS INT) AS
		VARCHAR(20)) +'%/'
		+CONVERT(VARCHAR(20),CAST(100-N_ADVANCEDRATIO AS
		INT)) +'%/'
		+CONVERT(VARCHAR(20),N_SCR)+'%/'
		+CONVERT(VARCHAR(20),(IsNull(dbo.getBLR(c_clntcode,(select
		[currentdate] FROM [factorsGetDate])),0))+ISNULL(N_DCR,0))+'%' AS
		CLIENTDETAIL
		,N_SCR
		,C_ACCTOFFICERCODE AS AO
		,c_clntcode
		,substring(c_name,1,10) as s
		FROM dbcif..client
		WHERE
		c_clntcode=#C_CLNTCODE#
		)ea
	</select>

	<!--before: getdate() -->
	<update id="cancelSubHeaderEntry">
		UPDATE subHeader set b_cancelled=1, d_cancelledDate
		=CONVERT(VARCHAR(10), (select [currentdate] FROM [factorsGetDate]),
		120) where N_REFERENCENO = #N_REFNO# AND C_TRANSACTIONTYPE =
		#C_TRANSACTIONTYPE#
	</update>

	<select id="countSubheader" resultClass="java.lang.String">
		SELECT count(*) FROM subheader WHERE (B_CANCELLED IS NULL OR
		B_CANCELLED=0 )
		AND D_CANCELLEDDATE IS NULL
		<isNotEmpty property="Month">
			AND month(D_TRANSACTIONDATE)=#Month#
			AND year(D_TRANSACTIONDATE)=#Year#
		</isNotEmpty>

		<isEmpty property="Month">
			AND month(D_TRANSACTIONDATE)=(select month([currentdate]) FROM
			[factorsGetDate]) <!-- before: month(getdate()) -->
			AND year(D_TRANSACTIONDATE)=(select year([currentdate]) FROM
			[factorsGetDate]) <!--before: year(getdate()) -->
		</isEmpty>
		AND (c_transactiontype = #TRANSACTION#
		<isNotEmpty property="TRANSACTION2" prepend="OR">
			c_transactiontype = #TRANSACTION2#
		</isNotEmpty>
		<isNotEmpty property="TRANSACTION3" prepend="OR">
			c_transactiontype = #TRANSACTION3#
		</isNotEmpty>
		)
	</select>

	<select id="getSubHeader" resultClass="java.util.HashMap">
		SELECT * from
		(SELECT
		N_TRANSACTIONNO
		,CONVERT(nvarchar,D_TRANSACTIONDATE,101) AS D_TRANSACTIONDATE
		,C_PARTICULAR
		,C_CLIENTCODE
		,N_AMOUNT
		<isNotEmpty property="sidx" prepend=",">
			rn=(row_number()
			over(order by $sidx$ $sord$))
		</isNotEmpty>
		<isEmpty property="sidx" prepend=",">
			rn=(row_number() over(order
			by D_TRANSACTIONDATE asc))
		</isEmpty>

		FROM subheader WHERE (B_CANCELLED IS NULL OR B_CANCELLED=0 )
		AND
		D_CANCELLEDDATE IS NULL
		<isNotEmpty property="Month">
			AND month(D_TRANSACTIONDATE)=#Month#
			AND year(D_TRANSACTIONDATE)=#Year#
		</isNotEmpty>

		<isEmpty property="Month">
			AND month(D_TRANSACTIONDATE)=(select month([currentdate]) FROM
			[factorsGetDate]) <!-- before: month(getdate()) -->
			AND year(D_TRANSACTIONDATE)=(select year([currentdate]) FROM
			[factorsGetDate]) <!--before: year(getdate()) -->
		</isEmpty>
		AND (c_transactiontype = #TRANSACTION#
		<isNotEmpty property="TRANSACTION2" prepend="OR">
			c_transactiontype = #TRANSACTION2#
		</isNotEmpty>
		<isNotEmpty property="TRANSACTION3" prepend="OR">
			c_transactiontype = #TRANSACTION3#
		</isNotEmpty>
		)
		)q1
		WHERE
		rn BETWEEN #start# and #end#

	</select>

	<select id="getInfoByTransactionNo" resultClass="java.util.HashMap">
		<!-- SELECT N_TRANSACTIONNO,D_TRANSACTIONDATE,N_TRANSACTIONNO,C_PARTICULAR,C_COMMENTS 
			FROM subheader WHERE N_TRANSACTIONNO=#N_TRANSACTIONNO# -->
		SELECT N_TRANSACTIONNO
		,CONVERT(nvarchar,D_TRANSACTIONDATE,101) AS
		D_TRANSACTIONDATE
		,N_TRANSACTIONNO
		,C_PARTICULAR
		,ISNULL(C_COMMENTS,'')
		,n_debit=(select sum(n_debit) from subledger where
		n_transactionno=#N_TRANSACTIONNO#)
		,n_credit=(select sum(n_credit) from
		subledger where n_transactionno=#N_TRANSACTIONNO#)
		,detail1=(select
		sum(n_debit) from subledger where c_glcode=#detail1# and
		n_transactionno=#N_TRANSACTIONNO#)
		,detail2=(select sum(n_credit) from
		subledger where c_glcode=#detail2# and
		n_transactionno=#N_TRANSACTIONNO#)
		,C_BANKNAME
		,C_CHECKNO
		FROM subheader
		WHERE N_TRANSACTIONNO=#N_TRANSACTIONNO#
	</select>

	<select id="countSubLedger" resultClass="java.lang.String">
		SELECT count(*) FROM
		subledger WHERE N_TRANSACTIONNO=#N_TRANSACTIONNO#
	</select>

	<select id="getSubLedger" resultClass="java.util.HashMap">
		SELECT C_GLCODE,C_ACCOUNTNAME,ISNULL(N_DEBIT,0) AS
		N_DEBIT,ISNULL(N_CREDIT,0) AS N_CREDIT,N_COSTCENTER,ROW_NUMBER()
		OVER(ORDER BY N_CREDIT,N_DEBIT ASC) AS rn FROM subledger WHERE
		N_TRANSACTIONNO=#N_TRANSACTIONNO#
		<!--select C_GLCODE, C_ACCOUNTNAME,sum(ISNULL(N_DEBIT,0)) AS N_DEBIT, sum(ISNULL(N_CREDIT,0)) 
			as N_CREDIT, N_COSTCENTER FROM subledger WHERE N_TRANSACTIONNO=#N_TRANSACTIONNO# 
			group by C_ACCOUNTNAME, n_costcenter,C_GLCODE ORDER BY N_credit,n_debit ASC 
			//get total of factor receivable CVG 05/27/16 -->
	</select>

	<select id="getParticular" resultClass="java.lang.String">
		SELECT c_particular FROM
		subheader WHERE N_TRANSACTIONNO=#N_TRANSACTIONNO#
	</select>

	<update id="updateForCN">
		UPDATE subledger set n_refno=null, n_recbalance=null
		where n_refno=#N_REFNO# and N_TRANSACTIONNO=#N_TRANSACTIONNO#
	</update>

	<select id="getCreditNotes" resultClass="java.util.HashMap">
		SELECT n_invno,n_amount
		FROM creditnote cn INNER JOIN invoice inv ON
		cn.c_invoiceno=inv.c_invoiceno AND cn.c_clntcode=inv.c_clntcode AND
		cn.c_custcode=inv.c_custcode WHERE c_receiptno = #n_RefNo#
	</select>

	<select id="getReceipsDtl" resultClass="java.util.HashMap">
		SELECT
		n_invno,n_receiptamt FROM receiptsdtl WHERE n_refno=#n_RefNo#
	</select>

	<select id="getCollectionRefHeader" resultClass="java.util.HashMap">
		SELECT
		*,c_particular AS particular from subheader sh INNER JOIN receiptshdr
		rh ON rh.n_refno=sh.n_referenceno WHERE rh.n_refno=#n_RefNo#
	</select>

	<update id="editEntry">
		WITH [subLedgerTable] AS
		(SELECT
		n_transactionno,C_GLCODE,C_ACCOUNTNAME,N_DEBIT,N_CREDIT,N_COSTCENTER,ROW_NUMBER()
		OVER(ORDER BY N_CREDIT,N_DEBIT ASC) AS rn FROM subledger WHERE
		N_TRANSACTIONNO=#N_TRANSACTIONNO#)
		UPDATE [subLedgerTable] set
		$NBALANCE$=#BALANCE#, N_COSTCENTER=#N_COSTCENTER# where c_glcode =
		#C_GLCODE# AND n_transactionno = #N_TRANSACTIONNO# AND
		$NBALANCE$=#OLDBALANCE# AND rn=#rn#
	</update>

	<delete id="deleteEntry">
		WITH [subLedgerTable] AS
		(SELECT
		n_transactionno,C_GLCODE,C_ACCOUNTNAME,N_DEBIT,N_CREDIT,N_COSTCENTER,ROW_NUMBER()
		OVER(ORDER BY N_CREDIT,N_DEBIT ASC) AS rn FROM subledger WHERE
		N_TRANSACTIONNO=#N_TRANSACTIONNO#)
		DELETE FROM [subLedgerTable] where
		c_glcode = #C_GLCODE# AND n_transactionno = #N_TRANSACTIONNO# AND
		$NBALANCE$=#BALANCE# AND rn=#rn#
	</delete>

	<update id="addManualheader">
		INSERT INTO subheader
		(D_TRANSACTIONDATE,
		C_BRANCHCODE,
		C_CLIENTCODE,
		C_PARTICULAR,
		N_AMOUNT,
		C_TYPE,
		C_TRANSACTIONTYPE,
		C_USER)
		values(#D_TRANSACTIONDATE#,
		#C_BRANCHCODE#,
		#C_CLIENTCODE#,
		#C_PARTICULAR#,
		#N_AMOUNT#,
		'A',
		'NA',
		#C_USERID#)
	</update>

	<update id="updateHeader">
		UPDATE subheader set
		<isNotEmpty property="C_PARTICULAR">
			C_PARTICULAR=#C_PARTICULAR# ,
			N_AMOUNT=#N_AMOUNT#
		</isNotEmpty>
		<isNotEmpty property="C_BANKNAME">
			C_BANKNAME=#C_BANKNAME#,C_CHECKNO=#C_CHECKNO#
		</isNotEmpty>
		WHERE n_transactionno = #N_TRANSACTIONNO#
	</update>

	<delete id="deleteHeader">
		DELETE FROM subledger WHERE
		n_transactionno=#N_TRANSACTIONNO#;
		DELETE FROM subheader WHERE
		n_transactionno=#N_TRANSACTIONNO#
	</delete>

</sqlMap>