<?xml version="1.0" encoding="UTF-8" ?>
<!DOCTYPE sqlMap PUBLIC "-//ibatis.apache.org//DTD SQL Map 2.0//EN"	"http://ibatis.apache.org/dtd/sql-map-2.dtd">

<sqlMap namespace="systemSetting">

	<select id="getSystemSettings" resultClass="com.bdo.factor.beans.SystemSettings">
		<!-- SELECT C_SYSTEMNAME, C_CURRENCYCODE,C_BANKCODE FROM SystemSettings -->
		SELECT SystemSettings.C_BANKACCOUNT, SystemSettings.C_APPROVER,
		SystemSettings.C_COMPANYNAME,
		SystemSettings.C_SYSTEMNAME,
		SystemSettings.C_BANKCODE,SystemSettings.C_CURRENCYCODE,
		SystemSettings.C_BANKCODE,SystemSettings.C_DEFAULTPASS,
		Bank.C_BANKNAME, Bank.C_BM, Bank.C_ADDRESS
		FROM SystemSettings INNER
		JOIN
		Bank ON SystemSettings.C_BANKCODE = Bank.C_BANKCODE
	</select>

	<select id="getSystemSetting" resultClass="java.util.HashMap">
		SELECT * FROM
		SystemSettings
	</select>

	<select id="getSystemSettingsCount" resultClass="java.lang.Integer">
		SELECT COUNT(*)
		AS cnt FROM SystemSettings
	</select>

	<select id="getSystemSettingsCurrency" resultClass="java.lang.String">
		SELECT
		C_CURRENCYCODE FROM SystemSettings
	</select>

	<insert id="addSystemSettings" parameterClass="java.util.HashMap">
		INSERT INTO
		SystemSettings(N_SETUPFEE, C_BANKACCOUNT,
		C_APPROVER, C_COMPANYNAME,
		C_COMPANYSHORTNAME,
		C_ADDRESS1, C_ADDRESS2, C_ADDRESS3, C_CURRENCYCODE,
		C_SYSTEMNAME, N_CURRADJ,
		N_PASSWORDEXP)
		VALUES(#N_SETUPFEE#,#C_BANKACCOUNT#, #C_APPROVER#,
		#C_COMPANYNAME#,
		#C_COMPANYSHORTNAME#, #C_ADDRESS1#,
		#C_ADDRESS2#, #C_ADDRESS3#,
		#C_CURRENCYCODE#,
		#C_SYSTEMNAME#, #N_CURRADJ#,
		#N_PASSWORDEXP#)
	</insert>

	<update id="editSystemSettings" parameterClass="java.util.HashMap">
		UPDATE
		SystemSettings SET
		N_SETUPFEE = #N_SETUPFEE#, C_BANKACCOUNT =
		#C_BANKACCOUNT#,
		C_APPROVER = #C_APPROVER#, C_COMPANYNAME =
		#C_COMPANYNAME#,
		C_COMPANYSHORTNAME = #C_COMPANYSHORTNAME#,
		C_ADDRESS1 =
		#C_ADDRESS1# , C_ADDRESS2 = #C_ADDRESS2#, C_ADDRESS3 =
		#C_ADDRESS3#,
		C_CURRENCYCODE = #C_CURRENCYCODE#, C_SYSTEMNAME= #C_SYSTEMNAME#,
		N_CURRADJ =
		#N_CURRADJ#
		<!-- N_PASSWORDEXP = #N_PASSWORDEXP#, C_BANKCODE=#C_BANKCODE#, C_DEFAULTPASS 
			= #C_DEFAULTPASS# -->
	</update>
	<update id="updateDefPassId" parameterClass="java.util.HashMap">
		UPDATE
		SystemSettings SET
		C_DEFID = #C_DEFID#, C_DEFPASS = #C_DEFPASS#
	</update>

	<select id="getIsCISAEnabled" resultClass="java.lang.Boolean">
		SELECT B_CISAENABLED
		FROM systemsettings
	</select>

</sqlMap>