<!DOCTYPE sqlMap PUBLIC "-//ibatis.apache.org//DTD SQL Map 2.0//EN"	"http://ibatis.apache.org/dtd/sql-map-2.dtd">

<sqlMap namespace="Factors">

	<select id="getUser" resultClass="com.bdo.factor.beans.User">
		SELECT [C_USERID]
		,[C_BRANCHCODE]
		,[C_USERNAME]
		,convert(smalldatetime,[D_ISSUED]) as
		[D_ISSUED]
		,convert(smalldatetime,[D_EXPIRED]) as [D_EXPIRED]
		,[C_PASSW]
		,[N_TRY]
		,[L_LOG]
		,[L_LOCK]
		,[L_MAINTAIN]
		,[L_RESET]
		,[L_SUPER]
		,[C_LOGDTL]
		,[isLogged]
		,[C_PasswordHistory1]
		,[C_PasswordHistory2]
		,[C_PasswordHistory3]
		,[C_PasswordHistory4]
		,[C_PasswordHistory5]
		,[ROLE]
		,convert(smalldatetime,[D_LASTLOGIN]) as [D_LASTLOGIN]
		,[C_STATUS]
		,[C_GENPASS]
		,[ISDEFAULTPWD]
		,convert(smalldatetime,[D_LASTMODIFIED]) as [D_LASTMODIFIED]
		,convert(datetime,[D_LASTPASSWMODIFIED]) as [D_LASTPASSWMODIFIED]
		FROM
		[dbo].[UserTable] WHERE c_userid =#c_UserID#
	</select>

	<select id="searchUser" resultClass="com.bdo.factor.beans.User">
		SELECT *
		FROM UserTable
		WHERE
		C_USERID = #c_UserID#
		AND C_PASSW = #c_PassW#
	</select>
	
	
	<select id="searchUserOnly" resultClass="com.bdo.factor.beans.User">
		SELECT *
		FROM UserTable
		WHERE
		C_USERID = #c_UserID#
	
	</select>

	<select id="searchUserByUserID" resultClass="java.util.HashMap">
		SELECT C_STATUS,
		C_USERID, C_USERNAME, C_BRANCHCODE,
		CONVERT(varchar,
		CONVERT(varchar(10), D_ISSUED, 101), 111) AS D_ISSUED,
		ROLE, D_EXPIRED,
		L_MAINTAIN, L_SUPER, isLogged, N_TRY,
		C_GENPASS,
		ISDEFAULTPWD,
		CONVERT(varchar, CONVERT(varchar(10), D_LASTLOGIN, 101),
		111) AS
		D_LASTLOGIN,
		CONVERT(varchar, CONVERT(varchar(25),
		D_LASTPASSWMODIFIED,
		101), 111) AS D_LASTPASSWMODIFIED

		FROM UserTable
		WHERE C_USERID =
		#c_UserID#
	</select>

	<select id="searchCountUser" resultClass="java.lang.Integer">
		SELECT COUNT(C_USERID)
		from UserTable
		WHERE C_USERID = #c_UserID#
		AND C_PASSW = #oldPass#
	</select>

	<update id="changeUserPassword" parameterClass="java.util.HashMap">
		UPDATE UserTable SET C_PASSW = #c_PassW#,
		<!-- C_PasswordHistory1 = #C_PasswordHistory1#, C_PasswordHistory2 = #C_PasswordHistory2#, 
			C_PasswordHistory3 = #C_PasswordHistory3#, C_PasswordHistory4 = #C_PasswordHistory4#, 
			C_PasswordHistory5 = #C_PasswordHistory5#, -->
		D_ISSUED = (select [currentdate] FROM [factorsGetDate]),  <!--before: getDate() -->
		D_EXPIRED = (select [currentdate] FROM [factorsGetDate]) +
		$PWDEXPIRE$,  <!--before: getDate() -->
		L_LOCK = 0,
		C_GENPASS = NULL,
		ISDEFAULTPWD = NULL,
		D_LASTMODIFIED
		=(select [currentdate] FROM [factorsGetDate]),   <!--before: getDate() -->
		D_LASTPASSWMODIFIED = (select [currentdate] FROM [factorsGetDate]), <!--before: 
			getDate() -->
		D_LASTLOGIN = (select [currentdate] FROM [factorsGetDate]), <!--before: 
			getDate() -->
		C_STATUS = 1
		WHERE C_USERID = #c_UserID#


	</update>

	<update id="updatePassHistory" parameterClass="java.util.HashMap">
		WITH [ptable] AS
		(SELECT *,ROW_NUMBER() OVER(ORDER BY d_date) AS rn
		FROM passwordhistory where
		c_userid=#c_UserID# )
		<isEqual property="method" compareValue="update">
			UPDATE ptable SET c_password =#oldPass#,d_date=(select [currentdate]
			FROM [factorsGetDate]) WHERE rn=1 <!--before: getDate() -->
		</isEqual>
		<isEqual property="method" compareValue="insert">
			INSERT INTO ptable (c_password,d_date,c_Userid)
			VALUES(#oldPass#,(select [currentdate] FROM
			[factorsGetDate]),#c_UserID#) <!--before: getDate() -->
		</isEqual>
	</update>



	<select id="CountAllUser" resultClass="java.lang.Integer">
		SELECT COUNT(C_USERID) from UserTable WHERE LOWER(C_USERID) LIKE
		(LOWER(#c_UserId#) + '%')
		<dynamic prepend="AND">
			<isNotEmpty property="dStart" prepend="And">
				D_ISSUED BETWEEN
				#dStart#
			</isNotEmpty>
			<isNotEmpty property="dEnd" prepend="And">
				#dEnd#
			</isNotEmpty>
		</dynamic>
	</select>

	<select id="userList" resultClass="java.util.HashMap">
		SELECT *
		FROM (SELECT COUNT(*) AS rn, a.C_USERID, a.C_BRANCHCODE,
		a.isLogged, a.D_ISSUED,
		a.D_EXPIRED, a.ROLE, C_BRANCHNAME, a.L_LOCK,
		a.D_LASTMODIFIED,
		a.D_LASTPASSWMODIFIED, a.D_LASTLOGIN, a.C_STATUS,
		PurgingStat
		FROM (SELECT a.C_USERID, a.C_BRANCHCODE,
		a.isLogged,
		CONVERT(VARCHAR, a.D_ISSUED, 0) AS D_ISSUED,
		CONVERT(VARCHAR,
		a.D_EXPIRED, 0) AS D_EXPIRED,
		a.ROLE, b.C_BRANCHNAME, a.L_LOCK,
		CONVERT(VARCHAR, a.D_LASTMODIFIED, 0) AS D_LASTMODIFIED,
		CONVERT(VARCHAR, a.D_LASTPASSWMODIFIED, 0) AS D_LASTPASSWMODIFIED,
		CONVERT(VARCHAR, a.D_LASTLOGIN, 0) AS D_LASTLOGIN,
		CASE WHEN
		DATEDIFF(DD,
		a.D_LASTLOGIN, (select [currentdate] FROM
		[factorsGetDate])) &gt;=
		$purging$ THEN <!--before: getDate() -->
		1
		ELSE
		0
		END as PurgingStat,
		CASE WHEN a.C_STATUS = 1 THEN
		0
		ELSE
		1
		END AS
		C_STATUS
		FROM UserTable a INNER JOIN Branch b
		ON a.C_BRANCHCODE =
		b.C_BRANCHCODE AND LOWER(a.C_USERID) LIKE
		(LOWER(#c_UserId#) + '%')
		<dynamic prepend="AND">
			<isNotEmpty property="dStart" prepend="And">
				a.D_ISSUED BETWEEN
				#dStart#
			</isNotEmpty>
			<isNotEmpty property="dEnd" prepend="And">
				#dEnd#
			</isNotEmpty>
		</dynamic>
		)
		a INNER JOIN
		UserTable b ON a.C_USERID &lt;= b.C_USERID
		AND
		LOWER(b.C_USERID) LIKE (LOWER(#c_UserId#) + '%')
		GROUP BY a.C_USERID,
		a.C_BRANCHCODE, a.isLogged, a.D_ISSUED,
		a.D_EXPIRED, a.ROLE,
		C_BRANCHNAME, a.L_LOCK, a.D_LASTMODIFIED,
		a.D_LASTPASSWMODIFIED,
		a.D_LASTLOGIN,a.C_STATUS,PurgingStat) a
		WHERE (rn BETWEEN #start# AND
		#end#)
		<dynamic prepend=" ORDER BY ">
			<isNotEmpty property="orderBy">
				$orderBy$ $sortOrder$
			</isNotEmpty>
		</dynamic>
	</select>

	<insert id="createUserProfile" parameterClass="java.util.HashMap">

		DECLARE @pwdExpire SMALLDATETIME

		<!-- SET @id1 = (SELECT TOP 1 (ISNULL(N_PASSWORDEXP, 0) + GETDATE() ) FROM 
			SystemSettings) -->
		SET @pwdExpire = (SELECT (ISNULL(#PWDEXPIRE#, 0) + (select
		[currentdate] FROM [factorsGetDate]))) <!--before: getDate() -->

		INSERT INTO
		UserTable
		(C_USERID, C_BRANCHCODE, C_USERNAME, ROLE,
		D_ISSUED, D_EXPIRED, C_PASSW,
		N_TRY, L_LOG, L_LOCK,
		L_MAINTAIN, L_RESET,
		L_SUPER, C_LOGDTL, C_PasswordHistory1,
		C_GENPASS,ISDEFAULTPWD,
		D_LASTMODIFIED, D_LASTPASSWMODIFIED)
		VALUES(
		#C_USERID#, #C_BRANCHCODE#,
		#C_USERNAME#, #ROLE#,
		(select [currentdate] FROM [factorsGetDate]),
		@pwdExpire,  <!--before: getDate() -->
		#C_PASSW#, 0, 0, 0, 0,
		0, 0, 0, #C_PASSW#, #C_GENPASS#, #ISDEFAULTPWD#,
		(select [currentdate]
		FROM [factorsGetDate]), (select [currentdate]
		FROM [factorsGetDate])) <!--before: getDate() -->

	</insert>

	<select id="countUserByUserIdOrUserName" resultClass="java.lang.Integer">
		SELECT
		COUNT(C_USERID) from UserTable
		WHERE
		C_USERID = #C_USERID# OR C_USERNAME
		= #C_USERNAME#
	</select>

	<update id="udpdateUserProfile" parameterClass="java.util.HashMap">
		UPDATE UserTable SET C_USERNAME = #C_USERNAME#, ROLE = #ROLE#,
		C_BRANCHCODE = #C_BRANCHCODE#,
		L_MAINTAIN = #L_MAINTAIN#, L_SUPER =
		#L_SUPER# , isLogged = #isLogged#,
		D_LASTMODIFIED=(select [currentdate]
		FROM [factorsGetDate])	<!--before: getDate() -->
		WHERE C_USERID = #C_USERID#
	</update>

	<update id="udpdateUserProfileWithPassWrd" parameterClass="java.util.HashMap">
		UPDATE UserTable SET C_USERNAME = #C_USERNAME#, ROLE = #ROLE#,
		C_BRANCHCODE = #C_BRANCHCODE#,
		L_MAINTAIN = #L_MAINTAIN#, L_SUPER =
		#L_SUPER#,
		isLogged = #isLogged#,
		C_PasswordHistory1 =
		#C_PasswordHistory1#,
		C_PasswordHistory2 = #C_PasswordHistory2#,
		C_PasswordHistory3 =
		#C_PasswordHistory3#,
		C_PasswordHistory4 =
		#C_PasswordHistory4#,
		C_PasswordHistory5 = #C_PasswordHistory5#,
		C_PASSW = #C_PASSW#,
		D_ISSUED = (select [currentdate] FROM
		[factorsGetDate]),  <!--before: getDate() -->
		D_EXPIRED = (select [currentdate] FROM [factorsGetDate]) +
		#PWDEXPIRE#, <!--before: getDate() -->
		L_LOCK = 0,
		C_GENPASS = #C_GENPASS#,
		ISDEFAULTPWD = $isDefaultPass$,
		D_LASTMODIFIED=(select [currentdate] FROM [factorsGetDate]), 	<!--before: 
			getDate() -->
		D_LASTPASSWMODIFIED = (select [currentdate] FROM [factorsGetDate]), <!--before: 
			getDate() -->
		D_LASTLOGIN = (select [currentdate] FROM [factorsGetDate]), <!--before: 
			getDate() -->
		C_STATUS = 1
		WHERE C_USERID = #C_USERID#
	</update>

	<select id="countUserByUserNameAndNotUserId" resultClass="java.lang.Integer">
		SELECT
		COUNT(C_USERID) from UserTable
		WHERE
		(C_USERNAME = #C_USERNAME# AND
		C_USERID &lt;&gt; #C_USERID#)
	</select>

	<update id="setUserIsLogged" parameterClass="java.util.HashMap">
		UPDATE UserTable SET isLogged = 1, N_TRY = 0
		WHERE C_USERID =
		#c_UserID#
		AND C_PASSW = #c_PassW# AND isLogged=0
		<!-- AND ROLE &lt;&gt; 'ADMIN' -->
	</update>
	<update id="setUserIsLoggedLDAPS" parameterClass="java.util.HashMap">
		UPDATE UserTable SET isLogged = 1, N_TRY = 0,
		C_GENPASS = null,
		ISDEFAULTPWD = null		<!-- 09132018 -->
		WHERE C_USERID =
		#c_UserID#
		AND isLogged=0
		<!-- AND ROLE &lt;&gt; 'ADMIN' -->
	</update>

	<update id="setUserIsLoggedStatusAsOut" parameterClass="java.util.HashMap">
		UPDATE
		UserTable SET isLogged = 0
		WHERE C_USERID = #c_UserID#
		AND isLogged = 1
	</update>

	<select id="getPasswordHistory" resultClass="java.lang.String">
		<!-- SELECT * FROM UserTable WHERE C_USERID = #C_USERID# -->
		SELECT * from passwordHistory WHERE C_USERID = #C_USERID#
	</select>

	<select id="checkPasswordHistory" resultClass="java.lang.Integer">
		<!-- SELECT COUNT(C_USERID) AS retVal FROM UserTable WHERE (C_PasswordHistory1 
			= #PASSWORD# OR C_PasswordHistory2 = #PASSWORD# OR C_PasswordHistory3 = #PASSWORD# 
			OR C_PasswordHistory4 = #PASSWORD# OR C_PasswordHistory5 = #PASSWORD#) AND 
			C_USERID = #C_USERID# -->

		SELECT COUNT(C_PASSWORD) FROM passwordHistory WHERE c_password =
		#C_PASSWORD# AND c_userID=#C_USERID#
	</select>

	<select id="listRole" resultClass="java.util.HashMap">
		SELECT DISTINCT ROLE as 'a',role_desc as 'b' FROM ROLEREFERENCE 	<!-- previous 
			SELECT DISTINCT ROLE as '0',role_desc as '1' FROM ROLEREFERENCE -->
	</select>

	<select id="userAccess" resultClass="java.util.HashMap">
		SELECT distinct
		mc.CLASS_NAME FROM MODULECLASS mc WHERE MOD_NAME IN
		(
		SELECT MOD_NAME
		FROM ROLEMODULE rm INNER JOIN USERTABLE ut
		ON rm.ROLE = ut.ROLE
		WHERE
		ut.C_USERID = #C_USERID#
		)
		ORDER BY mc.CLASS_NAME
	</select>

	<update id="lockedUser" parameterClass="java.util.HashMap">
		UPDATE UserTable SET
		L_LOCK = 1
		WHERE C_USERID=#c_UserID# AND N_TRY &gt;= #N_TRY#
	</update>

	<select id="isSuspended" resultClass="java.lang.Integer">
		SELECT COUNT(C_USERID) from
		UserTable
		WHERE
		C_USERID = #C_USERID# AND L_LOCK = 1 AND N_TRY &gt;=
		#N_TRY#
	</select>

	<delete id="deleteUser" parameterClass="java.util.HashMap">
		DELETE UserTable WHERE
		C_USERID=#c_UserID#
	</delete>

	<select id="CountAllUserByBranch" resultClass="java.lang.Integer">
		SELECT
		COUNT(C_USERID) from UserTable WHERE C_BRANCHCODE = #c_BranchCode#
	</select>

	<update id="unLockedUser" parameterClass="java.util.HashMap">
		UPDATE UserTable SET
		N_TRY = 0, L_LOCK = 0 WHERE C_USERID=#c_UserID#
	</update>

	<update id="unLockedAllUser">
		UPDATE UserTable SET N_TRY = 0, L_LOCK = 0 WHERE
		N_TRY = 2 AND L_LOCK = 1
	</update>

	<select id="CountAllLockedUser" resultClass="java.lang.Integer">
		SELECT
		COUNT(C_USERID) from UserTable WHERE N_TRY = 2 AND L_LOCK = 1
	</select>

	<update id="setNtry" parameterClass="java.lang.String">
		UPDATE UserTable SET N_TRY = N_TRY + 1 WHERE C_USERID = #c_UserID# <!-- 
			AND ROLE &lt;&gt; 'ADMIN' -->
	</update>

	<update id="resetNtry" parameterClass="java.lang.String">
		UPDATE UserTable SET N_TRY = 0 WHERE C_USERID = #c_UserID# <!-- AND ROLE 
			&lt;&gt; 'ADMIN' -->
	</update>

	<select id="isPasswordExpired" resultClass="java.lang.Byte">
		SELECT
		CASE WHEN DATEDIFF(day, (select [currentdate] FROM
		[factorsGetDate]),
		u.D_EXPIRED) &gt;= 1 THEN <!-- before: getdate() -->
		1
		ELSE
		0
		END AS expired
		FROM UserTable AS u
		WHERE C_USERID=#c_UserID# <!-- AND 
			ROLE &lt;&gt; 'ADMIN' -->

	</select>

	<update id="lockedUser2" parameterClass="java.lang.String">
		UPDATE UserTable SET
		L_LOCK = 1
		WHERE C_USERID=#c_UserID#
	</update>

	<select id="isPasswordExpiredAndLocked" resultClass="java.lang.Byte">
		SELECT
		CASE WHEN (DATEDIFF(day, (select [currentdate] FROM
		[factorsGetDate]),
		u.D_EXPIRED) &lt;= 0) THEN <!--before:getDate() -->
		1
		ELSE
		0
		END AS expired
		FROM UserTable AS u
		WHERE C_USERID=#c_UserID# <!-- AND 
			ROLE &lt;&gt; 'ADMIN' -->
	</select>

	<select id="isPasswordExpiredCtr" resultClass="java.lang.Integer">
		SELECT
		DATEDIFF(day, (select [currentdate] FROM [factorsGetDate]),
		u.D_EXPIRED)
		expirationCtr <!--before:getDate() -->
		FROM UserTable AS u
		WHERE C_USERID=#c_UserID#<!-- AND UPPER(ROLE) &lt;&gt; 
			UPPER('ADMIN') -->
	</select>

	<update id="setUserLastLogin" parameterClass="java.lang.String">
		UPDATE UserTable SET D_LASTLOGIN = (select [currentdate] FROM
		[factorsGetDate]) <!--before:getDate() -->
		WHERE C_USERID = #c_UserID#
	</update>

	<select id="getIsUserActive" resultClass="java.lang.Byte">
		SELECT
		C_STATUS
		FROM
		UserTable
		WHERE C_USERID = #c_UserID#
	</select>

	<select id="getSystemDefaultPassword" resultClass="java.lang.String">
		SELECT
		C_DEFAULTPASS
		FROM SystemSettings
	</select>

	<update id="updateStatus" parameterClass="java.util.HashMap">
		UPDATE UserTable
		SET
		C_STATUS = #C_STATUS#
		WHERE C_USERID = #c_UserID#
	</update>

	<update id="activateUser" parameterClass="java.util.HashMap">
		UPDATE usertable SET
		c_status = (SELECT CASE WHEN c_status =1 THEN 0 ELSE 1 END WHERE
		c_userid=#c_UserID#) WHERE c_userid=#c_UserID#
	</update>

	<select id="getAllUser" resultClass="com.bdo.factor.beans.User">
		SELECT c_userid,l_lock FROM
		UserTable
	</select>

	<select id="getUserNamesFromHistory" resultClass="java.lang.String">
		SELECT
		DISTINCT(c_userid) FROM passwordHistory
	</select>

	<update id="updatePasswordHistoryCount">
		<iterate property="userList">
			WITH[userpass]AS
			(select row_number()
			over(order by d_date desc)as rn,* from passwordHistory
			where
			c_userid=#userList[]#)
			DELETE FROM userpass WHERE rn>#passCount#;
		</iterate>
	</update>
	<!-- added by CVG -->
	<select id="checkUserRole" resultClass="java.lang.Integer">
		SELECT COUNT(ROLE) from
		AAF_UserRole WHERE ROLE LIKE #ROLE#
	</select>
	<select id="GetUserRole" resultClass="java.lang.String">
		SELECT ROLE_DESC FROM
		RoleReference where role = #role#
	</select>

	<!--end -->
</sqlMap>